video_id,source_folder,video_name,original_video_filename,unique_video_filename,file_size_bytes,file_size_mb,video_duration_sec,video_fps,video_resolution_wxh,video_codec,camera_model,recording_datetime,exif_filename
day_10_6_2026_GX012447_67b1f01a,day_10_6_2026,GX012447,GX012447.MP4,day_10_6_2026_GX012447_67b1f01a.MP4,338690048,323.0,30.0,100.0,1920x1080,hvc1,Global Settings,2026:05:28 03:23:55,day_10_6_2026_GX012447_67b1f01a_exif.txt
day_10_6_2026_GX012448_6d2a2797,day_10_6_2026,GX012448,GX012448.MP4,day_10_6_2026_GX012448_6d2a2797.MP4,12884901888,12288.0,1088.0,100.0,1920x1080,hvc1,Global Settings,2026:05:28 03:25:09,day_10_6_2026_GX012448_6d2a2797_exif.txt
day_10_6_2026_GX012449_1ee00ab6,day_10_6_2026,GX012449,GX012449.MP4,day_10_6_2026_GX012449_1ee00ab6.MP4,12884901888,12288.0,1088.0,100.0,1920x1080,hvc1,Global Settings,2026:05:28 05:02:39,day_10_6_2026_GX012449_1ee00ab6_exif.txt
day_10_6_2026_GX012450_68e0d707,day_10_6_2026,GX012450,GX012450.MP4,day_10_6_2026_GX012450_68e0d707.MP4,739246080,705.0,66.0,100.0,1920x1080,hvc1,Global Settings,2026:05:28 05:24:30,day_10_6_2026_GX012450_68e0d707_exif.txt
day_10_6_2026_GX012451_e0648157,day_10_6_2026,GX012451,GX012451.MP4,day_10_6_2026_GX012451_e0648157.MP4,7730941132,7372.799999237061,681.0,100.0,1920x1080,hvc1,Global Settings,2026:05:28 05:26:04,day_10_6_2026_GX012451_e0648157_exif.txt
day_10_6_2026_GX012452_5bd8629e,day_10_6_2026,GX012452,GX012452.MP4,day_10_6_2026_GX012452_5bd8629e.MP4,688914432,657.0,62.0,100.0,1920x1080,hvc1,Global Settings,2026:05:28 05:37:32,day_10_6_2026_GX012452_5bd8629e_exif.txt
day_10_6_2026_GX012453_2af3e1eb,day_10_6_2026,GX012453,GX012453.MP4,day_10_6_2026_GX012453_2af3e1eb.MP4,2469606195,2355.199999809265,220.0,100.0,1920x1080,hvc1,Global Settings,2026:05:28 05:38:42,day_10_6_2026_GX012453_2af3e1eb_exif.txt
day_10_6_2026_GX012454_290c3161,day_10_6_2026,GX012454,GX012454.MP4,day_10_6_2026_GX012454_290c3161.MP4,691011584,659.0,62.0,100.0,1920x1080,hvc1,Global Settings,2026:05:28 05:42:29,day_10_6_2026_GX012454_290c3161_exif.txt
day_10_6_2026_GX012455_9864cd93,day_10_6_2026,GX012455,GX012455.MP4,day_10_6_2026_GX012455_9864cd93.MP4,3758096384,3584.0,327.0,100.0,1920x1080,hvc1,Global Settings,2026:05:28 05:44:01,day_10_6_2026_GX012455_9864cd93_exif.txt
day_10_6_2026_GX012456_cf54b1ce,day_10_6_2026,GX012456,GX012456.MP4,day_10_6_2026_GX012456_cf54b1ce.MP4,607125504,579.0,55.0,100.0,1920x1080,hvc1,Global Settings,2026:05:28 05:49:35,day_10_6_2026_GX012456_cf54b1ce_exif.txt
day_10_6_2026_GX012457_0beb93e9,day_10_6_2026,GX012457,GX012457.MP4,day_10_6_2026_GX012457_0beb93e9.MP4,4402341478,4198.39999961853,384.0,100.0,1920x1080,hvc1,Global Settings,2026:05:28 05:50:38,day_10_6_2026_GX012457_0beb93e9_exif.txt
day_10_6_2026_GX012458_ffae7781,day_10_6_2026,GX012458,GX012458.MP4,day_10_6_2026_GX012458_ffae7781.MP4,672137216,641.0,60.0,100.0,1920x1080,hvc1,Global Settings,2026:05:28 05:58:11,day_10_6_2026_GX012458_ffae7781_exif.txt
day_10_6_2026_GX012459_7044389f,day_10_6_2026,GX012459,GX012459.MP4,day_10_6_2026_GX012459_7044389f.MP4,8912057139,8499.199999809265,785.0,100.0,1920x1080,hvc1,Global Settings,2026:05:28 05:59:17,day_10_6_2026_GX012459_7044389f_exif.txt
day_10_6_2026_GX012460_cf23e3cf,day_10_6_2026,GX012460,GX012460.MP4,day_10_6_2026_GX012460_cf23e3cf.MP4,677380096,646.0,61.0,100.0,1920x1080,hvc1,Global Settings,2026:05:28 06:12:57,day_10_6_2026_GX012460_cf23e3cf_exif.txt
day_10_6_2026_GX012461_fac21dc1,day_10_6_2026,GX012461,GX012461.MP4,day_10_6_2026_GX012461_fac21dc1.MP4,4831838208,4608.0,425.0,100.0,1920x1080,hvc1,Global Settings,2026:05:28 06:14:20,day_10_6_2026_GX012461_fac21dc1_exif.txt
day_10_6_2026_GX012462_b87aeeb5,day_10_6_2026,GX012462,GX012462.MP4,day_10_6_2026_GX012462_b87aeeb5.MP4,605028352,577.0,54.0,100.0,1920x1080,hvc1,Global Settings,2026:05:28 06:21:54,day_10_6_2026_GX012462_b87aeeb5_exif.txt
day_10_6_2026_GX012463_894add48,day_10_6_2026,GX012463,GX012463.MP4,day_10_6_2026_GX012463_894add48.MP4,8697308774,8294.39999961853,762.0,100.0,1920x1080,hvc1,Global Settings,2026:05:28 06:23:53,day_10_6_2026_GX012463_894add48_exif.txt
day_10_6_2026_GX012464_60026400,day_10_6_2026,GX012464,GX012464.MP4,day_10_6_2026_GX012464_60026400.MP4,8160437862,7782.39999961853,718.0,100.0,1920x1080,hvc1,Global Settings,2026:05:28 06:38:12,day_10_6_2026_GX012464_60026400_exif.txt
day_10_6_2026_GX012465_538ba119,day_10_6_2026,GX012465,GX012465.MP4,day_10_6_2026_GX012465_538ba119.MP4,620756992,592.0,56.0,100.0,1920x1080,hvc1,Global Settings,2026:05:28 06:52:27,day_10_6_2026_GX012465_538ba119_exif.txt
day_10_6_2026_GX012466_57c2b704,day_10_6_2026,GX012466,GX012466.MP4,day_10_6_2026_GX012466_57c2b704.MP4,3006477107,2867.199999809265,262.0,100.0,1920x1080,hvc1,Global Settings,2026:05:28 06:53:39,day_10_6_2026_GX012466_57c2b704_exif.txt
day_10_6_2026_GX012467_87330d96,day_10_6_2026,GX012467,GX012467.MP4,day_10_6_2026_GX012467_87330d96.MP4,615514112,587.0,55.0,100.0,1920x1080,hvc1,Global Settings,2026:05:28 06:59:32,day_10_6_2026_GX012467_87330d96_exif.txt
day_10_6_2026_GX012468_1b79edac,day_10_6_2026,GX012468,GX012468.MP4,day_10_6_2026_GX012468_1b79edac.MP4,3328599654,3174.3999996185303,294.0,100.0,1920x1080,hvc1,Global Settings,2026:05:28 07:03:29,day_10_6_2026_GX012468_1b79edac_exif.txt
day_10_6_2026_GX012469_0fe3a37b,day_10_6_2026,GX012469,GX012469.MP4,day_10_6_2026_GX012469_0fe3a37b.MP4,694157312,662.0,62.0,100.0,1920x1080,hvc1,Global Settings,2026:05:28 07:08:30,day_10_6_2026_GX012469_0fe3a37b_exif.txt
day_10_6_2026_GX012470_ed72e339,day_10_6_2026,GX012470,GX012470.MP4,day_10_6_2026_GX012470_ed72e339.MP4,2684354560,2560.0,236.0,100.0,1920x1080,hvc1,Global Settings,2026:05:28 07:09:41,day_10_6_2026_GX012470_ed72e339_exif.txt
day_10_6_2026_GX012471_271c7b3b,day_10_6_2026,GX012471,GX012471.MP4,day_10_6_2026_GX012471_271c7b3b.MP4,714080256,681.0,64.0,100.0,1920x1080,hvc1,Global Settings,2026:05:28 07:13:42,day_10_6_2026_GX012471_271c7b3b_exif.txt
day_10_6_2026_GX012472_de995682,day_10_6_2026,GX012472,GX012472.MP4,day_10_6_2026_GX012472_de995682.MP4,5798205849,5529.599999427795,512.0,100.0,1920x1080,hvc1,Global Settings,2026:05:28 07:17:39,day_10_6_2026_GX012472_de995682_exif.txt
day_10_6_2026_GX012473_195767bd,day_10_6_2026,GX012473,GX012473.MP4,day_10_6_2026_GX012473_195767bd.MP4,828375040,790.0,74.0,100.0,1920x1080,hvc1,Global Settings,2026:05:28 07:26:29,day_10_6_2026_GX012473_195767bd_exif.txt
day_10_6_2026_GX012474_954a2a39,day_10_6_2026,GX012474,GX012474.MP4,day_10_6_2026_GX012474_954a2a39.MP4,4187593113,3993.5999994277954,363.0,100.0,1920x1080,hvc1,Global Settings,2026:05:28 07:28:08,day_10_6_2026_GX012474_954a2a39_exif.txt
day_10_6_2026_GX012475_743d39dd,day_10_6_2026,GX012475,GX012475.MP4,day_10_6_2026_GX012475_743d39dd.MP4,1430257664,1364.0,129.0,100.0,1920x1080,hvc1,Global Settings,2026:05:28 07:36:28,day_10_6_2026_GX012475_743d39dd_exif.txt
day_10_6_2026_GX012476_6f3b94c1,day_10_6_2026,GX012476,GX012476.MP4,day_10_6_2026_GX012476_6f3b94c1.MP4,685768704,654.0,62.0,100.0,1920x1080,hvc1,Global Settings,2026:05:28 07:38:44,day_10_6_2026_GX012476_6f3b94c1_exif.txt
day_10_6_2026_GX012477_6b04ae65,day_10_6_2026,GX012477,GX012477.MP4,day_10_6_2026_GX012477_6b04ae65.MP4,614465536,586.0,55.0,100.0,1920x1080,hvc1,Global Settings,2026:05:28 07:41:37,day_10_6_2026_GX012477_6b04ae65_exif.txt
day_10_6_2026_GX012478_67fc2146,day_10_6_2026,GX012478,GX012478.MP4,day_10_6_2026_GX012478_67fc2146.MP4,546308096,521.0,49.0,100.0,1920x1080,hvc1,Global Settings,2026:05:28 07:42:48,day_10_6_2026_GX012478_67fc2146_exif.txt
day_10_6_2026_GX012479_6bcb0277,day_10_6_2026,GX012479,GX012479.MP4,day_10_6_2026_GX012479_6bcb0277.MP4,1154482176,1101.0,104.0,100.0,1920x1080,hvc1,Global Settings,2026:05:28 07:44:21,day_10_6_2026_GX012479_6bcb0277_exif.txt
day_10_6_2026_GX012480_1a31de07,day_10_6_2026,GX012480,GX012480.MP4,day_10_6_2026_GX012480_1a31de07.MP4,579862528,553.0,52.0,100.0,1920x1080,hvc1,Global Settings,2026:05:28 07:46:11,day_10_6_2026_GX012480_1a31de07_exif.txt
day_10_6_2026_GX012481_2da46b78,day_10_6_2026,GX012481,GX012481.MP4,day_10_6_2026_GX012481_2da46b78.MP4,2254857830,2150.3999996185303,201.0,100.0,1920x1080,hvc1,Global Settings,2026:05:28 07:47:10,day_10_6_2026_GX012481_2da46b78_exif.txt
day_10_6_2026_GX012482_2b35a182,day_10_6_2026,GX012482,GX012482.MP4,day_10_6_2026_GX012482_2b35a182.MP4,729808896,696.0,66.0,100.0,1920x1080,hvc1,Global Settings,2026:05:28 07:50:36,day_10_6_2026_GX012482_2b35a182_exif.txt
day_10_6_2026_GX012483_0720ac38,day_10_6_2026,GX012483,GX012483.MP4,day_10_6_2026_GX012483_0720ac38.MP4,824180736,786.0,74.0,100.0,1920x1080,hvc1,Global Settings,2026:05:28 07:51:45,day_10_6_2026_GX012483_0720ac38_exif.txt
day_10_6_2026_GX012484_221b15e5,day_10_6_2026,GX012484,GX012484.MP4,day_10_6_2026_GX012484_221b15e5.MP4,556793856,531.0,50.0,100.0,1920x1080,hvc1,Global Settings,2026:05:28 07:53:08,day_10_6_2026_GX012484_221b15e5_exif.txt
day_10_6_2026_GX012485_a501025b,day_10_6_2026,GX012485,GX012485.MP4,day_10_6_2026_GX012485_a501025b.MP4,2469606195,2355.199999809265,213.0,100.0,1920x1080,hvc1,Global Settings,2026:05:28 07:54:03,day_10_6_2026_GX012485_a501025b_exif.txt
day_10_6_2026_GX012486_82fbc868,day_10_6_2026,GX012486,GX012486.MP4,day_10_6_2026_GX012486_82fbc868.MP4,597688320,570.0,54.0,100.0,1920x1080,hvc1,Global Settings,2026:05:28 07:57:40,day_10_6_2026_GX012486_82fbc868_exif.txt
day_10_6_2026_GX012487_41691e79,day_10_6_2026,GX012487,GX012487.MP4,day_10_6_2026_GX012487_41691e79.MP4,2684354560,2560.0,236.0,100.0,1920x1080,hvc1,Global Settings,2026:05:28 07:58:42,day_10_6_2026_GX012487_41691e79_exif.txt
day_10_6_2026_GX012488_1403f613,day_10_6_2026,GX012488,GX012488.MP4,day_10_6_2026_GX012488_1403f613.MP4,679477248,648.0,61.0,100.0,1920x1080,hvc1,Global Settings,2026:05:28 08:06:13,day_10_6_2026_GX012488_1403f613_exif.txt
day_10_6_2026_GX012489_264e788d,day_10_6_2026,GX012489,GX012489.MP4,day_10_6_2026_GX012489_264e788d.MP4,558891008,533.0,50.0,100.0,1920x1080,hvc1,Global Settings,2026:05:28 08:09:47,day_10_6_2026_GX012489_264e788d_exif.txt
day_10_6_2026_GX012490_eea7e912,day_10_6_2026,GX012490,GX012490.MP4,day_10_6_2026_GX012490_eea7e912.MP4,4831838208,4608.0,424.0,100.0,1920x1080,hvc1,Global Settings,2026:05:28 08:10:59,day_10_6_2026_GX012490_eea7e912_exif.txt
day_10_6_2026_GX012491_59de228c,day_10_6_2026,GX012491,GX012491.MP4,day_10_6_2026_GX012491_59de228c.MP4,515899392,492.0,46.0,100.0,1920x1080,hvc1,Global Settings,2026:05:28 08:19:07,day_10_6_2026_GX012491_59de228c_exif.txt
day_10_6_2026_GX012492_dd3778e9,day_10_6_2026,GX012492,GX012492.MP4,day_10_6_2026_GX012492_dd3778e9.MP4,4617089843,4403.199999809265,403.0,100.0,1920x1080,hvc1,Global Settings,2026:05:28 08:24:17,day_10_6_2026_GX012492_dd3778e9_exif.txt
day_10_6_2026_GX012493_972c1be1,day_10_6_2026,GX012493,GX012493.MP4,day_10_6_2026_GX012493_972c1be1.MP4,564133888,538.0,51.0,100.0,1920x1080,hvc1,Global Settings,2026:05:28 08:31:07,day_10_6_2026_GX012493_972c1be1_exif.txt
day_10_6_2026_GX012494_d19b60a0,day_10_6_2026,GX012494,GX012494.MP4,day_10_6_2026_GX012494_d19b60a0.MP4,12884901888,12288.0,1088.0,100.0,1920x1080,hvc1,Global Settings,2026:05:28 08:32:03,day_10_6_2026_GX012494_d19b60a0_exif.txt
day_10_6_2026_GX022448_64f38870,day_10_6_2026,GX022448,GX022448.MP4,day_10_6_2026_GX022448_64f38870.MP4,12884901888,12288.0,1088.0,100.0,1920x1080,hvc1,Global Settings,2026:05:28 03:25:09,day_10_6_2026_GX022448_64f38870_exif.txt
day_10_6_2026_GX022449_d780e855,day_10_6_2026,GX022449,GX022449.MP4,day_10_6_2026_GX022449_d780e855.MP4,717225984,684.0,64.0,100.0,1920x1080,hvc1,Global Settings,2026:05:28 05:02:39,day_10_6_2026_GX022449_d780e855_exif.txt
day_10_6_2026_GX022494_a0bd9c46,day_10_6_2026,GX022494,GX022494.MP4,day_10_6_2026_GX022494_a0bd9c46.MP4,3113851289,2969.5999994277954,273.0,100.0,1920x1080,hvc1,Global Settings,2026:05:28 08:32:03,day_10_6_2026_GX022494_a0bd9c46_exif.txt
day_10_6_2026_GX032448_7f8e18d8,day_10_6_2026,GX032448,GX032448.MP4,day_10_6_2026_GX032448_7f8e18d8.MP4,12884901888,12288.0,1088.0,100.0,1920x1080,hvc1,Global Settings,2026:05:28 03:25:09,day_10_6_2026_GX032448_7f8e18d8_exif.txt
day_10_6_2026_GX042448_65e022c7,day_10_6_2026,GX042448,GX042448.MP4,day_10_6_2026_GX042448_65e022c7.MP4,2791728742,2662.3999996185303,245.0,100.0,1920x1080,hvc1,Global Settings,2026:05:28 03:25:09,day_10_6_2026_GX042448_65e022c7_exif.txt
day_11_6_2026_GX012499_e2ce7b14,day_11_6_2026,GX012499,GX012499.MP4,day_11_6_2026_GX012499_e2ce7b14.MP4,12884901888,12288.0,1088.0,100.0,1920x1080,hvc1,Global Settings,2026:05:29 03:15:32,day_11_6_2026_GX012499_e2ce7b14_exif.txt
day_11_6_2026_GX012500_4bcc3f93,day_11_6_2026,GX012500,GX012500.MP4,day_11_6_2026_GX012500_4bcc3f93.MP4,670040064,639.0,60.0,100.0,1920x1080,hvc1,Global Settings,2026:05:29 03:45:23,day_11_6_2026_GX012500_4bcc3f93_exif.txt
day_11_6_2026_GX012501_cb862cb7,day_11_6_2026,GX012501,GX012501.MP4,day_11_6_2026_GX012501_cb862cb7.MP4,899678208,858.0,81.0,100.0,1920x1080,hvc1,Global Settings,2026:05:29 03:46:49,day_11_6_2026_GX012501_cb862cb7_exif.txt
day_11_6_2026_GX012502_00ea53b4,day_11_6_2026,GX012502,GX012502.MP4,day_11_6_2026_GX012502_00ea53b4.MP4,585105408,558.0,53.0,100.0,1920x1080,hvc1,Global Settings,2026:05:29 03:48:16,day_11_6_2026_GX012502_00ea53b4_exif.txt
day_11_6_2026_GX012503_00a65583,day_11_6_2026,GX012503,GX012503.MP4,day_11_6_2026_GX012503_00a65583.MP4,4080218931,3891.199999809265,356.0,100.0,1920x1080,hvc1,Global Settings,2026:05:29 03:49:16,day_11_6_2026_GX012503_00a65583_exif.txt
day_11_6_2026_GX012504_d84411a0,day_11_6_2026,GX012504,GX012504.MP4,day_11_6_2026_GX012504_d84411a0.MP4,734003200,700.0,66.0,100.0,1920x1080,hvc1,Global Settings,2026:05:29 03:55:20,day_11_6_2026_GX012504_d84411a0_exif.txt
day_11_6_2026_GX012505_fcd53590,day_11_6_2026,GX012505,GX012505.MP4,day_11_6_2026_GX012505_fcd53590.MP4,4724464025,4505.599999427795,416.0,100.0,1920x1080,hvc1,Global Settings,2026:05:29 03:56:33,day_11_6_2026_GX012505_fcd53590_exif.txt
day_11_6_2026_GX012506_2f841fb3,day_11_6_2026,GX012506,GX012506.MP4,day_11_6_2026_GX012506_2f841fb3.MP4,723517440,690.0,65.0,100.0,1920x1080,hvc1,Global Settings,2026:05:29 04:03:34,day_11_6_2026_GX012506_2f841fb3_exif.txt
day_11_6_2026_GX012507_bc5da942,day_11_6_2026,GX012507,GX012507.MP4,day_11_6_2026_GX012507_bc5da942.MP4,4080218931,3891.199999809265,356.0,100.0,1920x1080,hvc1,Global Settings,2026:05:29 04:04:47,day_11_6_2026_GX012507_bc5da942_exif.txt
day_11_6_2026_GX012508_08c79cf3,day_11_6_2026,GX012508,GX012508.MP4,day_11_6_2026_GX012508_08c79cf3.MP4,738197504,704.0,66.0,100.0,1920x1080,hvc1,Global Settings,2026:05:29 04:10:51,day_11_6_2026_GX012508_08c79cf3_exif.txt
day_11_6_2026_GX012509_3a046209,day_11_6_2026,GX012509,GX012509.MP4,day_11_6_2026_GX012509_3a046209.MP4,1845493760,1760.0,166.0,100.0,1920x1080,hvc1,Global Settings,2026:05:29 04:12:02,day_11_6_2026_GX012509_3a046209_exif.txt
day_11_6_2026_GX012510_d3748be8,day_11_6_2026,GX012510,GX012510.MP4,day_11_6_2026_GX012510_d3748be8.MP4,677380096,646.0,61.0,100.0,1920x1080,hvc1,Global Settings,2026:05:29 04:14:54,day_11_6_2026_GX012510_d3748be8_exif.txt
day_11_6_2026_GX012511_e82e1419,day_11_6_2026,GX012511,GX012511.MP4,day_11_6_2026_GX012511_e82e1419.MP4,9126805504,8704.0,798.0,100.0,1920x1080,hvc1,Global Settings,2026:05:29 04:16:15,day_11_6_2026_GX012511_e82e1419_exif.txt
day_11_6_2026_GX012512_a7070fdb,day_11_6_2026,GX012512,GX012512.MP4,day_11_6_2026_GX012512_a7070fdb.MP4,557842432,532.0,50.0,100.0,1920x1080,hvc1,Global Settings,2026:05:29 04:29:59,day_11_6_2026_GX012512_a7070fdb_exif.txt
day_11_6_2026_GX012513_04b850fb,day_11_6_2026,GX012513,GX012513.MP4,day_11_6_2026_GX012513_04b850fb.MP4,3328599654,3174.3999996185303,292.0,100.0,1920x1080,hvc1,Global Settings,2026:05:29 04:30:58,day_11_6_2026_GX012513_04b850fb_exif.txt
day_11_6_2026_GX012514_ef54ceca,day_11_6_2026,GX012514,GX012514.MP4,day_11_6_2026_GX012514_ef54ceca.MP4,459276288,438.0,41.0,100.0,1920x1080,hvc1,Global Settings,2026:05:29 04:35:55,day_11_6_2026_GX012514_ef54ceca_exif.txt
day_11_6_2026_GX012515_48211b9d,day_11_6_2026,GX012515,GX012515.MP4,day_11_6_2026_GX012515_48211b9d.MP4,3221225472,3072.0,280.0,100.0,1920x1080,hvc1,Global Settings,2026:05:29 04:36:42,day_11_6_2026_GX012515_48211b9d_exif.txt
day_11_6_2026_GX012516_18bb348b,day_11_6_2026,GX012516,GX012516.MP4,day_11_6_2026_GX012516_18bb348b.MP4,615514112,587.0,55.0,100.0,1920x1080,hvc1,Global Settings,2026:05:29 04:41:39,day_11_6_2026_GX012516_18bb348b_exif.txt
day_11_6_2026_GX012517_1eecd430,day_11_6_2026,GX012517,GX012517.MP4,day_11_6_2026_GX012517_1eecd430.MP4,1389363200,1325.0,125.0,100.0,1920x1080,hvc1,Global Settings,2026:05:29 04:43:51,day_11_6_2026_GX012517_1eecd430_exif.txt
day_11_6_2026_GX012518_6e903dd8,day_11_6_2026,GX012518,GX012518.MP4,day_11_6_2026_GX012518_6e903dd8.MP4,4724464025,4505.599999427795,415.0,100.0,1920x1080,hvc1,Global Settings,2026:05:29 04:57:59,day_11_6_2026_GX012518_6e903dd8_exif.txt
day_11_6_2026_GX012519_1641268a,day_11_6_2026,GX012519,GX012519.MP4,day_11_6_2026_GX012519_1641268a.MP4,671088640,640.0,60.0,100.0,1920x1080,hvc1,Global Settings,2026:05:29 05:04:59,day_11_6_2026_GX012519_1641268a_exif.txt
day_11_6_2026_GX012520_ba3505f8,day_11_6_2026,GX012520,GX012520.MP4,day_11_6_2026_GX012520_ba3505f8.MP4,51380224,49.0,,100.0,1920x1080,hvc1,Global Settings,2026:05:29 05:06:06,day_11_6_2026_GX012520_ba3505f8_exif.txt
day_11_6_2026_GX012521_950045fe,day_11_6_2026,GX012521,GX012521.MP4,day_11_6_2026_GX012521_950045fe.MP4,4294967296,4096.0,375.0,100.0,1920x1080,hvc1,Global Settings,2026:05:29 05:11:33,day_11_6_2026_GX012521_950045fe_exif.txt
day_11_6_2026_GX012522_29db6602,day_11_6_2026,GX012522,GX012522.MP4,day_11_6_2026_GX012522_29db6602.MP4,677380096,646.0,61.0,100.0,1920x1080,hvc1,Global Settings,2026:05:29 05:17:54,day_11_6_2026_GX012522_29db6602_exif.txt
day_11_6_2026_GX012523_783f861b,day_11_6_2026,GX012523,GX012523.MP4,day_11_6_2026_GX012523_783f861b.MP4,12884901888,12288.0,1088.0,100.0,1920x1080,hvc1,Global Settings,2026:05:29 05:19:03,day_11_6_2026_GX012523_783f861b_exif.txt
day_11_6_2026_GX012524_e2a778e5,day_11_6_2026,GX012524,GX012524.MP4,day_11_6_2026_GX012524_e2a778e5.MP4,681574400,650.0,61.0,100.0,1920x1080,hvc1,Global Settings,2026:05:29 05:41:06,day_11_6_2026_GX012524_e2a778e5_exif.txt
day_11_6_2026_GX012525_d2c59d6b,day_11_6_2026,GX012525,GX012525.MP4,day_11_6_2026_GX012525_d2c59d6b.MP4,4617089843,4403.199999809265,407.0,100.0,1920x1080,hvc1,Global Settings,2026:05:29 05:42:35,day_11_6_2026_GX012525_d2c59d6b_exif.txt
day_11_6_2026_GX012526_b77e0aa5,day_11_6_2026,GX012526,GX012526.MP4,day_11_6_2026_GX012526_b77e0aa5.MP4,282066944,269.0,,100.0,1920x1080,hvc1,Global Settings,2026:05:29 05:49:52,day_11_6_2026_GX012526_b77e0aa5_exif.txt
day_11_6_2026_GX012527_bd933793,day_11_6_2026,GX012527,GX012527.MP4,day_11_6_2026_GX012527_bd933793.MP4,240123904,229.0,,100.0,1920x1080,hvc1,Global Settings,2026:05:29 05:50:26,day_11_6_2026_GX012527_bd933793_exif.txt
day_11_6_2026_GX012528_f500a6b5,day_11_6_2026,GX012528,GX012528.MP4,day_11_6_2026_GX012528_f500a6b5.MP4,2791728742,2662.3999996185303,241.0,100.0,1920x1080,hvc1,Global Settings,2026:05:29 05:50:55,day_11_6_2026_GX012528_f500a6b5_exif.txt
day_11_6_2026_GX012529_a6b4acb0,day_11_6_2026,GX012529,GX012529.MP4,day_11_6_2026_GX012529_a6b4acb0.MP4,676331520,645.0,61.0,100.0,1920x1080,hvc1,Global Settings,2026:05:29 05:55:04,day_11_6_2026_GX012529_a6b4acb0_exif.txt
day_11_6_2026_GX012530_0e77733f,day_11_6_2026,GX012530,GX012530.MP4,day_11_6_2026_GX012530_0e77733f.MP4,3758096384,3584.0,330.0,100.0,1920x1080,hvc1,Global Settings,2026:05:29 05:56:10,day_11_6_2026_GX012530_0e77733f_exif.txt
day_11_6_2026_GX012531_bab6cc10,day_11_6_2026,GX012531,GX012531.MP4,day_11_6_2026_GX012531_bab6cc10.MP4,684720128,653.0,61.0,100.0,1920x1080,hvc1,Global Settings,2026:05:29 06:01:46,day_11_6_2026_GX012531_bab6cc10_exif.txt
day_11_6_2026_GX012532_bfb5e4ac,day_11_6_2026,GX012532,GX012532.MP4,day_11_6_2026_GX012532_bfb5e4ac.MP4,3758096384,3584.0,331.0,100.0,1920x1080,hvc1,Global Settings,2026:05:29 06:02:55,day_11_6_2026_GX012532_bfb5e4ac_exif.txt
day_11_6_2026_GX012533_4392b7e3,day_11_6_2026,GX012533,GX012533.MP4,day_11_6_2026_GX012533_4392b7e3.MP4,296747008,283.0,,100.0,1920x1080,hvc1,Global Settings,2026:05:29 06:08:32,day_11_6_2026_GX012533_4392b7e3_exif.txt
day_11_6_2026_GX012534_407fb745,day_11_6_2026,GX012534,GX012534.MP4,day_11_6_2026_GX012534_407fb745.MP4,331350016,316.0,,100.0,1920x1080,hvc1,Global Settings,2026:05:29 06:09:07,day_11_6_2026_GX012534_407fb745_exif.txt
day_11_6_2026_GX012535_f7a6f5d2,day_11_6_2026,GX012535,GX012535.MP4,day_11_6_2026_GX012535_f7a6f5d2.MP4,9234179686,8806.39999961853,809.0,100.0,1920x1080,hvc1,Global Settings,2026:05:29 06:09:45,day_11_6_2026_GX012535_f7a6f5d2_exif.txt
day_11_6_2026_GX012536_7b653955,day_11_6_2026,GX012536,GX012536.MP4,day_11_6_2026_GX012536_7b653955.MP4,568328192,542.0,51.0,100.0,1920x1080,hvc1,Global Settings,2026:05:29 06:23:23,day_11_6_2026_GX012536_7b653955_exif.txt
day_11_6_2026_GX012537_065fa253,day_11_6_2026,GX012537,GX012537.MP4,day_11_6_2026_GX012537_065fa253.MP4,5261334937,5017.599999427795,460.0,100.0,1920x1080,hvc1,Global Settings,2026:05:29 06:24:39,day_11_6_2026_GX012537_065fa253_exif.txt
day_11_6_2026_GX012538_95074e89,day_11_6_2026,GX012538,GX012538.MP4,day_11_6_2026_GX012538_95074e89.MP4,2899102924,2764.7999992370605,253.0,100.0,1920x1080,hvc1,Global Settings,2026:05:29 06:33:50,day_11_6_2026_GX012538_95074e89_exif.txt
day_11_6_2026_GX012539_6b09e950,day_11_6_2026,GX012539,GX012539.MP4,day_11_6_2026_GX012539_6b09e950.MP4,575668224,549.0,52.0,100.0,1920x1080,hvc1,Global Settings,2026:05:29 06:38:31,day_11_6_2026_GX012539_6b09e950_exif.txt
day_11_6_2026_GX012540_e83dca9f,day_11_6_2026,GX012540,GX012540.MP4,day_11_6_2026_GX012540_e83dca9f.MP4,2899102924,2764.7999992370605,253.0,100.0,1920x1080,hvc1,Global Settings,2026:05:29 06:40:57,day_11_6_2026_GX012540_e83dca9f_exif.txt
day_12_6_2026_GX012601_175078a2,day_12_6_2026,GX012601,GX012601.MP4,day_12_6_2026_GX012601_175078a2.MP4,12884901888,12288.0,1088.0,100.0,1920x1080,hvc1,Global Settings,2026:06:06 11:21:36,day_12_6_2026_GX012601_175078a2_exif.txt
day_12_6_2026_GX012602_5d3ccb31,day_12_6_2026,GX012602,GX012602.MP4,day_12_6_2026_GX012602_5d3ccb31.MP4,2684354560,2560.0,236.0,100.0,1920x1080,hvc1,Global Settings,2026:06:06 11:48:51,day_12_6_2026_GX012602_5d3ccb31_exif.txt
day_12_6_2026_GX012603_a235845e,day_12_6_2026,GX012603,GX012603.MP4,day_12_6_2026_GX012603_a235845e.MP4,1897922560,1810.0,171.0,100.0,1920x1080,hvc1,Global Settings,2026:06:06 11:52:54,day_12_6_2026_GX012603_a235845e_exif.txt
day_12_6_2026_GX012604_f80870e6,day_12_6_2026,GX012604,GX012604.MP4,day_12_6_2026_GX012604_f80870e6.MP4,1384120320,1320.0,124.0,100.0,1920x1080,hvc1,Global Settings,2026:06:06 11:56:16,day_12_6_2026_GX012604_f80870e6_exif.txt
day_12_6_2026_GX012605_d2e5d848,day_12_6_2026,GX012605,GX012605.MP4,day_12_6_2026_GX012605_d2e5d848.MP4,1769996288,1688.0,159.0,100.0,1920x1080,hvc1,Global Settings,2026:06:06 12:02:58,day_12_6_2026_GX012605_d2e5d848_exif.txt
day_12_6_2026_GX012606_9ff13a28,day_12_6_2026,GX012606,GX012606.MP4,day_12_6_2026_GX012606_9ff13a28.MP4,10737418240,10240.0,949.0,100.0,1920x1080,hvc1,Global Settings,2026:06:06 13:15:39,day_12_6_2026_GX012606_9ff13a28_exif.txt
day_12_6_2026_GX012607_c89aa472,day_12_6_2026,GX012607,GX012607.MP4,day_12_6_2026_GX012607_c89aa472.MP4,7408818585,7065.599999427795,650.0,100.0,1920x1080,hvc1,Global Settings,2026:06:06 13:31:59,day_12_6_2026_GX012607_c89aa472_exif.txt
day_12_6_2026_GX012608_277504fc,day_12_6_2026,GX012608,GX012608.MP4,day_12_6_2026_GX012608_277504fc.MP4,893386752,852.0,80.0,100.0,1920x1080,hvc1,Global Settings,2026:06:06 13:44:07,day_12_6_2026_GX012608_277504fc_exif.txt
day_12_6_2026_GX012609_6514bb37,day_12_6_2026,GX012609,GX012609.MP4,day_12_6_2026_GX012609_6514bb37.MP4,1688207360,1610.0,152.0,100.0,1920x1080,hvc1,Global Settings,2026:06:06 13:50:26,day_12_6_2026_GX012609_6514bb37_exif.txt
day_12_6_2026_GX012610_3ab6dafa,day_12_6_2026,GX012610,GX012610.MP4,day_12_6_2026_GX012610_3ab6dafa.MP4,2362232012,2252.7999992370605,203.0,100.0,1920x1080,hvc1,Global Settings,2026:06:06 14:03:01,day_12_6_2026_GX012610_3ab6dafa_exif.txt
day_12_6_2026_GX012611_3688ce42,day_12_6_2026,GX012611,GX012611.MP4,day_12_6_2026_GX012611_3688ce42.MP4,7086696038,6758.39999961853,623.0,100.0,1920x1080,hvc1,Global Settings,2026:06:06 14:06:48,day_12_6_2026_GX012611_3688ce42_exif.txt
day_12_6_2026_GX012612_6cd148e2,day_12_6_2026,GX012612,GX012612.MP4,day_12_6_2026_GX012612_6cd148e2.MP4,1431306240,1365.0,129.0,100.0,1920x1080,hvc1,Global Settings,2026:06:06 14:20:40,day_12_6_2026_GX012612_6cd148e2_exif.txt
day_12_6_2026_GX012613_99bf31dd,day_12_6_2026,GX012613,GX012613.MP4,day_12_6_2026_GX012613_99bf31dd.MP4,6979321856,6656.0,615.0,100.0,1920x1080,hvc1,Global Settings,2026:06:06 14:23:14,day_12_6_2026_GX012613_99bf31dd_exif.txt
day_12_6_2026_GX012614_81be0dee,day_12_6_2026,GX012614,GX012614.MP4,day_12_6_2026_GX012614_81be0dee.MP4,4187593113,3993.5999994277954,370.0,100.0,1920x1080,hvc1,Global Settings,2026:06:06 14:33:36,day_12_6_2026_GX012614_81be0dee_exif.txt
day_12_6_2026_GX012615_b8d4343d,day_12_6_2026,GX012615,GX012615.MP4,day_12_6_2026_GX012615_b8d4343d.MP4,2469606195,2355.199999809265,219.0,100.0,1920x1080,hvc1,Global Settings,2026:06:06 14:53:44,day_12_6_2026_GX012615_b8d4343d_exif.txt
day_12_6_2026_GX012616_2439b814,day_12_6_2026,GX012616,GX012616.MP4,day_12_6_2026_GX012616_2439b814.MP4,1970274304,1879.0,177.0,100.0,1920x1080,hvc1,Global Settings,2026:06:06 15:12:47,day_12_6_2026_GX012616_2439b814_exif.txt
day_12_6_2026_GX012617_4fb3de41,day_12_6_2026,GX012617,GX012617.MP4,day_12_6_2026_GX012617_4fb3de41.MP4,3758096384,3584.0,328.0,100.0,1920x1080,hvc1,Global Settings,2026:06:06 15:16:19,day_12_6_2026_GX012617_4fb3de41_exif.txt
day_12_6_2026_GX012618_bbde7d5a,day_12_6_2026,GX012618,GX012618.MP4,day_12_6_2026_GX012618_bbde7d5a.MP4,5046586572,4812.799999237061,441.0,100.0,1920x1080,hvc1,Global Settings,2026:06:06 15:22:54,day_12_6_2026_GX012618_bbde7d5a_exif.txt
day_12_6_2026_GX012619_3a32e436,day_12_6_2026,GX012619,GX012619.MP4,day_12_6_2026_GX012619_3a32e436.MP4,1897922560,1810.0,171.0,100.0,1920x1080,hvc1,Global Settings,2026:06:06 15:37:04,day_12_6_2026_GX012619_3a32e436_exif.txt
day_12_6_2026_GX012620_2d531951,day_12_6_2026,GX012620,GX012620.MP4,day_12_6_2026_GX012620_2d531951.MP4,6442450944,6144.0,566.0,100.0,1920x1080,hvc1,Global Settings,2026:06:06 16:20:32,day_12_6_2026_GX012620_2d531951_exif.txt
day_12_6_2026_GX012621_aec32d0b,day_12_6_2026,GX012621,GX012621.MP4,day_12_6_2026_GX012621_aec32d0b.MP4,6012954214,5734.39999961853,532.0,100.0,1920x1080,hvc1,Global Settings,2026:06:06 16:43:19,day_12_6_2026_GX012621_aec32d0b_exif.txt
day_12_6_2026_GX012622_99791bcf,day_12_6_2026,GX012622,GX012622.MP4,day_12_6_2026_GX012622_99791bcf.MP4,4509715660,4300.799999237061,396.0,100.0,1920x1080,hvc1,Global Settings,2026:06:06 16:55:54,day_12_6_2026_GX012622_99791bcf_exif.txt
day_12_6_2026_GX022601_51f58682,day_12_6_2026,GX022601,GX022601.MP4,day_12_6_2026_GX022601_51f58682.MP4,5798205849,5529.599999427795,508.0,100.0,1920x1080,hvc1,Global Settings,2026:06:06 11:21:36,day_12_6_2026_GX022601_51f58682_exif.txt
day_13_6_2026_GX012552_95e48ead,day_13_6_2026,GX012552,GX012552.MP4,day_13_6_2026_GX012552_95e48ead.MP4,12884901888,12288.0,1088.0,100.0,1920x1080,hvc1,Global Settings,2026:06:01 06:35:44,day_13_6_2026_GX012552_95e48ead_exif.txt
day_13_6_2026_GX012553_87ad6e4a,day_13_6_2026,GX012553,GX012553.MP4,day_13_6_2026_GX012553_87ad6e4a.MP4,835715072,797.0,75.0,100.0,1920x1080,hvc1,Global Settings,2026:06:01 07:57:32,day_13_6_2026_GX012553_87ad6e4a_exif.txt
day_13_6_2026_GX012554_24c3f345,day_13_6_2026,GX012554,GX012554.MP4,day_13_6_2026_GX012554_24c3f345.MP4,6871947673,6553.599999427795,599.0,100.0,1920x1080,hvc1,Global Settings,2026:06:01 08:00:17,day_13_6_2026_GX012554_24c3f345_exif.txt
day_13_6_2026_GX012555_b7739657,day_13_6_2026,GX012555,GX012555.MP4,day_13_6_2026_GX012555_b7739657.MP4,671088640,640.0,60.0,100.0,1920x1080,hvc1,Global Settings,2026:06:01 08:15:10,day_13_6_2026_GX012555_b7739657_exif.txt
day_13_6_2026_GX012556_9b616efa,day_13_6_2026,GX012556,GX012556.MP4,day_13_6_2026_GX012556_9b616efa.MP4,7301444403,6963.199999809265,646.0,100.0,1920x1080,hvc1,Global Settings,2026:06:01 08:16:17,day_13_6_2026_GX012556_9b616efa_exif.txt
day_13_6_2026_GX012557_28a4b113,day_13_6_2026,GX012557,GX012557.MP4,day_13_6_2026_GX012557_28a4b113.MP4,507510784,484.0,46.0,100.0,1920x1080,hvc1,Global Settings,2026:06:01 08:27:10,day_13_6_2026_GX012557_28a4b113_exif.txt
day_13_6_2026_GX012558_7d0398d9,day_13_6_2026,GX012558,GX012558.MP4,day_13_6_2026_GX012558_7d0398d9.MP4,6764573491,6451.199999809265,595.0,100.0,1920x1080,hvc1,Global Settings,2026:06:01 08:28:01,day_13_6_2026_GX012558_7d0398d9_exif.txt
day_13_6_2026_GX012559_5a4c7610,day_13_6_2026,GX012559,GX012559.MP4,day_13_6_2026_GX012559_5a4c7610.MP4,1015021568,968.0,91.0,100.0,1920x1080,hvc1,Global Settings,2026:06:01 08:39:58,day_13_6_2026_GX012559_5a4c7610_exif.txt
day_13_6_2026_GX012560_fbd3ddf5,day_13_6_2026,GX012560,GX012560.MP4,day_13_6_2026_GX012560_fbd3ddf5.MP4,564133888,538.0,51.0,100.0,1920x1080,hvc1,Global Settings,2026:06:01 08:41:37,day_13_6_2026_GX012560_fbd3ddf5_exif.txt
day_13_6_2026_GX012561_09f02a33,day_13_6_2026,GX012561,GX012561.MP4,day_13_6_2026_GX012561_09f02a33.MP4,8267812044,7884.799999237061,730.0,100.0,1920x1080,hvc1,Global Settings,2026:06:01 08:42:59,day_13_6_2026_GX012561_09f02a33_exif.txt
day_13_6_2026_GX012562_2aeb7d39,day_13_6_2026,GX012562,GX012562.MP4,day_13_6_2026_GX012562_2aeb7d39.MP4,614465536,586.0,55.0,100.0,1920x1080,hvc1,Global Settings,2026:06:01 08:55:17,day_13_6_2026_GX012562_2aeb7d39_exif.txt
day_13_6_2026_GX012563_03a3a2a9,day_13_6_2026,GX012563,GX012563.MP4,day_13_6_2026_GX012563_03a3a2a9.MP4,4831838208,4608.0,428.0,100.0,1920x1080,hvc1,Global Settings,2026:06:01 08:56:46,day_13_6_2026_GX012563_03a3a2a9_exif.txt
day_13_6_2026_GX012564_f43f075a,day_13_6_2026,GX012564,GX012564.MP4,day_13_6_2026_GX012564_f43f075a.MP4,628097024,599.0,56.0,100.0,1920x1080,hvc1,Global Settings,2026:06:01 09:04:01,day_13_6_2026_GX012564_f43f075a_exif.txt
day_13_6_2026_GX012565_96f143c5,day_13_6_2026,GX012565,GX012565.MP4,day_13_6_2026_GX012565_96f143c5.MP4,5153960755,4915.199999809265,449.0,100.0,1920x1080,hvc1,Global Settings,2026:06:01 09:05:04,day_13_6_2026_GX012565_96f143c5_exif.txt
day_13_6_2026_GX012566_0b13200d,day_13_6_2026,GX012566,GX012566.MP4,day_13_6_2026_GX012566_0b13200d.MP4,534773760,510.0,48.0,100.0,1920x1080,hvc1,Global Settings,2026:06:01 09:12:52,day_13_6_2026_GX012566_0b13200d_exif.txt
day_13_6_2026_GX012567_6bf46910,day_13_6_2026,GX012567,GX012567.MP4,day_13_6_2026_GX012567_6bf46910.MP4,4080218931,3891.199999809265,362.0,100.0,1920x1080,hvc1,Global Settings,2026:06:01 09:13:49,day_13_6_2026_GX012567_6bf46910_exif.txt
day_13_6_2026_GX012568_40335a01,day_13_6_2026,GX012568,GX012568.MP4,day_13_6_2026_GX012568_40335a01.MP4,2362232012,2252.7999992370605,210.0,100.0,1920x1080,hvc1,Global Settings,2026:06:01 09:39:28,day_13_6_2026_GX012568_40335a01_exif.txt
day_13_6_2026_GX012569_b9848283,day_13_6_2026,GX012569,GX012569.MP4,day_13_6_2026_GX012569_b9848283.MP4,574619648,548.0,52.0,100.0,1920x1080,hvc1,Global Settings,2026:06:01 09:43:11,day_13_6_2026_GX012569_b9848283_exif.txt
day_13_6_2026_GX012570_bb572963,day_13_6_2026,GX012570,GX012570.MP4,day_13_6_2026_GX012570_bb572963.MP4,4724464025,4505.599999427795,414.0,100.0,1920x1080,hvc1,Global Settings,2026:06:01 09:44:08,day_13_6_2026_GX012570_bb572963_exif.txt
day_13_6_2026_GX012571_ad5604b9,day_13_6_2026,GX012571,GX012571.MP4,day_13_6_2026_GX012571_ad5604b9.MP4,559939584,534.0,50.0,100.0,1920x1080,hvc1,Global Settings,2026:06:01 09:51:11,day_13_6_2026_GX012571_ad5604b9_exif.txt
day_13_6_2026_GX012572_345f103a,day_13_6_2026,GX012572,GX012572.MP4,day_13_6_2026_GX012572_345f103a.MP4,1327497216,1266.0,119.0,100.0,1920x1080,hvc1,Global Settings,2026:06:01 09:52:10,day_13_6_2026_GX012572_345f103a_exif.txt
day_13_6_2026_GX012573_cd6c9699,day_13_6_2026,GX012573,GX012573.MP4,day_13_6_2026_GX012573_cd6c9699.MP4,555745280,530.0,50.0,100.0,1920x1080,hvc1,Global Settings,2026:06:01 09:54:18,day_13_6_2026_GX012573_cd6c9699_exif.txt
day_13_6_2026_GX012575_6d5175e9,day_13_6_2026,GX012575,GX012575.MP4,day_13_6_2026_GX012575_6d5175e9.MP4,4617089843,4403.199999809265,402.0,100.0,1920x1080,hvc1,Global Settings,2026:06:01 10:59:23,day_13_6_2026_GX012575_6d5175e9_exif.txt
day_13_6_2026_GX012576_ef0c1d5e,day_13_6_2026,GX012576,GX012576.MP4,day_13_6_2026_GX012576_ef0c1d5e.MP4,244318208,233.0,,100.0,1920x1080,hvc1,Global Settings,2026:06:01 11:07:07,day_13_6_2026_GX012576_ef0c1d5e_exif.txt
day_13_6_2026_GX012577_d7e57874,day_13_6_2026,GX012577,GX012577.MP4,day_13_6_2026_GX012577_d7e57874.MP4,225443840,215.0,,100.0,1920x1080,hvc1,Global Settings,2026:06:01 11:07:34,day_13_6_2026_GX012577_d7e57874_exif.txt
day_13_6_2026_GX012578_ffa5c6de,day_13_6_2026,GX012578,GX012578.MP4,day_13_6_2026_GX012578_ffa5c6de.MP4,4080218931,3891.199999809265,361.0,100.0,1920x1080,hvc1,Global Settings,2026:06:01 11:07:59,day_13_6_2026_GX012578_ffa5c6de_exif.txt
day_13_6_2026_GX012579_5f7b29d2,day_13_6_2026,GX012579,GX012579.MP4,day_13_6_2026_GX012579_5f7b29d2.MP4,670040064,639.0,60.0,100.0,1920x1080,hvc1,Global Settings,2026:06:01 11:14:08,day_13_6_2026_GX012579_5f7b29d2_exif.txt
day_13_6_2026_GX012580_528eb326,day_13_6_2026,GX012580,GX012580.MP4,day_13_6_2026_GX012580_528eb326.MP4,7945689497,7577.599999427795,699.0,100.0,1920x1080,hvc1,Global Settings,2026:06:01 11:15:13,day_13_6_2026_GX012580_528eb326_exif.txt
day_13_6_2026_GX012581_1fdbe57d,day_13_6_2026,GX012581,GX012581.MP4,day_13_6_2026_GX012581_1fdbe57d.MP4,455081984,434.0,41.0,100.0,1920x1080,hvc1,Global Settings,2026:06:01 11:27:00,day_13_6_2026_GX012581_1fdbe57d_exif.txt
day_13_6_2026_GX012582_21849af4,day_13_6_2026,GX012582,GX012582.MP4,day_13_6_2026_GX012582_21849af4.MP4,3006477107,2867.199999809265,263.0,100.0,1920x1080,hvc1,Global Settings,2026:06:01 11:27:46,day_13_6_2026_GX012582_21849af4_exif.txt
day_13_6_2026_GX012583_83bb2e0d,day_13_6_2026,GX012583,GX012583.MP4,day_13_6_2026_GX012583_83bb2e0d.MP4,1997537280,1905.0,180.0,100.0,1920x1080,hvc1,Global Settings,2026:06:01 11:34:07,day_13_6_2026_GX012583_83bb2e0d_exif.txt
day_13_6_2026_GX012584_b30aecf3,day_13_6_2026,GX012584,GX012584.MP4,day_13_6_2026_GX012584_b30aecf3.MP4,473956352,452.0,43.0,100.0,1920x1080,hvc1,Global Settings,2026:06:01 11:37:14,day_13_6_2026_GX012584_b30aecf3_exif.txt
day_13_6_2026_GX012585_7347ff62,day_13_6_2026,GX012585,GX012585.MP4,day_13_6_2026_GX012585_7347ff62.MP4,3972844748,3788.7999992370605,352.0,100.0,1920x1080,hvc1,Global Settings,2026:06:01 11:39:07,day_13_6_2026_GX012585_7347ff62_exif.txt
day_13_6_2026_GX012586_12d12ad8,day_13_6_2026,GX012586,GX012586.MP4,day_13_6_2026_GX012586_12d12ad8.MP4,242221056,231.0,,100.0,1920x1080,hvc1,Global Settings,2026:06:01 11:45:04,day_13_6_2026_GX012586_12d12ad8_exif.txt
day_13_6_2026_GX012587_608b1530,day_13_6_2026,GX012587,GX012587.MP4,day_13_6_2026_GX012587_608b1530.MP4,224395264,214.0,,100.0,1920x1080,hvc1,Global Settings,2026:06:01 11:45:32,day_13_6_2026_GX012587_608b1530_exif.txt
day_13_6_2026_GX012588_4955e9a5,day_13_6_2026,GX012588,GX012588.MP4,day_13_6_2026_GX012588_4955e9a5.MP4,4080218931,3891.199999809265,357.0,100.0,1920x1080,hvc1,Global Settings,2026:06:01 11:45:58,day_13_6_2026_GX012588_4955e9a5_exif.txt
day_13_6_2026_GX012589_f8fb7011,day_13_6_2026,GX012589,GX012589.MP4,day_13_6_2026_GX012589_f8fb7011.MP4,219152384,209.0,,100.0,1920x1080,hvc1,Global Settings,2026:06:01 11:52:29,day_13_6_2026_GX012589_f8fb7011_exif.txt
day_13_6_2026_GX012590_d4c85bf7,day_13_6_2026,GX012590,GX012590.MP4,day_13_6_2026_GX012590_d4c85bf7.MP4,228589568,218.0,,100.0,1920x1080,hvc1,Global Settings,2026:06:01 11:52:53,day_13_6_2026_GX012590_d4c85bf7_exif.txt
day_13_6_2026_GX012591_fa535470,day_13_6_2026,GX012591,GX012591.MP4,day_13_6_2026_GX012591_fa535470.MP4,4402341478,4198.39999961853,390.0,100.0,1920x1080,hvc1,Global Settings,2026:06:01 11:53:19,day_13_6_2026_GX012591_fa535470_exif.txt
day_13_6_2026_GX012592_734f03e7,day_13_6_2026,GX012592,GX012592.MP4,day_13_6_2026_GX012592_734f03e7.MP4,514850816,491.0,46.0,100.0,1920x1080,hvc1,Global Settings,2026:06:01 11:59:56,day_13_6_2026_GX012592_734f03e7_exif.txt
day_13_6_2026_GX012593_563196c8,day_13_6_2026,GX012593,GX012593.MP4,day_13_6_2026_GX012593_563196c8.MP4,2684354560,2560.0,238.0,100.0,1920x1080,hvc1,Global Settings,2026:06:01 12:00:49,day_13_6_2026_GX012593_563196c8_exif.txt
day_13_6_2026_GX012594_cee68b94,day_13_6_2026,GX012594,GX012594.MP4,day_13_6_2026_GX012594_cee68b94.MP4,229638144,219.0,,100.0,1920x1080,hvc1,Global Settings,2026:06:01 12:04:54,day_13_6_2026_GX012594_cee68b94_exif.txt
day_13_6_2026_GX012595_9033ff66,day_13_6_2026,GX012595,GX012595.MP4,day_13_6_2026_GX012595_9033ff66.MP4,229638144,219.0,,100.0,1920x1080,hvc1,Global Settings,2026:06:01 12:05:20,day_13_6_2026_GX012595_9033ff66_exif.txt
day_13_6_2026_GX012597_4c9540c1,day_13_6_2026,GX012597,GX012597.MP4,day_13_6_2026_GX012597_4c9540c1.MP4,4294967296,4096.0,374.0,100.0,1920x1080,hvc1,Global Settings,2026:06:01 12:21:17,day_13_6_2026_GX012597_4c9540c1_exif.txt
day_13_6_2026_GX012598_377690c3,day_13_6_2026,GX012598,GX012598.MP4,day_13_6_2026_GX012598_377690c3.MP4,623902720,595.0,56.0,100.0,1920x1080,hvc1,Global Settings,2026:06:01 12:27:37,day_13_6_2026_GX012598_377690c3_exif.txt
day_13_6_2026_GX012599_6b2ef8ab,day_13_6_2026,GX012599,GX012599.MP4,day_13_6_2026_GX012599_6b2ef8ab.MP4,9771050598,9318.39999961853,862.0,100.0,1920x1080,hvc1,Global Settings,2026:06:01 12:28:41,day_13_6_2026_GX012599_6b2ef8ab_exif.txt
day_13_6_2026_GX022552_3ca524bc,day_13_6_2026,GX022552,GX022552.MP4,day_13_6_2026_GX022552_3ca524bc.MP4,12884901888,12288.0,1088.0,100.0,1920x1080,hvc1,Global Settings,2026:06:01 06:35:44,day_13_6_2026_GX022552_3ca524bc_exif.txt
day_13_6_2026_GX032552_4319ef07,day_13_6_2026,GX032552,GX032552.MP4,day_13_6_2026_GX032552_4319ef07.MP4,12884901888,12288.0,1088.0,100.0,1920x1080,hvc1,Global Settings,2026:06:01 06:35:44,day_13_6_2026_GX032552_4319ef07_exif.txt
day_13_6_2026_GX042552_01e1b82c,day_13_6_2026,GX042552,GX042552.MP4,day_13_6_2026_GX042552_01e1b82c.MP4,12884901888,12288.0,1088.0,100.0,1920x1080,hvc1,Global Settings,2026:06:01 06:35:44,day_13_6_2026_GX042552_01e1b82c_exif.txt
day_13_6_2026_GX052552_eef3e4b0,day_13_6_2026,GX052552,GX052552.MP4,day_13_6_2026_GX052552_eef3e4b0.MP4,5153960755,4915.199999809265,453.0,100.0,1920x1080,hvc1,Global Settings,2026:06:01 06:35:44,day_13_6_2026_GX052552_eef3e4b0_exif.txt
day_1_3_20_2026_Itinerary_110.1_44312056,day_1_3_20_2026,110.1,Itinerary_110.1.MP4,day_1_3_20_2026_Itinerary_110.1_44312056.MP4,12884901888,12288.0,1538.0,59.94005994,3840x3360,hvc1,Global Settings,2026:03:20 10:55:38,day_1_3_20_2026_Itinerary_110.1_44312056_exif.txt
day_1_3_20_2026_Itinerary_111.2_cb44357c,day_1_3_20_2026,111.2,Itinerary_111.2.MP4,day_1_3_20_2026_Itinerary_111.2_cb44357c.MP4,830472192,792.0,105.0,59.94005994,3840x3360,hvc1,Global Settings,2026:03:20 05:08:07,day_1_3_20_2026_Itinerary_111.2_cb44357c_exif.txt
day_1_3_20_2026_Itinerary_111.3_412111d2,day_1_3_20_2026,111.3,Itinerary_111.3.MP4,day_1_3_20_2026_Itinerary_111.3_412111d2.MP4,11811160064,11264.0,1532.0,59.94005994,3840x3360,hvc1,Global Settings,2026:03:20 06:04:02,day_1_3_20_2026_Itinerary_111.3_412111d2_exif.txt
day_1_3_20_2026_Itinerary_12.1_b82d3f66,day_1_3_20_2026,12.1,Itinerary_12.1.MP4,day_1_3_20_2026_Itinerary_12.1_b82d3f66.MP4,8804682956,8396.79999923706,1089.0,59.94005994,3840x3360,hvc1,Global Settings,2026:03:20 10:55:38,day_1_3_20_2026_Itinerary_12.1_b82d3f66_exif.txt
day_1_3_20_2026_Itinerary_15.2_e152cf98,day_1_3_20_2026,15.2,Itinerary_15.2.MP4,day_1_3_20_2026_Itinerary_15.2_e152cf98.MP4,1451229184,1384.0,184.0,59.94005994,3840x3360,hvc1,Global Settings,2026:03:20 09:51:46,day_1_3_20_2026_Itinerary_15.2_e152cf98_exif.txt
day_1_3_20_2026_Itinerary_16.1_2efd91ab,day_1_3_20_2026,16.1,Itinerary_16.1.MP4,day_1_3_20_2026_Itinerary_16.1_2efd91ab.MP4,12884901888,12288.0,1538.0,59.94005994,3840x3360,hvc1,Global Settings,2026:03:20 09:51:46,day_1_3_20_2026_Itinerary_16.1_2efd91ab_exif.txt
day_1_3_20_2026_Itinerary_16.2 & 15.1_8f2b5ec2,day_1_3_20_2026,16.2 & 15.1,Itinerary_16.2 & 15.1.MP4,day_1_3_20_2026_Itinerary_16.2 & 15.1_8f2b5ec2.MP4,12884901888,12288.0,1538.0,59.94005994,3840x3360,hvc1,Global Settings,2026:03:20 09:51:46,day_1_3_20_2026_Itinerary_16.2 & 15.1_8f2b5ec2_exif.txt
day_1_3_20_2026_Itinerary_17.1_2c1affe7,day_1_3_20_2026,17.1,Itinerary_17.1.MP4,day_1_3_20_2026_Itinerary_17.1_2c1affe7.MP4,12884901888,12288.0,1538.0,59.94005994,3840x3360,hvc1,Global Settings,2026:03:20 07:48:32,day_1_3_20_2026_Itinerary_17.1_2c1affe7_exif.txt
day_1_3_20_2026_Itinerary_17.2_5e9dd649,day_1_3_20_2026,17.2,Itinerary_17.2.MP4,day_1_3_20_2026_Itinerary_17.2_5e9dd649.MP4,9663676416,9216.0,1200.0,59.94005994,3840x3360,hvc1,Global Settings,2026:03:20 07:48:32,day_1_3_20_2026_Itinerary_17.2_5e9dd649_exif.txt
day_1_3_20_2026_Itinerary_17.3_92547396,day_1_3_20_2026,17.3,Itinerary_17.3.MP4,day_1_3_20_2026_Itinerary_17.3_92547396.MP4,12884901888,12288.0,1538.0,59.94005994,3840x3360,hvc1,Global Settings,2026:03:20 08:54:53,day_1_3_20_2026_Itinerary_17.3_92547396_exif.txt
day_1_3_20_2026_Itinerary_17.4_3540aa95,day_1_3_20_2026,17.4,Itinerary_17.4.MP4,day_1_3_20_2026_Itinerary_17.4_3540aa95.MP4,11811160064,11264.0,1505.0,59.94005994,3840x3360,hvc1,Global Settings,2026:03:20 08:54:53,day_1_3_20_2026_Itinerary_17.4_3540aa95_exif.txt
day_1_3_20_2026_Itinerary_18.2_01132a66,day_1_3_20_2026,18.2,Itinerary_18.2.MP4,day_1_3_20_2026_Itinerary_18.2_01132a66.MP4,12884901888,12288.0,1538.0,59.94005994,3840x3360,hvc1,Global Settings,2026:03:20 04:08:03,day_1_3_20_2026_Itinerary_18.2_01132a66_exif.txt
day_1_3_20_2026_Itinerary_18.3_9228588b,day_1_3_20_2026,18.3,Itinerary_18.3.MP4,day_1_3_20_2026_Itinerary_18.3_9228588b.MP4,1838153728,1753.0,234.0,59.94005994,3840x3360,hvc1,Global Settings,2026:03:20 04:08:03,day_1_3_20_2026_Itinerary_18.3_9228588b_exif.txt
day_1_3_20_2026_Itinerary_20.1_fed9caff,day_1_3_20_2026,20.1,Itinerary_20.1.MP4,day_1_3_20_2026_Itinerary_20.1_fed9caff.MP4,980418560,935.0,125.0,59.94005994,3840x3360,hvc1,Global Settings,2026:03:20 03:04:05,day_1_3_20_2026_Itinerary_20.1_fed9caff_exif.txt
day_1_3_20_2026_Itinerary_20.2_462feae3,day_1_3_20_2026,20.2,Itinerary_20.2.MP4,day_1_3_20_2026_Itinerary_20.2_462feae3.MP4,12884901888,12288.0,1538.0,59.94005994,3840x3360,hvc1,Global Settings,2026:03:20 03:09:39,day_1_3_20_2026_Itinerary_20.2_462feae3_exif.txt
day_1_3_20_2026_Itinerary_20.3_19332643,day_1_3_20_2026,20.3,Itinerary_20.3.MP4,day_1_3_20_2026_Itinerary_20.3_19332643.MP4,12884901888,12288.0,1538.0,59.94005994,3840x3360,hvc1,Global Settings,2026:03:20 03:09:39,day_1_3_20_2026_Itinerary_20.3_19332643_exif.txt
day_1_3_20_2026_Itinerary_20.4_9f2e33da,day_1_3_20_2026,20.4,Itinerary_20.4.MP4,day_1_3_20_2026_Itinerary_20.4_9f2e33da.MP4,1720713216,1641.0,219.0,59.94005994,3840x3360,hvc1,Global Settings,2026:03:20 03:09:39,day_1_3_20_2026_Itinerary_20.4_9f2e33da_exif.txt
day_1_3_20_2026_Itinerary_20.5 & 18.1_11c1ea4d,day_1_3_20_2026,20.5 & 18.1,Itinerary_20.5 & 18.1.MP4,day_1_3_20_2026_Itinerary_20.5 & 18.1_11c1ea4d.MP4,12884901888,12288.0,1538.0,59.94005994,3840x3360,hvc1,Global Settings,2026:03:20 04:08:03,day_1_3_20_2026_Itinerary_20.5 & 18.1_11c1ea4d_exif.txt
day_1_3_20_2026_Itinerary_52.2 & 111.1_fbd11afb,day_1_3_20_2026,52.2 & 111.1,Itinerary_52.2 & 111.1.MP4,day_1_3_20_2026_Itinerary_52.2 & 111.1_fbd11afb.MP4,12884901888,12288.0,1538.0,59.94005994,3840x3360,hvc1,Global Settings,2026:03:20 05:08:07,day_1_3_20_2026_Itinerary_52.2 & 111.1_fbd11afb_exif.txt
day_1_3_20_2026_itinerary_52.1_235bbcc4,day_1_3_20_2026,52.1,itinerary_52.1.MP4,day_1_3_20_2026_itinerary_52.1_235bbcc4.MP4,12884901888,12288.0,1538.0,59.94005994,3840x3360,hvc1,Global Settings,2026:03:20 05:08:07,day_1_3_20_2026_itinerary_52.1_235bbcc4_exif.txt
day_2_3_23_2026_00.1_fda4cdcc,day_2_3_23_2026,00.1,00.1.MP4,day_2_3_23_2026_00.1_fda4cdcc.MP4,3865470566,3686.3999996185303,481.0,59.94005994,3840x3360,hvc1,Global Settings,2026:03:23 13:34:42,day_2_3_23_2026_00.1_fda4cdcc_exif.txt
day_2_3_23_2026_00.2_1499055c,day_2_3_23_2026,00.2,00.2.MP4,day_2_3_23_2026_00.2_1499055c.MP4,12884901888,12288.0,1538.0,59.94005994,3840x3360,hvc1,Global Settings,2026:03:23 13:34:42,day_2_3_23_2026_00.2_1499055c_exif.txt
day_2_3_23_2026_Itinerary_19.1_ae46d063,day_2_3_23_2026,19.1,Itinerary_19.1.MP4,day_2_3_23_2026_Itinerary_19.1_ae46d063.MP4,10522669875,10035.199999809265,1306.0,59.94005994,3840x3360,hvc1,Global Settings,2026:03:23 10:09:28,day_2_3_23_2026_Itinerary_19.1_ae46d063_exif.txt
day_2_3_23_2026_Itinerary_19.2_bd215bf6,day_2_3_23_2026,19.2,Itinerary_19.2.MP4,day_2_3_23_2026_Itinerary_19.2_bd215bf6.MP4,12884901888,12288.0,1538.0,59.94005994,3840x3360,hvc1,Global Settings,2026:03:23 10:42:01,day_2_3_23_2026_Itinerary_19.2_bd215bf6_exif.txt
day_2_3_23_2026_Itinerary_19.3_753bf59e,day_2_3_23_2026,19.3,Itinerary_19.3.MP4,day_2_3_23_2026_Itinerary_19.3_753bf59e.MP4,12884901888,12288.0,1538.0,59.94005994,3840x3360,hvc1,Global Settings,2026:03:23 10:42:01,day_2_3_23_2026_Itinerary_19.3_753bf59e_exif.txt
day_2_3_23_2026_Itinerary_19.4_f0978275,day_2_3_23_2026,19.4,Itinerary_19.4.MP4,day_2_3_23_2026_Itinerary_19.4_f0978275.MP4,4724464025,4505.599999427795,581.0,59.94005994,3840x3360,hvc1,Global Settings,2026:03:23 10:42:01,day_2_3_23_2026_Itinerary_19.4_f0978275_exif.txt
day_2_3_23_2026_Itinerary_19.5_2aa346a1,day_2_3_23_2026,19.5,Itinerary_19.5.MP4,day_2_3_23_2026_Itinerary_19.5_2aa346a1.MP4,11811160064,11264.0,1513.0,59.94005994,3840x3360,hvc1,Global Settings,2026:03:23 11:44:31,day_2_3_23_2026_Itinerary_19.5_2aa346a1_exif.txt
day_2_3_23_2026_Itinerary_19.6 & 64.1_6918ce8a,day_2_3_23_2026,19.6 & 64.1,Itinerary_19.6 & 64.1.MP4,day_2_3_23_2026_Itinerary_19.6 & 64.1_6918ce8a.MP4,11811160064,11264.0,1488.0,59.94005994,3840x3360,hvc1,Global Settings,2026:03:23 12:12:44,day_2_3_23_2026_Itinerary_19.6 & 64.1_6918ce8a_exif.txt
day_2_3_23_2026_Itinerary_21.1_83bc3ffb,day_2_3_23_2026,21.1,Itinerary_21.1.MP4,day_2_3_23_2026_Itinerary_21.1_83bc3ffb.MP4,12884901888,12288.0,1538.0,59.94005994,3840x3360,hvc1,Global Settings,2026:03:23 08:18:27,day_2_3_23_2026_Itinerary_21.1_83bc3ffb_exif.txt
day_2_3_23_2026_Itinerary_21.2_729bd686,day_2_3_23_2026,21.2,Itinerary_21.2.MP4,day_2_3_23_2026_Itinerary_21.2_729bd686.MP4,5368709120,5120.0,667.0,59.94005994,3840x3360,hvc1,Global Settings,2026:03:23 08:18:27,day_2_3_23_2026_Itinerary_21.2_729bd686_exif.txt
day_2_3_23_2026_Itinerary_21.3_dd9c3a3e,day_2_3_23_2026,21.3,Itinerary_21.3.MP4,day_2_3_23_2026_Itinerary_21.3_dd9c3a3e.MP4,1086324736,1036.0,138.0,59.94005994,3840x3360,hvc1,Global Settings,2026:03:23 10:00:32,day_2_3_23_2026_Itinerary_21.3_dd9c3a3e_exif.txt
day_2_3_23_2026_Itinerary_23.1_c51f22eb,day_2_3_23_2026,23.1,Itinerary_23.1.MP4,day_2_3_23_2026_Itinerary_23.1_c51f22eb.MP4,12884901888,12288.0,1538.0,59.94005994,3840x3360,hvc1,Global Settings,2026:03:23 06:28:57,day_2_3_23_2026_Itinerary_23.1_c51f22eb_exif.txt
day_2_3_23_2026_Itinerary_23.2_c8e1cc7b,day_2_3_23_2026,23.2,Itinerary_23.2.MP4,day_2_3_23_2026_Itinerary_23.2_c8e1cc7b.MP4,10737418240,10240.0,1359.0,59.94005994,3840x3360,hvc1,Global Settings,2026:03:23 06:28:57,day_2_3_23_2026_Itinerary_23.2_c8e1cc7b_exif.txt
day_2_3_23_2026_Itinerary_23.3_d96a2b5e,day_2_3_23_2026,23.3,Itinerary_23.3.MP4,day_2_3_23_2026_Itinerary_23.3_d96a2b5e.MP4,12884901888,12288.0,1538.0,59.94005994,3840x3360,hvc1,Global Settings,2026:03:23 07:19:30,day_2_3_23_2026_Itinerary_23.3_d96a2b5e_exif.txt
day_2_3_23_2026_Itinerary_23.4_d0fbf920,day_2_3_23_2026,23.4,Itinerary_23.4.MP4,day_2_3_23_2026_Itinerary_23.4_d0fbf920.MP4,10737418240,10240.0,1340.0,59.94005994,3840x3360,hvc1,Global Settings,2026:03:23 07:19:30,day_2_3_23_2026_Itinerary_23.4_d0fbf920_exif.txt
day_2_3_23_2026_Itinerary_23.5_ed50a928,day_2_3_23_2026,23.5,Itinerary_23.5.MP4,day_2_3_23_2026_Itinerary_23.5_ed50a928.MP4,4080218931,3891.199999809265,513.0,59.94005994,3840x3360,hvc1,Global Settings,2026:03:23 08:08:31,day_2_3_23_2026_Itinerary_23.5_ed50a928_exif.txt
day_2_3_23_2026_Itinerary_24.1_a12affee,day_2_3_23_2026,24.1,Itinerary_24.1.MP4,day_2_3_23_2026_Itinerary_24.1_a12affee.MP4,12884901888,12288.0,2114.0,29.97002997,3840x3360,hvc1,Global Settings,2026:03:23 03:20:56,day_2_3_23_2026_Itinerary_24.1_a12affee_exif.txt
day_2_3_23_2026_Itinerary_24.2_7811a2d9,day_2_3_23_2026,24.2,Itinerary_24.2.MP4,day_2_3_23_2026_Itinerary_24.2_7811a2d9.MP4,12884901888,12288.0,2114.0,29.97002997,3840x3360,hvc1,Global Settings,2026:03:23 03:20:56,day_2_3_23_2026_Itinerary_24.2_7811a2d9_exif.txt
day_2_3_23_2026_Itinerary_24.3_6db29446,day_2_3_23_2026,24.3,Itinerary_24.3.MP4,day_2_3_23_2026_Itinerary_24.3_6db29446.MP4,2254857830,2150.3999996185303,366.0,29.97002997,3840x3360,hvc1,Global Settings,2026:03:23 03:20:56,day_2_3_23_2026_Itinerary_24.3_6db29446_exif.txt
day_2_3_23_2026_Itinerary_24.4_496ec4c0,day_2_3_23_2026,24.4,Itinerary_24.4.MP4,day_2_3_23_2026_Itinerary_24.4_496ec4c0.MP4,9771050598,9318.39999961853,1216.0,59.94005994,3840x3360,hvc1,Global Settings,2026:03:23 05:27:48,day_2_3_23_2026_Itinerary_24.4_496ec4c0_exif.txt
day_2_3_23_2026_Itinerary_24.5_bf916be5,day_2_3_23_2026,24.5,Itinerary_24.5.MP4,day_2_3_23_2026_Itinerary_24.5_bf916be5.MP4,12884901888,12288.0,1538.0,59.94005994,3840x3360,hvc1,Global Settings,2026:03:23 05:59:08,day_2_3_23_2026_Itinerary_24.5_bf916be5_exif.txt
day_2_3_23_2026_Itinerary_24.6_9c7ce055,day_2_3_23_2026,24.6,Itinerary_24.6.MP4,day_2_3_23_2026_Itinerary_24.6_9c7ce055.MP4,985661440,940.0,125.0,59.94005994,3840x3360,hvc1,Global Settings,2026:03:23 05:59:08,day_2_3_23_2026_Itinerary_24.6_9c7ce055_exif.txt
day_2_3_23_2026_Itinerary_64.2 & 65.1_09aac7d9,day_2_3_23_2026,64.2 & 65.1,Itinerary_64.2 & 65.1.MP4,day_2_3_23_2026_Itinerary_64.2 & 65.1_09aac7d9.MP4,12884901888,12288.0,1538.0,59.94005994,3840x3360,hvc1,Global Settings,2026:03:23 12:40:21,day_2_3_23_2026_Itinerary_64.2 & 65.1_09aac7d9_exif.txt
day_2_3_23_2026_Itinerary_65.2_eda0ef43,day_2_3_23_2026,65.2,Itinerary_65.2.MP4,day_2_3_23_2026_Itinerary_65.2_eda0ef43.MP4,12884901888,12288.0,1602.0,59.94005994,3840x3360,hvc1,Global Settings,2026:03:23 12:40:21,day_2_3_23_2026_Itinerary_65.2_eda0ef43_exif.txt
day_2_3_23_2026_itinerary_21.4_cd590658,day_2_3_23_2026,21.4,itinerary_21.4.MP4,day_2_3_23_2026_itinerary_21.4_cd590658.MP4,2469606195,2355.199999809265,301.0,59.94005994,3840x3360,hvc1,Global Settings,2026:03:23 10:03:00,day_2_3_23_2026_itinerary_21.4_cd590658_exif.txt
day_3_3_24_2026_Itinerary_37.1_08a30378,day_3_3_24_2026,37.1,Itinerary_37.1.MP4,day_3_3_24_2026_Itinerary_37.1_08a30378.MP4,12884901888,12288.0,1538.0,59.94005994,3840x3360,hvc1,Global Settings,2026:03:24 03:05:51,day_3_3_24_2026_Itinerary_37.1_08a30378_exif.txt
day_3_3_24_2026_Itinerary_37.2_268e3049,day_3_3_24_2026,37.2,Itinerary_37.2.MP4,day_3_3_24_2026_Itinerary_37.2_268e3049.MP4,5583457484,5324.799999237061,695.0,59.94005994,3840x3360,hvc1,Global Settings,2026:03:24 04:03:51,day_3_3_24_2026_Itinerary_37.2_268e3049_exif.txt
day_3_3_24_2026_Itinerary_37.3_eaa6adaa,day_3_3_24_2026,37.3,Itinerary_37.3.MP4,day_3_3_24_2026_Itinerary_37.3_eaa6adaa.MP4,3006477107,2867.199999809265,369.0,59.94005994,3840x3360,hvc1,Global Settings,2026:03:24 04:43:27,day_3_3_24_2026_Itinerary_37.3_eaa6adaa_exif.txt
day_3_3_24_2026_Itinerary_37.4_e2765f5e,day_3_3_24_2026,37.4,Itinerary_37.4.MP4,day_3_3_24_2026_Itinerary_37.4_e2765f5e.MP4,12884901888,12288.0,1538.0,59.94005994,3840x3360,hvc1,Global Settings,2026:03:24 04:53:54,day_3_3_24_2026_Itinerary_37.4_e2765f5e_exif.txt
day_3_3_24_2026_Itinerary_37.5_fc61b8f3,day_3_3_24_2026,37.5,Itinerary_37.5.MP4,day_3_3_24_2026_Itinerary_37.5_fc61b8f3.MP4,6227702579,5939.199999809265,769.0,59.94005994,3840x3360,hvc1,Global Settings,2026:03:24 05:42:27,day_3_3_24_2026_Itinerary_37.5_fc61b8f3_exif.txt
day_3_3_24_2026_Itinerary_38.1_919a4e67,day_3_3_24_2026,38.1,Itinerary_38.1.MP4,day_3_3_24_2026_Itinerary_38.1_919a4e67.MP4,12884901888,12288.0,1538.0,59.94005994,3840x3360,hvc1,Global Settings,2026:03:24 05:42:27,day_3_3_24_2026_Itinerary_38.1_919a4e67_exif.txt
day_3_3_24_2026_Itinerary_38.2_8ab89950,day_3_3_24_2026,38.2,Itinerary_38.2.MP4,day_3_3_24_2026_Itinerary_38.2_8ab89950.MP4,9985798963,9523.199999809265,1245.0,59.94005994,3840x3360,hvc1,Global Settings,2026:03:24 04:53:54,day_3_3_24_2026_Itinerary_38.2_8ab89950_exif.txt
day_3_3_24_2026_Itinerary_39.1_26060f75,day_3_3_24_2026,39.1,Itinerary_39.1.MP4,day_3_3_24_2026_Itinerary_39.1_26060f75.MP4,10737418240,10240.0,1354.0,59.94005994,3840x3360,hvc1,Global Settings,2026:03:24 06:21:32,day_3_3_24_2026_Itinerary_39.1_26060f75_exif.txt
day_3_3_24_2026_Itinerary_39.2 & 60.1_87d1c550,day_3_3_24_2026,39.2 & 60.1,Itinerary_39.2 & 60.1.MP4,day_3_3_24_2026_Itinerary_39.2 & 60.1_87d1c550.MP4,12884901888,12288.0,1538.0,59.94005994,3840x3360,hvc1,Global Settings,2026:03:24 08:00:27,day_3_3_24_2026_Itinerary_39.2 & 60.1_87d1c550_exif.txt
day_3_3_24_2026_Itinerary_39.2_70e646f0,day_3_3_24_2026,39.2,Itinerary_39.2.MP4,day_3_3_24_2026_Itinerary_39.2_70e646f0.MP4,1254096896,1196.0,159.0,59.94005994,3840x3360,hvc1,Global Settings,2026:03:24 06:44:32,day_3_3_24_2026_Itinerary_39.2_70e646f0_exif.txt
day_3_3_24_2026_Itinerary_60.2_56c8b1dd,day_3_3_24_2026,60.2,Itinerary_60.2.MP4,day_3_3_24_2026_Itinerary_60.2_56c8b1dd.MP4,12884901888,12288.0,1538.0,59.94005994,3840x3360,hvc1,Global Settings,2026:03:24 08:48:35,day_3_3_24_2026_Itinerary_60.2_56c8b1dd_exif.txt
day_4_3_25_2026_Itinerary_28.1_38a319f6,day_4_3_25_2026,28.1,Itinerary_28.1.MP4,day_4_3_25_2026_Itinerary_28.1_38a319f6.MP4,11811160064,11264.0,1509.0,59.94005994,3840x3360,hvc1,Global Settings,2026:03:25 06:16:02,day_4_3_25_2026_Itinerary_28.1_38a319f6_exif.txt
day_4_3_25_2026_Itinerary_73.1_9cca76a7,day_4_3_25_2026,73.1,Itinerary_73.1.MP4,day_4_3_25_2026_Itinerary_73.1_9cca76a7.MP4,4187593113,3993.5999994277954,517.0,59.94005994,3840x3360,hvc1,Global Settings,2026:03:25 03:28:39,day_4_3_25_2026_Itinerary_73.1_9cca76a7_exif.txt
day_4_3_25_2026_Itinerary_73.2_e07698aa,day_4_3_25_2026,73.2,Itinerary_73.2.MP4,day_4_3_25_2026_Itinerary_73.2_e07698aa.MP4,12884901888,12288.0,1538.0,59.94005994,3840x3360,hvc1,Global Settings,2026:03:25 03:41:45,day_4_3_25_2026_Itinerary_73.2_e07698aa_exif.txt
day_4_3_25_2026_Itinerary_73.3_9392c95e,day_4_3_25_2026,73.3,Itinerary_73.3.MP4,day_4_3_25_2026_Itinerary_73.3_9392c95e.MP4,1519386624,1449.0,193.0,59.94005994,3840x3360,hvc1,Global Settings,2026:03:25 04:24:45,day_4_3_25_2026_Itinerary_73.3_9392c95e_exif.txt
day_4_3_25_2026_Itinerary_73.4_51316233,day_4_3_25_2026,73.4,Itinerary_73.4.MP4,day_4_3_25_2026_Itinerary_73.4_51316233.MP4,173015040,165.0,,59.94005994,3840x3360,hvc1,Global Settings,2026:03:25 04:29:29,day_4_3_25_2026_Itinerary_73.4_51316233_exif.txt
day_4_3_25_2026_Itinerary_73.5_2d185ed5,day_4_3_25_2026,73.5,Itinerary_73.5.MP4,day_4_3_25_2026_Itinerary_73.5_2d185ed5.MP4,173015040,165.0,,59.94005994,3840x3360,hvc1,Global Settings,2026:03:25 04:29:29,day_4_3_25_2026_Itinerary_73.5_2d185ed5_exif.txt
day_4_3_25_2026_Itinerary_73.6_4eea9b6a,day_4_3_25_2026,73.6,Itinerary_73.6.MP4,day_4_3_25_2026_Itinerary_73.6_4eea9b6a.MP4,12884901888,12288.0,1538.0,59.94005994,3840x3360,hvc1,Global Settings,2026:03:25 04:34:03,day_4_3_25_2026_Itinerary_73.6_4eea9b6a_exif.txt
day_4_3_25_2026_Itinerary_73.7_c319e4cc,day_4_3_25_2026,73.7,Itinerary_73.7.MP4,day_4_3_25_2026_Itinerary_73.7_c319e4cc.MP4,945815552,902.0,120.0,59.94005994,3840x3360,hvc1,Global Settings,2026:03:25 04:34:03,day_4_3_25_2026_Itinerary_73.7_c319e4cc_exif.txt
day_4_3_25_2026_Itinerary_74.1_9693c07d,day_4_3_25_2026,74.1,Itinerary_74.1.MP4,day_4_3_25_2026_Itinerary_74.1_9693c07d.MP4,12884901888,12288.0,1538.0,59.94005994,3840x3360,hvc1,Global Settings,2026:03:25 05:08:36,day_4_3_25_2026_Itinerary_74.1_9693c07d_exif.txt
day_4_3_25_2026_Itinerary_74.2_2c6b2a17,day_4_3_25_2026,74.2,Itinerary_74.2.MP4,day_4_3_25_2026_Itinerary_74.2_2c6b2a17.MP4,2054160384,1959.0,262.0,59.94005994,3840x3360,hvc1,Global Settings,2026:03:25 05:08:36,day_4_3_25_2026_Itinerary_74.2_2c6b2a17_exif.txt
day_4_3_25_2026_Itinerary_74.3_d0f0995c,day_4_3_25_2026,74.3,Itinerary_74.3.MP4,day_4_3_25_2026_Itinerary_74.3_d0f0995c.MP4,1216348160,1160.0,155.0,59.94005994,3840x3360,hvc1,Global Settings,2026:03:25 05:39:28,day_4_3_25_2026_Itinerary_74.3_d0f0995c_exif.txt
day_4_3_25_2026_Itinerary_74.4_a1af1153,day_4_3_25_2026,74.4,Itinerary_74.4.MP4,day_4_3_25_2026_Itinerary_74.4_a1af1153.MP4,12884901888,12288.0,1538.0,59.94005994,3840x3360,hvc1,Global Settings,2026:03:25 05:44:55,day_4_3_25_2026_Itinerary_74.4_a1af1153_exif.txt
day_4_3_25_2026_Itinerary_74.5_f4c6b63d,day_4_3_25_2026,74.5,Itinerary_74.5.MP4,day_4_3_25_2026_Itinerary_74.5_f4c6b63d.MP4,2011168768,1918.0,256.0,59.94005994,3840x3360,hvc1,Global Settings,2026:03:25 05:44:55,day_4_3_25_2026_Itinerary_74.5_f4c6b63d_exif.txt
day_4_3_25_2026_Itinerary_75.2_b1d33136,day_4_3_25_2026,75.2,Itinerary_75.2.MP4,day_4_3_25_2026_Itinerary_75.2_b1d33136.MP4,1303379968,1243.0,166.0,59.94005994,3840x3360,hvc1,Global Settings,2026:03:25 09:20:51,day_4_3_25_2026_Itinerary_75.2_b1d33136_exif.txt
day_4_3_25_2026_Itinerary_77.4_8e5cd76d,day_4_3_25_2026,77.4,Itinerary_77.4.MP4,day_4_3_25_2026_Itinerary_77.4_8e5cd76d.MP4,19922944,19.0,,59.94005994,3840x3360,hvc1,Global Settings,2026:03:25 08:59:40,day_4_3_25_2026_Itinerary_77.4_8e5cd76d_exif.txt
day_5_3_30_2026_Itinerarary_33.5_7a3d0989,day_5_3_30_2026,33.5,Itinerarary_33.5.MP4,day_5_3_30_2026_Itinerarary_33.5_7a3d0989.MP4,3650722201,3481.5999994277954,456.0,59.94005994,3840x3360,hvc1,Global Settings,2026:03:30 02:23:36,day_5_3_30_2026_Itinerarary_33.5_7a3d0989_exif.txt
day_5_3_30_2026_Itinerary_32.1_b3dc2286,day_5_3_30_2026,32.1,Itinerary_32.1.MP4,day_5_3_30_2026_Itinerary_32.1_b3dc2286.MP4,12884901888,12288.0,1538.0,59.94005994,3840x3360,hvc1,Global Settings,2026:03:30 03:00:50,day_5_3_30_2026_Itinerary_32.1_b3dc2286_exif.txt
day_5_3_30_2026_Itinerary_33.1_d025fc26,day_5_3_30_2026,33.1,Itinerary_33.1.MP4,day_5_3_30_2026_Itinerary_33.1_d025fc26.MP4,12884901888,12288.0,1538.0,59.94005994,3840x3360,hvc1,Global Settings,2026:03:30 01:15:30,day_5_3_30_2026_Itinerary_33.1_d025fc26_exif.txt
day_5_3_30_2026_Itinerary_33.2_88648427,day_5_3_30_2026,33.2,Itinerary_33.2.MP4,day_5_3_30_2026_Itinerary_33.2_88648427.MP4,4187593113,3993.5999994277954,520.0,59.94005994,3840x3360,hvc1,Global Settings,2026:03:30 01:15:30,day_5_3_30_2026_Itinerary_33.2_88648427_exif.txt
day_5_3_30_2026_Itinerary_33.3_5046d997,day_5_3_30_2026,33.3,Itinerary_33.3.MP4,day_5_3_30_2026_Itinerary_33.3_5046d997.MP4,1461714944,1394.0,185.0,59.94005994,3840x3360,hvc1,Global Settings,2026:03:30 02:00:10,day_5_3_30_2026_Itinerary_33.3_5046d997_exif.txt
day_5_3_30_2026_Itinerary_33.4_0a71a544,day_5_3_30_2026,33.4,Itinerary_33.4.MP4,day_5_3_30_2026_Itinerary_33.4_0a71a544.MP4,4294967296,4096.0,540.0,59.94005994,3840x3360,hvc1,Global Settings,2026:03:30 02:13:39,day_5_3_30_2026_Itinerary_33.4_0a71a544_exif.txt
day_5_3_30_2026_Itinerary_33.6_07a78e29,day_5_3_30_2026,33.6,Itinerary_33.6.MP4,day_5_3_30_2026_Itinerary_33.6_07a78e29.MP4,10737418240,10240.0,1366.0,59.94005994,3840x3360,hvc1,Global Settings,2026:03:30 02:36:30,day_5_3_30_2026_Itinerary_33.6_07a78e29_exif.txt
day_5_3_30_2026_Itinerary_34.1_df1405f2,day_5_3_30_2026,34.1,Itinerary_34.1.MP4,day_5_3_30_2026_Itinerary_34.1_df1405f2.MP4,12884901888,12288.0,1538.0,59.94005994,3840x3360,hvc1,Global Settings,2026:03:30 09:25:57,day_5_3_30_2026_Itinerary_34.1_df1405f2_exif.txt
day_5_3_30_2026_Itinerary_34.2_570b2039,day_5_3_30_2026,34.2,Itinerary_34.2.MP4,day_5_3_30_2026_Itinerary_34.2_570b2039.MP4,7301444403,6963.199999809265,913.0,59.94005994,3840x3360,hvc1,Global Settings,2026:03:30 09:25:57,day_5_3_30_2026_Itinerary_34.2_570b2039_exif.txt
day_5_3_30_2026_Itinerary_34.3_0483f27f,day_5_3_30_2026,34.3,Itinerary_34.3.MP4,day_5_3_30_2026_Itinerary_34.3_0483f27f.MP4,609222656,581.0,77.0,59.94005994,3840x3360,hvc1,Global Settings,2026:03:30 10:32:54,day_5_3_30_2026_Itinerary_34.3_0483f27f_exif.txt
day_5_3_30_2026_Itinerary_34.4_4fc3a3f3,day_5_3_30_2026,34.4,Itinerary_34.4.MP4,day_5_3_30_2026_Itinerary_34.4_4fc3a3f3.MP4,177209344,169.0,,59.94005994,3840x3360,hvc1,Global Settings,2026:03:30 10:51:01,day_5_3_30_2026_Itinerary_34.4_4fc3a3f3_exif.txt
day_5_3_30_2026_Itinerary_34.5_b9900fff,day_5_3_30_2026,34.5,Itinerary_34.5.MP4,day_5_3_30_2026_Itinerary_34.5_b9900fff.MP4,12884901888,12288.0,1538.0,59.94005994,3840x3360,hvc1,Global Settings,2026:03:30 10:52:22,day_5_3_30_2026_Itinerary_34.5_b9900fff_exif.txt
day_5_3_30_2026_Itinerary_34.6_f15816cb,day_5_3_30_2026,34.6,Itinerary_34.6.MP4,day_5_3_30_2026_Itinerary_34.6_f15816cb.MP4,11811160064,11264.0,1491.0,59.94005994,3840x3360,hvc1,Global Settings,2026:03:30 10:52:22,day_5_3_30_2026_Itinerary_34.6_f15816cb_exif.txt
day_5_3_30_2026_Itinerary_35.1_8d0d7774,day_5_3_30_2026,35.1,Itinerary_35.1.MP4,day_5_3_30_2026_Itinerary_35.1_8d0d7774.MP4,12884901888,12288.0,1538.0,59.94005994,3840x3360,hvc1,Global Settings,2026:03:30 03:00:50,day_5_3_30_2026_Itinerary_35.1_8d0d7774_exif.txt
day_5_3_30_2026_Itinerary_35.2_98b922ab,day_5_3_30_2026,35.2,Itinerary_35.2.MP4,day_5_3_30_2026_Itinerary_35.2_98b922ab.MP4,3221225472,3072.0,399.0,59.94005994,3840x3360,hvc1,Global Settings,2026:03:30 03:00:50,day_5_3_30_2026_Itinerary_35.2_98b922ab_exif.txt
day_5_3_30_2026_Itinerary_36.1_39443ae0,day_5_3_30_2026,36.1,Itinerary_36.1.MP4,day_5_3_30_2026_Itinerary_36.1_39443ae0.MP4,2362232012,2252.7999992370605,288.0,59.94005994,3840x3360,hvc1,Global Settings,2026:03:30 04:02:20,day_5_3_30_2026_Itinerary_36.1_39443ae0_exif.txt
day_5_3_30_2026_Itinerary_36.2 & 61.1_e7c530d6,day_5_3_30_2026,36.2 & 61.1,Itinerary_36.2 & 61.1.MP4,day_5_3_30_2026_Itinerary_36.2 & 61.1_e7c530d6.MP4,12884901888,12288.0,1538.0,59.94005994,3840x3360,hvc1,Global Settings,2026:03:30 04:08:14,day_5_3_30_2026_Itinerary_36.2 & 61.1_e7c530d6_exif.txt
day_5_3_30_2026_Itinerary_40.2_ebf1650c,day_5_3_30_2026,40.2,Itinerary_40.2.MP4,day_5_3_30_2026_Itinerary_40.2_ebf1650c.MP4,3328599654,3174.3999996185303,408.0,59.94005994,3840x3360,hvc1,Global Settings,2026:03:30 08:18:39,day_5_3_30_2026_Itinerary_40.2_ebf1650c_exif.txt
day_5_3_30_2026_Itinerary_40.3_11431c24,day_5_3_30_2026,40.3,Itinerary_40.3.MP4,day_5_3_30_2026_Itinerary_40.3_11431c24.MP4,12884901888,12288.0,1538.0,59.94005994,3840x3360,hvc1,Global Settings,2026:03:30 09:25:57,day_5_3_30_2026_Itinerary_40.3_11431c24_exif.txt
day_5_3_30_2026_Itinerary_41.1_31be1891,day_5_3_30_2026,41.1,Itinerary_41.1.MP4,day_5_3_30_2026_Itinerary_41.1_31be1891.MP4,985661440,940.0,125.0,59.94005994,3840x3360,hvc1,Global Settings,2026:03:30 08:03:05,day_5_3_30_2026_Itinerary_41.1_31be1891_exif.txt
day_5_3_30_2026_Itinerary_41.2_11dc4dd5,day_5_3_30_2026,41.2,Itinerary_41.2.MP4,day_5_3_30_2026_Itinerary_41.2_11dc4dd5.MP4,12884901888,12288.0,1538.0,59.94005994,3840x3360,hvc1,Global Settings,2026:03:30 08:18:39,day_5_3_30_2026_Itinerary_41.2_11dc4dd5_exif.txt
day_5_3_30_2026_Itinerary_41.3 & 40.1_74785946,day_5_3_30_2026,41.3 & 40.1,Itinerary_41.3 & 40.1.MP4,day_5_3_30_2026_Itinerary_41.3 & 40.1_74785946.MP4,12884901888,12288.0,1538.0,59.94005994,3840x3360,hvc1,Global Settings,2026:03:30 08:18:39,day_5_3_30_2026_Itinerary_41.3 & 40.1_74785946_exif.txt
day_5_3_30_2026_Itinerary_42.2_262a9cfd,day_5_3_30_2026,42.2,Itinerary_42.2.MP4,day_5_3_30_2026_Itinerary_42.2_262a9cfd.MP4,12884901888,12288.0,1538.0,59.94005994,3840x3360,hvc1,Global Settings,2026:03:30 07:04:24,day_5_3_30_2026_Itinerary_42.2_262a9cfd_exif.txt
day_5_3_30_2026_Itinerary_42.3_91990515,day_5_3_30_2026,42.3,Itinerary_42.3.MP4,day_5_3_30_2026_Itinerary_42.3_91990515.MP4,2684354560,2560.0,334.0,59.94005994,3840x3360,hvc1,Global Settings,2026:03:30 07:04:24,day_5_3_30_2026_Itinerary_42.3_91990515_exif.txt
day_5_3_30_2026_Itinerary_61.2 & 62.1_a987d01f,day_5_3_30_2026,61.2 & 62.1,Itinerary_61.2 & 62.1.MP4,day_5_3_30_2026_Itinerary_61.2 & 62.1_a987d01f.MP4,12884901888,12288.0,1538.0,59.94005994,3840x3360,hvc1,Global Settings,2026:03:30 04:08:14,day_5_3_30_2026_Itinerary_61.2 & 62.1_a987d01f_exif.txt
day_5_3_30_2026_Itinerary_62.2_73b55266,day_5_3_30_2026,62.2,Itinerary_62.2.MP4,day_5_3_30_2026_Itinerary_62.2_73b55266.MP4,4294967296,4096.0,539.0,59.94005994,3840x3360,hvc1,Global Settings,2026:03:30 04:08:14,day_5_3_30_2026_Itinerary_62.2_73b55266_exif.txt
day_6_3_31_2026_Itinerary_22.1_59f4c10d,day_6_3_31_2026,22.1,Itinerary_22.1.MP4,day_6_3_31_2026_Itinerary_22.1_59f4c10d.MP4,12884901888,12288.0,1538.0,59.94005994,3840x3360,hvc1,Global Settings,2026:03:31 01:27:39,day_6_3_31_2026_Itinerary_22.1_59f4c10d_exif.txt
day_6_3_31_2026_Itinerary_22.2_1f2ceabf,day_6_3_31_2026,22.2,Itinerary_22.2.MP4,day_6_3_31_2026_Itinerary_22.2_1f2ceabf.MP4,12884901888,12288.0,1538.0,59.94005994,3840x3360,hvc1,Global Settings,2026:03:31 01:27:39,day_6_3_31_2026_Itinerary_22.2_1f2ceabf_exif.txt
day_6_3_31_2026_Itinerary_22.3_21a7957f,day_6_3_31_2026,22.3,Itinerary_22.3.MP4,day_6_3_31_2026_Itinerary_22.3_21a7957f.MP4,5046586572,4812.799999237061,623.0,59.94005994,3840x3360,hvc1,Global Settings,2026:03:31 01:27:39,day_6_3_31_2026_Itinerary_22.3_21a7957f_exif.txt
day_6_3_31_2026_Itinerary_22.4_b6f34855,day_6_3_31_2026,22.4,Itinerary_22.4.MP4,day_6_3_31_2026_Itinerary_22.4_b6f34855.MP4,186646528,178.0,,59.94005994,3840x3360,hvc1,Global Settings,2026:03:31 02:29:33,day_6_3_31_2026_Itinerary_22.4_b6f34855_exif.txt
day_6_3_31_2026_Itinerary_22.5 & 92.1_1d607550,day_6_3_31_2026,22.5 & 92.1,Itinerary_22.5 & 92.1.MP4,day_6_3_31_2026_Itinerary_22.5 & 92.1_1d607550.MP4,12884901888,12288.0,1538.0,59.94005994,3840x3360,hvc1,Global Settings,2026:03:31 02:31:49,day_6_3_31_2026_Itinerary_22.5 & 92.1_1d607550_exif.txt
day_6_3_31_2026_Itinerary_91.1_61de3486,day_6_3_31_2026,91.1,Itinerary_91.1.MP4,day_6_3_31_2026_Itinerary_91.1_61de3486.MP4,10737418240,10240.0,1340.0,59.94005994,3840x3360,hvc1,Global Settings,2026:03:31 04:45:38,day_6_3_31_2026_Itinerary_91.1_61de3486_exif.txt
day_6_3_31_2026_Itinerary_91.2_7588862e,day_6_3_31_2026,91.2,Itinerary_91.2.MP4,day_6_3_31_2026_Itinerary_91.2_7588862e.MP4,7516192768,7168.0,938.0,59.94005994,3840x3360,hvc1,Global Settings,2026:03:31 07:01:26,day_6_3_31_2026_Itinerary_91.2_7588862e_exif.txt
day_6_3_31_2026_Itinerary_91.3_bc7f33c3,day_6_3_31_2026,91.3,Itinerary_91.3.MP4,day_6_3_31_2026_Itinerary_91.3_bc7f33c3.MP4,10737418240,10240.0,1364.0,59.94005994,3840x3360,hvc1,Global Settings,2026:03:31 07:20:18,day_6_3_31_2026_Itinerary_91.3_bc7f33c3_exif.txt
day_6_3_31_2026_Itinerary_91.4_1c5359db,day_6_3_31_2026,91.4,Itinerary_91.4.MP4,day_6_3_31_2026_Itinerary_91.4_1c5359db.MP4,6764573491,6451.199999809265,840.0,59.94005994,3840x3360,hvc1,Global Settings,2026:03:31 07:44:59,day_6_3_31_2026_Itinerary_91.4_1c5359db_exif.txt
day_6_3_31_2026_Itinerary_91.5_4edf890a,day_6_3_31_2026,91.5,Itinerary_91.5.MP4,day_6_3_31_2026_Itinerary_91.5_4edf890a.MP4,10737418240,10240.0,1381.0,59.94005994,3840x3360,hvc1,Global Settings,2026:03:31 08:05:03,day_6_3_31_2026_Itinerary_91.5_4edf890a_exif.txt
day_6_3_31_2026_Itinerary_91.6_1af535ea,day_6_3_31_2026,91.6,Itinerary_91.6.MP4,day_6_3_31_2026_Itinerary_91.6_1af535ea.MP4,3972844748,3788.7999992370605,490.0,59.94005994,3840x3360,hvc1,Global Settings,2026:03:31 08:28:52,day_6_3_31_2026_Itinerary_91.6_1af535ea_exif.txt
day_6_3_31_2026_Itinerary_92.2_6bb097b6,day_6_3_31_2026,92.2,Itinerary_92.2.MP4,day_6_3_31_2026_Itinerary_92.2_6bb097b6.MP4,12884901888,12288.0,1538.0,59.94005994,3840x3360,hvc1,Global Settings,2026:03:31 02:31:49,day_6_3_31_2026_Itinerary_92.2_6bb097b6_exif.txt
day_6_3_31_2026_Itinerary_92.3_2d9fee73,day_6_3_31_2026,92.3,Itinerary_92.3.MP4,day_6_3_31_2026_Itinerary_92.3_2d9fee73.MP4,2362232012,2252.7999992370605,299.0,59.94005994,3840x3360,hvc1,Global Settings,2026:03:31 02:31:49,day_6_3_31_2026_Itinerary_92.3_2d9fee73_exif.txt
day_6_3_31_2026_Itinerary_93.2_a1fc6fa4,day_6_3_31_2026,93.2,Itinerary_93.2.MP4,day_6_3_31_2026_Itinerary_93.2_a1fc6fa4.MP4,12884901888,12288.0,1538.0,59.94005994,3840x3360,hvc1,Global Settings,2026:03:31 03:29:27,day_6_3_31_2026_Itinerary_93.2_a1fc6fa4_exif.txt
day_6_3_31_2026_Itinerary_94.1_431f4df6,day_6_3_31_2026,94.1,Itinerary_94.1.MP4,day_6_3_31_2026_Itinerary_94.1_431f4df6.MP4,4617089843,4403.199999809265,575.0,59.94005994,3840x3360,hvc1,Global Settings,2026:03:31 03:29:27,day_6_3_31_2026_Itinerary_94.1_431f4df6_exif.txt
day_6_3_31_2026_Itinerary_94.2_84301860,day_6_3_31_2026,94.2,Itinerary_94.2.MP4,day_6_3_31_2026_Itinerary_94.2_84301860.MP4,12884901888,12288.0,1538.0,59.94005994,3840x3360,hvc1,Global Settings,2026:03:31 04:45:38,day_6_3_31_2026_Itinerary_94.2_84301860_exif.txt
day_6_3_31_2026_Itinerary_95 & 93.1_a2a94bab,day_6_3_31_2026,95 & 93.1,Itinerary_95 & 93.1.MP4,day_6_3_31_2026_Itinerary_95 & 93.1_a2a94bab.MP4,12884901888,12288.0,1538.0,59.94005994,3840x3360,hvc1,Global Settings,2026:03:31 03:29:27,day_6_3_31_2026_Itinerary_95 & 93.1_a2a94bab_exif.txt
day_7_4_01_2026_Itineerary_70.4_32eaf1e2,day_7_4_01_2026,70.4,Itineerary_70.4.MP4,day_7_4_01_2026_Itineerary_70.4_32eaf1e2.MP4,12884901888,12288.0,1538.0,59.94005994,3840x3360,hvc1,Global Settings,2026:04:01 04:36:34,day_7_4_01_2026_Itineerary_70.4_32eaf1e2_exif.txt
day_7_4_01_2026_Itinerary_67.2_f7fb6fa5,day_7_4_01_2026,67.2,Itinerary_67.2.MP4,day_7_4_01_2026_Itinerary_67.2_f7fb6fa5.MP4,12884901888,12288.0,1538.0,59.94005994,3840x3360,hvc1,Global Settings,2026:04:01 06:54:08,day_7_4_01_2026_Itinerary_67.2_f7fb6fa5_exif.txt
day_7_4_01_2026_Itinerary_67.3_23a0c983,day_7_4_01_2026,67.3,Itinerary_67.3.MP4,day_7_4_01_2026_Itinerary_67.3_23a0c983.MP4,12884901888,12288.0,1538.0,59.94005994,3840x3360,hvc1,Global Settings,2026:04:01 06:54:08,day_7_4_01_2026_Itinerary_67.3_23a0c983_exif.txt
day_7_4_01_2026_Itinerary_67.4_b6f0b047,day_7_4_01_2026,67.4,Itinerary_67.4.MP4,day_7_4_01_2026_Itinerary_67.4_b6f0b047.MP4,4831838208,4608.0,603.0,59.94005994,3840x3360,hvc1,Global Settings,2026:04:01 07:56:39,day_7_4_01_2026_Itinerary_67.4_b6f0b047_exif.txt
day_7_4_01_2026_Itinerary_68.1_58cd824f,day_7_4_01_2026,68.1,Itinerary_68.1.MP4,day_7_4_01_2026_Itinerary_68.1_58cd824f.MP4,1202716672,1147.0,153.0,59.94005994,3840x3360,hvc1,Global Settings,2026:04:01 05:38:58,day_7_4_01_2026_Itinerary_68.1_58cd824f_exif.txt
day_7_4_01_2026_Itinerary_68.2_5401e632,day_7_4_01_2026,68.2,Itinerary_68.2.MP4,day_7_4_01_2026_Itinerary_68.2_5401e632.MP4,12884901888,12288.0,1538.0,59.94005994,3840x3360,hvc1,Global Settings,2026:04:01 05:54:39,day_7_4_01_2026_Itinerary_68.2_5401e632_exif.txt
day_7_4_01_2026_Itinerary_68.5_37cdda1b,day_7_4_01_2026,68.5,Itinerary_68.5.MP4,day_7_4_01_2026_Itinerary_68.5_37cdda1b.MP4,3435973836,3276.7999992370605,427.0,59.94005994,3840x3360,hvc1,Global Settings,2026:04:01 05:54:39,day_7_4_01_2026_Itinerary_68.5_37cdda1b_exif.txt
day_7_4_01_2026_Itinerary_69.2_6899d39a,day_7_4_01_2026,69.2,Itinerary_69.2.MP4,day_7_4_01_2026_Itinerary_69.2_6899d39a.MP4,4509715660,4300.799999237061,556.0,59.94005994,3840x3360,hvc1,Global Settings,2026:04:01 04:36:34,day_7_4_01_2026_Itinerary_69.2_6899d39a_exif.txt
day_7_4_01_2026_Itinerary_70.1_807ca0af,day_7_4_01_2026,70.1,Itinerary_70.1.MP4,day_7_4_01_2026_Itinerary_70.1_807ca0af.MP4,12884901888,12288.0,1538.0,59.94005994,3840x3360,hvc1,Global Settings,2026:04:01 03:37:16,day_7_4_01_2026_Itinerary_70.1_807ca0af_exif.txt
day_7_4_01_2026_Itinerary_70.2_6bb5ec28,day_7_4_01_2026,70.2,Itinerary_70.2.MP4,day_7_4_01_2026_Itinerary_70.2_6bb5ec28.MP4,12884901888,12288.0,1538.0,59.94005994,3840x3360,hvc1,Global Settings,2026:04:01 03:37:16,day_7_4_01_2026_Itinerary_70.2_6bb5ec28_exif.txt
day_7_4_01_2026_Itinerary_70.3_6d183546,day_7_4_01_2026,70.3,Itinerary_70.3.MP4,day_7_4_01_2026_Itinerary_70.3_6d183546.MP4,3328599654,3174.3999996185303,407.0,59.94005994,3840x3360,hvc1,Global Settings,2026:04:01 03:37:16,day_7_4_01_2026_Itinerary_70.3_6d183546_exif.txt
day_7_4_01_2026_Itinerary_70.5 & 69.1_fd21d8b9,day_7_4_01_2026,70.5 & 69.1,Itinerary_70.5 & 69.1.MP4,day_7_4_01_2026_Itinerary_70.5 & 69.1_fd21d8b9.MP4,12884901888,12288.0,1538.0,59.94005994,3840x3360,hvc1,Global Settings,2026:04:01 04:36:34,day_7_4_01_2026_Itinerary_70.5 & 69.1_fd21d8b9_exif.txt
day_7_4_01_2026_Itinerary_84.1_a27bb271,day_7_4_01_2026,84.1,Itinerary_84.1.MP4,day_7_4_01_2026_Itinerary_84.1_a27bb271.MP4,8804682956,8396.79999923706,1093.0,59.94005994,3840x3360,hvc1,Global Settings,2026:04:01 10:25:15,day_7_4_01_2026_Itinerary_84.1_a27bb271_exif.txt
day_7_4_01_2026_Itinerary_84.2_35afaad5,day_7_4_01_2026,84.2,Itinerary_84.2.MP4,day_7_4_01_2026_Itinerary_84.2_35afaad5.MP4,7194070220,6860.799999237061,899.0,59.94005994,3840x3360,hvc1,Global Settings,2026:04:01 10:43:38,day_7_4_01_2026_Itinerary_84.2_35afaad5_exif.txt
day_7_4_01_2026_Itinerary_84.3_66414798,day_7_4_01_2026,84.3,Itinerary_84.3.MP4,day_7_4_01_2026_Itinerary_84.3_66414798.MP4,9663676416,9216.0,1195.0,59.94005994,3840x3360,hvc1,Global Settings,2026:04:01 11:10:16,day_7_4_01_2026_Itinerary_84.3_66414798_exif.txt
day_7_4_01_2026_Itinerary_84.4_0b9da4ef,day_7_4_01_2026,84.4,Itinerary_84.4.MP4,day_7_4_01_2026_Itinerary_84.4_0b9da4ef.MP4,12884901888,12288.0,1538.0,59.94005994,3840x3360,hvc1,Global Settings,2026:04:01 11:32:28,day_7_4_01_2026_Itinerary_84.4_0b9da4ef_exif.txt
day_7_4_01_2026_Itinerary_84.5_d6598e3a,day_7_4_01_2026,84.5,Itinerary_84.5.MP4,day_7_4_01_2026_Itinerary_84.5_d6598e3a.MP4,5476083302,5222.39999961853,685.0,59.94005994,3840x3360,hvc1,Global Settings,2026:04:01 11:32:28,day_7_4_01_2026_Itinerary_84.5_d6598e3a_exif.txt
day_7_4_01_2026_Itinerary_85.1_83b1a86d,day_7_4_01_2026,85.1,Itinerary_85.1.MP4,day_7_4_01_2026_Itinerary_85.1_83b1a86d.MP4,12884901888,12288.0,1538.0,59.94005994,3840x3360,hvc1,Global Settings,2026:04:01 09:29:03,day_7_4_01_2026_Itinerary_85.1_83b1a86d_exif.txt
day_7_4_01_2026_Itinerary_94.2_f7661538,day_7_4_01_2026,94.2,Itinerary_94.2.MP4,day_7_4_01_2026_Itinerary_94.2_f7661538.MP4,12884901888,12288.0,1538.0,59.94005994,3840x3360,hvc1,Global Settings,2026:03:31 04:45:38,day_7_4_01_2026_Itinerary_94.2_f7661538_exif.txt
day_8_6_01_2026_105.1_9b144278,day_8_6_01_2026,105.1,105.1.MP4,day_8_6_01_2026_105.1_9b144278.MP4,3113851289,2969.5999994277954,273.0,100.0,1920x1080,hvc1,Global Settings,2026:05:26 06:34:27,day_8_6_01_2026_105.1_9b144278_exif.txt
day_8_6_01_2026_105.2_587340b3,day_8_6_01_2026,105.2,105.2.MP4,day_8_6_01_2026_105.2_587340b3.MP4,1569718272,1497.0,141.0,100.0,1920x1080,hvc1,Global Settings,2026:05:26 06:40:36,day_8_6_01_2026_105.2_587340b3_exif.txt
day_8_6_01_2026_105.4_ff4915ad,day_8_6_01_2026,105.4,105.4.MP4,day_8_6_01_2026_105.4_ff4915ad.MP4,4831838208,4608.0,420.0,100.0,1920x1080,hvc1,Global Settings,2026:05:26 06:47:49,day_8_6_01_2026_105.4_ff4915ad_exif.txt
day_8_6_01_2026_105.6_5f7f1136,day_8_6_01_2026,105.6,105.6.MP4,day_8_6_01_2026_105.6_5f7f1136.MP4,4080218931,3891.199999809265,362.0,100.0,1920x1080,hvc1,Global Settings,2026:05:26 06:59:31,day_8_6_01_2026_105.6_5f7f1136_exif.txt
day_8_6_01_2026_106.1_0e0f8692,day_8_6_01_2026,106.1,106.1.MP4,day_8_6_01_2026_106.1_0e0f8692.MP4,4402341478,4198.39999961853,383.0,100.0,1920x1080,hvc1,Global Settings,2026:05:26 08:31:00,day_8_6_01_2026_106.1_0e0f8692_exif.txt
day_8_6_01_2026_106.2_2fb32ec9,day_8_6_01_2026,106.2,106.2.MP4,day_8_6_01_2026_106.2_2fb32ec9.MP4,3435973836,3276.7999992370605,297.0,100.0,1920x1080,hvc1,Global Settings,2026:05:26 08:38:34,day_8_6_01_2026_106.2_2fb32ec9_exif.txt
day_8_6_01_2026_106.3_87a48d59,day_8_6_01_2026,106.3,106.3.MP4,day_8_6_01_2026_106.3_87a48d59.MP4,3650722201,3481.5999994277954,323.0,100.0,1920x1080,hvc1,Global Settings,2026:05:26 08:44:31,day_8_6_01_2026_106.3_87a48d59_exif.txt
day_8_6_01_2026_106.4_e1ff5923,day_8_6_01_2026,106.4,106.4.MP4,day_8_6_01_2026_106.4_e1ff5923.MP4,5046586572,4812.799999237061,442.0,100.0,1920x1080,hvc1,Global Settings,2026:05:26 08:52:15,day_8_6_01_2026_106.4_e1ff5923_exif.txt
day_8_6_01_2026_106.5_324e4bf7,day_8_6_01_2026,106.5,106.5.MP4,day_8_6_01_2026_106.5_324e4bf7.MP4,5261334937,5017.599999427795,458.0,100.0,1920x1080,hvc1,Global Settings,2026:05:26 09:01:37,day_8_6_01_2026_106.5_324e4bf7_exif.txt
day_8_6_01_2026_43.1_a216dde4,day_8_6_01_2026,43.1,43.1.MP4,day_8_6_01_2026_43.1_a216dde4.MP4,12884901888,12288.0,1088.0,100.0,1920x1080,hvc1,Global Settings,2026:05:26 03:11:09,day_8_6_01_2026_43.1_a216dde4_exif.txt
day_8_6_01_2026_43.2_3376150a,day_8_6_01_2026,43.2,43.2.MP4,day_8_6_01_2026_43.2_3376150a.MP4,11811160064,11264.0,1030.0,100.0,1920x1080,hvc1,Global Settings,2026:05:26 03:11:09,day_8_6_01_2026_43.2_3376150a_exif.txt
day_8_6_01_2026_43.3_882ddcb0,day_8_6_01_2026,43.3,43.3.MP4,day_8_6_01_2026_43.3_882ddcb0.MP4,9878424780,9420.79999923706,870.0,100.0,1920x1080,hvc1,Global Settings,2026:05:26 03:48:32,day_8_6_01_2026_43.3_882ddcb0_exif.txt
day_8_6_01_2026_43.4_d0b1ecaf,day_8_6_01_2026,43.4,43.4.MP4,day_8_6_01_2026_43.4_d0b1ecaf.MP4,10093173145,9625.599999427795,886.0,100.0,1920x1080,hvc1,Global Settings,2026:05:26 04:04:10,day_8_6_01_2026_43.4_d0b1ecaf_exif.txt
day_8_6_01_2026_43.5_0b885c59,day_8_6_01_2026,43.5,43.5.MP4,day_8_6_01_2026_43.5_0b885c59.MP4,11811160064,11264.0,1032.0,100.0,1920x1080,hvc1,Global Settings,2026:05:26 04:44:15,day_8_6_01_2026_43.5_0b885c59_exif.txt
day_8_6_01_2026_43.6_e39a574f,day_8_6_01_2026,43.6,43.6.MP4,day_8_6_01_2026_43.6_e39a574f.MP4,8804682956,8396.79999923706,770.0,100.0,1920x1080,hvc1,Global Settings,2026:05:26 05:04:52,day_8_6_01_2026_43.6_e39a574f_exif.txt
day_8_6_01_2026_43.7_be96326d,day_8_6_01_2026,43.7,43.7.MP4,day_8_6_01_2026_43.7_be96326d.MP4,3650722201,3481.5999994277954,323.0,100.0,1920x1080,hvc1,Global Settings,2026:05:26 05:20:37,day_8_6_01_2026_43.7_be96326d_exif.txt
day_8_6_01_2026_43.8_1bab21fc,day_8_6_01_2026,43.8,43.8.MP4,day_8_6_01_2026_43.8_1bab21fc.MP4,4187593113,3993.5999994277954,365.0,100.0,1920x1080,hvc1,Global Settings,2026:05:26 05:29:20,day_8_6_01_2026_43.8_1bab21fc_exif.txt
day_8_6_01_2026_58.1_e8a24de2,day_8_6_01_2026,58.1,58.1.MP4,day_8_6_01_2026_58.1_e8a24de2.MP4,3972844748,3788.7999992370605,351.0,100.0,1920x1080,hvc1,Global Settings,2026:05:26 05:36:57,day_8_6_01_2026_58.1_e8a24de2_exif.txt
day_8_6_01_2026_58.2_350492c6,day_8_6_01_2026,58.2,58.2.MP4,day_8_6_01_2026_58.2_350492c6.MP4,11811160064,11264.0,1026.0,100.0,1920x1080,hvc1,Global Settings,2026:05:26 05:45:05,day_8_6_01_2026_58.2_350492c6_exif.txt
day_8_6_01_2026_58.3_afb93bd4,day_8_6_01_2026,58.3,58.3.MP4,day_8_6_01_2026_58.3_afb93bd4.MP4,2469606195,2355.199999809265,212.0,100.0,1920x1080,hvc1,Global Settings,2026:05:26 06:11:36,day_8_6_01_2026_58.3_afb93bd4_exif.txt
day_8_6_01_2026_58.4_2ad08ba5,day_8_6_01_2026,58.4,58.4.MP4,day_8_6_01_2026_58.4_2ad08ba5.MP4,5476083302,5222.39999961853,480.0,100.0,1920x1080,hvc1,Global Settings,2026:05:26 06:17:11,day_8_6_01_2026_58.4_2ad08ba5_exif.txt
day_8_6_01_2026_58.5_c6292d14,day_8_6_01_2026,58.5,58.5.MP4,day_8_6_01_2026_58.5_c6292d14.MP4,3865470566,3686.3999996185303,337.0,100.0,1920x1080,hvc1,Global Settings,2026:05:26 06:27:07,day_8_6_01_2026_58.5_c6292d14_exif.txt
day_8_6_01_2026_GX012348_d59ba03a,day_8_6_01_2026,GX012348,GX012348.MP4,day_8_6_01_2026_GX012348_d59ba03a.MP4,2791728742,2662.3999996185303,245.0,100.0,1920x1080,hvc1,Global Settings,2026:05:26 09:13:19,day_8_6_01_2026_GX012348_d59ba03a_exif.txt
day_8_6_01_2026_GX012350_9dfe9c24,day_8_6_01_2026,GX012350,GX012350.MP4,day_8_6_01_2026_GX012350_9dfe9c24.MP4,5798205849,5529.599999427795,510.0,100.0,1920x1080,hvc1,Global Settings,2026:05:26 09:19:09,day_8_6_01_2026_GX012350_9dfe9c24_exif.txt
day_8_6_01_2026_GX012353_563d15f7,day_8_6_01_2026,GX012353,GX012353.MP4,day_8_6_01_2026_GX012353_563d15f7.MP4,1832910848,1748.0,165.0,100.0,1920x1080,hvc1,Global Settings,2026:05:26 09:29:27,day_8_6_01_2026_GX012353_563d15f7_exif.txt
day_8_6_01_2026_GX012355_c9395119,day_8_6_01_2026,GX012355,GX012355.MP4,day_8_6_01_2026_GX012355_c9395119.MP4,3972844748,3788.7999992370605,351.0,100.0,1920x1080,hvc1,Global Settings,2026:05:26 09:36:29,day_8_6_01_2026_GX012355_c9395119_exif.txt
day_8_6_01_2026_GX012357_ab7d553f,day_8_6_01_2026,GX012357,GX012357.MP4,day_8_6_01_2026_GX012357_ab7d553f.MP4,554696704,529.0,50.0,100.0,1920x1080,hvc1,Global Settings,2026:05:26 09:44:50,day_8_6_01_2026_GX012357_ab7d553f_exif.txt
day_8_6_01_2026_GX012359_1bdff91e,day_8_6_01_2026,GX012359,GX012359.MP4,day_8_6_01_2026_GX012359_1bdff91e.MP4,3221225472,3072.0,287.0,100.0,1920x1080,hvc1,Global Settings,2026:05:26 09:47:46,day_8_6_01_2026_GX012359_1bdff91e_exif.txt
day_8_6_01_2026_GX012361_7977dc1a,day_8_6_01_2026,GX012361,GX012361.MP4,day_8_6_01_2026_GX012361_7977dc1a.MP4,4080218931,3891.199999809265,362.0,100.0,1920x1080,hvc1,Global Settings,2026:05:26 09:54:03,day_8_6_01_2026_GX012361_7977dc1a_exif.txt
day_8_6_01_2026_GX012363_de77662c,day_8_6_01_2026,GX012363,GX012363.MP4,day_8_6_01_2026_GX012363_de77662c.MP4,3543348019,3379.199999809265,310.0,100.0,1920x1080,hvc1,Global Settings,2026:05:26 10:01:22,day_8_6_01_2026_GX012363_de77662c_exif.txt
day_8_6_01_2026_GX012365_73148834,day_8_6_01_2026,GX012365,GX012365.MP4,day_8_6_01_2026_GX012365_73148834.MP4,4509715660,4300.799999237061,395.0,100.0,1920x1080,hvc1,Global Settings,2026:05:26 10:08:10,day_8_6_01_2026_GX012365_73148834_exif.txt
day_8_6_01_2026_GX012366_a82d60a3,day_8_6_01_2026,GX012366,GX012366.MP4,day_8_6_01_2026_GX012366_a82d60a3.MP4,1045430272,997.0,94.0,100.0,1920x1080,hvc1,Global Settings,2026:05:26 10:15:23,day_8_6_01_2026_GX012366_a82d60a3_exif.txt
day_8_6_01_2026_GX012368_9907f9b4,day_8_6_01_2026,GX012368,GX012368.MP4,day_8_6_01_2026_GX012368_9907f9b4.MP4,3328599654,3174.3999996185303,293.0,100.0,1920x1080,hvc1,Global Settings,2026:05:26 10:32:38,day_8_6_01_2026_GX012368_9907f9b4_exif.txt
day_8_6_01_2026_GX012370_ff6cdfb7,day_8_6_01_2026,GX012370,GX012370.MP4,day_8_6_01_2026_GX012370_ff6cdfb7.MP4,6764573491,6451.199999809265,593.0,100.0,1920x1080,hvc1,Global Settings,2026:05:26 10:40:23,day_8_6_01_2026_GX012370_ff6cdfb7_exif.txt
day_8_6_01_2026_GX012372_0c255319,day_8_6_01_2026,GX012372,GX012372.MP4,day_8_6_01_2026_GX012372_0c255319.MP4,3758096384,3584.0,331.0,100.0,1920x1080,hvc1,Global Settings,2026:05:26 10:51:43,day_8_6_01_2026_GX012372_0c255319_exif.txt
day_8_6_01_2026_GX012374_e9f25d47,day_8_6_01_2026,GX012374,GX012374.MP4,day_8_6_01_2026_GX012374_e9f25d47.MP4,4080218931,3891.199999809265,357.0,100.0,1920x1080,hvc1,Global Settings,2026:05:26 10:58:53,day_8_6_01_2026_GX012374_e9f25d47_exif.txt
day_8_6_01_2026_GX012376_b36bfdfb,day_8_6_01_2026,GX012376,GX012376.MP4,day_8_6_01_2026_GX012376_b36bfdfb.MP4,6120328396,5836.799999237061,536.0,100.0,1920x1080,hvc1,Global Settings,2026:05:26 11:07:52,day_8_6_01_2026_GX012376_b36bfdfb_exif.txt
day_8_6_01_2026_GX012378_504d2680,day_8_6_01_2026,GX012378,GX012378.MP4,day_8_6_01_2026_GX012378_504d2680.MP4,6227702579,5939.199999809265,547.0,100.0,1920x1080,hvc1,Global Settings,2026:05:26 11:18:24,day_8_6_01_2026_GX012378_504d2680_exif.txt
day_8_6_01_2026_GX012380_c0d19dbc,day_8_6_01_2026,GX012380,GX012380.MP4,day_8_6_01_2026_GX012380_c0d19dbc.MP4,7301444403,6963.199999809265,640.0,100.0,1920x1080,hvc1,Global Settings,2026:05:26 11:29:42,day_8_6_01_2026_GX012380_c0d19dbc_exif.txt
day_8_6_01_2026_GX012382_67f80342,day_8_6_01_2026,GX012382,GX012382.MP4,day_8_6_01_2026_GX012382_67f80342.MP4,6764573491,6451.199999809265,597.0,100.0,1920x1080,hvc1,Global Settings,2026:05:26 11:45:30,day_8_6_01_2026_GX012382_67f80342_exif.txt
day_8_6_01_2026_GX012384_660fa14b,day_8_6_01_2026,GX012384,GX012384.MP4,day_8_6_01_2026_GX012384_660fa14b.MP4,5476083302,5222.39999961853,483.0,100.0,1920x1080,hvc1,Global Settings,2026:05:26 11:57:02,day_8_6_01_2026_GX012384_660fa14b_exif.txt
day_8_6_01_2026_GX012386_fe9b495e,day_8_6_01_2026,GX012386,GX012386.MP4,day_8_6_01_2026_GX012386_fe9b495e.MP4,5476083302,5222.39999961853,481.0,100.0,1920x1080,hvc1,Global Settings,2026:05:26 12:07:30,day_8_6_01_2026_GX012386_fe9b495e_exif.txt
day_8_6_01_2026_GX012388_a4885ab0,day_8_6_01_2026,GX012388,GX012388.MP4,day_8_6_01_2026_GX012388_a4885ab0.MP4,839909376,801.0,75.0,100.0,1920x1080,hvc1,Global Settings,2026:05:26 12:18:48,day_8_6_01_2026_GX012388_a4885ab0_exif.txt
day_8_6_01_2026_GX012389_230a57ef,day_8_6_01_2026,GX012389,GX012389.MP4,day_8_6_01_2026_GX012389_230a57ef.MP4,7408818585,7065.599999427795,647.0,100.0,1920x1080,hvc1,Global Settings,2026:05:26 12:20:55,day_8_6_01_2026_GX012389_230a57ef_exif.txt
day_8_6_01_2026_GX012390_0894affa,day_8_6_01_2026,GX012390,GX012390.MP4,day_8_6_01_2026_GX012390_0894affa.MP4,744488960,710.0,67.0,100.0,1920x1080,hvc1,Global Settings,2026:05:26 12:32:11,day_8_6_01_2026_GX012390_0894affa_exif.txt
day_8_6_01_2026_GX012392_58b24221,day_8_6_01_2026,GX012392,GX012392.MP4,day_8_6_01_2026_GX012392_58b24221.MP4,6335076761,6041.599999427795,556.0,100.0,1920x1080,hvc1,Global Settings,2026:05:26 12:35:04,day_8_6_01_2026_GX012392_58b24221_exif.txt
day_9_6_02_2026_GX012393_a0f389cb,day_9_6_02_2026,GX012393,GX012393.MP4,day_9_6_02_2026_GX012393_a0f389cb.MP4,12884901888,12288.0,1088.0,100.0,1920x1080,hvc1,Global Settings,2026:05:27 03:21:04,day_9_6_02_2026_GX012393_a0f389cb_exif.txt
day_9_6_02_2026_GX012394_83bf7363,day_9_6_02_2026,GX012394,GX012394.MP4,day_9_6_02_2026_GX012394_83bf7363.MP4,12884901888,12288.0,1088.0,100.0,1920x1080,hvc1,Global Settings,2026:05:27 03:48:02,day_9_6_02_2026_GX012394_83bf7363_exif.txt
day_9_6_02_2026_GX012395_58bb5a0f,day_9_6_02_2026,GX012395,GX012395.MP4,day_9_6_02_2026_GX012395_58bb5a0f.MP4,1008730112,962.0,91.0,100.0,1920x1080,hvc1,Global Settings,2026:05:27 04:50:07,day_9_6_02_2026_GX012395_58bb5a0f_exif.txt
day_9_6_02_2026_GX012396_950f2352,day_9_6_02_2026,GX012396,GX012396.MP4,day_9_6_02_2026_GX012396_950f2352.MP4,708837376,676.0,64.0,100.0,1920x1080,hvc1,Global Settings,2026:05:27 04:52:04,day_9_6_02_2026_GX012396_950f2352_exif.txt
day_9_6_02_2026_GX012397_9f2da238,day_9_6_02_2026,GX012397,GX012397.MP4,day_9_6_02_2026_GX012397_9f2da238.MP4,6442450944,6144.0,569.0,100.0,1920x1080,hvc1,Global Settings,2026:05:27 04:53:38,day_9_6_02_2026_GX012397_9f2da238_exif.txt
day_9_6_02_2026_GX012398_00ac4948,day_9_6_02_2026,GX012398,GX012398.MP4,day_9_6_02_2026_GX012398_00ac4948.MP4,675282944,644.0,61.0,100.0,1920x1080,hvc1,Global Settings,2026:05:27 05:05:41,day_9_6_02_2026_GX012398_00ac4948_exif.txt
day_9_6_02_2026_GX012399_4f01db12,day_9_6_02_2026,GX012399,GX012399.MP4,day_9_6_02_2026_GX012399_4f01db12.MP4,4724464025,4505.599999427795,411.0,100.0,1920x1080,hvc1,Global Settings,2026:05:27 05:07:03,day_9_6_02_2026_GX012399_4f01db12_exif.txt
day_9_6_02_2026_GX012400_827614b3,day_9_6_02_2026,GX012400,GX012400.MP4,day_9_6_02_2026_GX012400_827614b3.MP4,666894336,636.0,60.0,100.0,1920x1080,hvc1,Global Settings,2026:05:27 05:14:26,day_9_6_02_2026_GX012400_827614b3_exif.txt
day_9_6_02_2026_GX012401_96d32493,day_9_6_02_2026,GX012401,GX012401.MP4,day_9_6_02_2026_GX012401_96d32493.MP4,8804682956,8396.79999923706,770.0,100.0,1920x1080,hvc1,Global Settings,2026:05:27 05:15:43,day_9_6_02_2026_GX012401_96d32493_exif.txt
day_9_6_02_2026_GX012402_33e762c6,day_9_6_02_2026,GX012402,GX012402.MP4,day_9_6_02_2026_GX012402_33e762c6.MP4,603979776,576.0,54.0,100.0,1920x1080,hvc1,Global Settings,2026:05:27 05:28:59,day_9_6_02_2026_GX012402_33e762c6_exif.txt
day_9_6_02_2026_GX012403_830f67d8,day_9_6_02_2026,GX012403,GX012403.MP4,day_9_6_02_2026_GX012403_830f67d8.MP4,8160437862,7782.39999961853,718.0,100.0,1920x1080,hvc1,Global Settings,2026:05:27 05:30:00,day_9_6_02_2026_GX012403_830f67d8_exif.txt
day_9_6_02_2026_GX012404_9028a8a6,day_9_6_02_2026,GX012404,GX012404.MP4,day_9_6_02_2026_GX012404_9028a8a6.MP4,817889280,780.0,74.0,100.0,1920x1080,hvc1,Global Settings,2026:05:27 05:42:41,day_9_6_02_2026_GX012404_9028a8a6_exif.txt
day_9_6_02_2026_GX012405_19eb5646,day_9_6_02_2026,GX012405,GX012405.MP4,day_9_6_02_2026_GX012405_19eb5646.MP4,11811160064,11264.0,991.0,100.0,1920x1080,hvc1,Global Settings,2026:05:27 05:44:46,day_9_6_02_2026_GX012405_19eb5646_exif.txt
day_9_6_02_2026_GX012406_dc52e51c,day_9_6_02_2026,GX012406,GX012406.MP4,day_9_6_02_2026_GX012406_dc52e51c.MP4,710934528,678.0,64.0,100.0,1920x1080,hvc1,Global Settings,2026:05:27 06:01:51,day_9_6_02_2026_GX012406_dc52e51c_exif.txt
day_9_6_02_2026_GX012407_b8c6191f,day_9_6_02_2026,GX012407,GX012407.MP4,day_9_6_02_2026_GX012407_b8c6191f.MP4,5368709120,5120.0,469.0,100.0,1920x1080,hvc1,Global Settings,2026:05:27 06:09:31,day_9_6_02_2026_GX012407_b8c6191f_exif.txt
day_9_6_02_2026_GX012408_e0f917a5,day_9_6_02_2026,GX012408,GX012408.MP4,day_9_6_02_2026_GX012408_e0f917a5.MP4,739246080,705.0,66.0,100.0,1920x1080,hvc1,Global Settings,2026:05:27 06:19:12,day_9_6_02_2026_GX012408_e0f917a5_exif.txt
day_9_6_02_2026_GX012409_01d85676,day_9_6_02_2026,GX012409,GX012409.MP4,day_9_6_02_2026_GX012409_01d85676.MP4,12884901888,12288.0,1088.0,100.0,1920x1080,hvc1,Global Settings,2026:05:27 06:21:45,day_9_6_02_2026_GX012409_01d85676_exif.txt
day_9_6_02_2026_GX012410_7822d9db,day_9_6_02_2026,GX012410,GX012410.MP4,day_9_6_02_2026_GX012410_7822d9db.MP4,630194176,601.0,57.0,100.0,1920x1080,hvc1,Global Settings,2026:05:27 06:44:49,day_9_6_02_2026_GX012410_7822d9db_exif.txt
day_9_6_02_2026_GX012411_9bf558e2,day_9_6_02_2026,GX012411,GX012411.MP4,day_9_6_02_2026_GX012411_9bf558e2.MP4,6549825126,6246.39999961853,576.0,100.0,1920x1080,hvc1,Global Settings,2026:05:27 07:28:28,day_9_6_02_2026_GX012411_9bf558e2_exif.txt
day_9_6_02_2026_GX012412_3164d65c,day_9_6_02_2026,GX012412,GX012412.MP4,day_9_6_02_2026_GX012412_3164d65c.MP4,842006528,803.0,76.0,100.0,1920x1080,hvc1,Global Settings,2026:05:27 07:38:38,day_9_6_02_2026_GX012412_3164d65c_exif.txt
day_9_6_02_2026_GX012413_04eae5a2,day_9_6_02_2026,GX012413,GX012413.MP4,day_9_6_02_2026_GX012413_04eae5a2.MP4,7838315315,7475.199999809265,692.0,100.0,1920x1080,hvc1,Global Settings,2026:05:27 07:40:19,day_9_6_02_2026_GX012413_04eae5a2_exif.txt
day_9_6_02_2026_GX012414_8f38dd01,day_9_6_02_2026,GX012414,GX012414.MP4,day_9_6_02_2026_GX012414_8f38dd01.MP4,689963008,658.0,62.0,100.0,1920x1080,hvc1,Global Settings,2026:05:27 07:52:27,day_9_6_02_2026_GX012414_8f38dd01_exif.txt
day_9_6_02_2026_GX012415_c5ec3571,day_9_6_02_2026,GX012415,GX012415.MP4,day_9_6_02_2026_GX012415_c5ec3571.MP4,1806696448,1723.0,162.0,100.0,1920x1080,hvc1,Global Settings,2026:05:27 07:54:17,day_9_6_02_2026_GX012415_c5ec3571_exif.txt
day_9_6_02_2026_GX012416_549cd472,day_9_6_02_2026,GX012416,GX012416.MP4,day_9_6_02_2026_GX012416_549cd472.MP4,4080218931,3891.199999809265,356.0,100.0,1920x1080,hvc1,Global Settings,2026:05:27 07:57:20,day_9_6_02_2026_GX012416_549cd472_exif.txt
day_9_6_02_2026_GX012417_b6374cb8,day_9_6_02_2026,GX012417,GX012417.MP4,day_9_6_02_2026_GX012417_b6374cb8.MP4,672137216,641.0,60.0,100.0,1920x1080,hvc1,Global Settings,2026:05:27 08:03:24,day_9_6_02_2026_GX012417_b6374cb8_exif.txt
day_9_6_02_2026_GX012418_7836dffd,day_9_6_02_2026,GX012418,GX012418.MP4,day_9_6_02_2026_GX012418_7836dffd.MP4,4080218931,3891.199999809265,355.0,100.0,1920x1080,hvc1,Global Settings,2026:05:27 08:04:54,day_9_6_02_2026_GX012418_7836dffd_exif.txt
day_9_6_02_2026_GX012419_cb8a9bbe,day_9_6_02_2026,GX012419,GX012419.MP4,day_9_6_02_2026_GX012419_cb8a9bbe.MP4,705691648,673.0,63.0,100.0,1920x1080,hvc1,Global Settings,2026:05:27 08:10:55,day_9_6_02_2026_GX012419_cb8a9bbe_exif.txt
day_9_6_02_2026_GX022393_c3ba5cc8,day_9_6_02_2026,GX022393,GX022393.MP4,day_9_6_02_2026_GX022393_c3ba5cc8.MP4,1910505472,1822.0,172.0,100.0,1920x1080,hvc1,Global Settings,2026:05:27 03:21:04,day_9_6_02_2026_GX022393_c3ba5cc8_exif.txt
day_9_6_02_2026_GX022394_2f312247,day_9_6_02_2026,GX022394,GX022394.MP4,day_9_6_02_2026_GX022394_2f312247.MP4,12884901888,12288.0,1088.0,100.0,1920x1080,hvc1,Global Settings,2026:05:27 03:48:02,day_9_6_02_2026_GX022394_2f312247_exif.txt
day_9_6_02_2026_GX022409_ff109630,day_9_6_02_2026,GX022409,GX022409.MP4,day_9_6_02_2026_GX022409_ff109630.MP4,2469606195,2355.199999809265,215.0,100.0,1920x1080,hvc1,Global Settings,2026:05:27 06:21:45,day_9_6_02_2026_GX022409_ff109630_exif.txt
day_9_6_02_2026_GX032394_d38ee3bc,day_9_6_02_2026,GX032394,GX032394.MP4,day_9_6_02_2026_GX032394_d38ee3bc.MP4,4080218931,3891.199999809265,357.0,100.0,1920x1080,hvc1,Global Settings,2026:05:27 03:48:02,day_9_6_02_2026_GX032394_d38ee3bc_exif.txt
