video_id,source_folder,video_name,original_video_filename,unique_video_filename,file_size_bytes,file_size_mb,file_created_at,file_modified_at,video_duration_sec,video_fps,video_resolution_wxh,video_codec,camera_model,recording_datetime,exif_filename
day_7_4_01_2026_Itineerary_70.4_32eaf1e2,day_7_4_01_2026,Itineerary_70.4,Itineerary_70.4.MP4,day_7_4_01_2026_Itineerary_70.4.MP4_32eaf1e2,11525452515,10991.52804851532,2026-06-02 22:55:02.780,2026-06-02 22:55:02.780,1538.0,59.94005994,3840x3360,hvc1,HERO13 Black,2026:04:01 04:36:34,day_7_4_01_2026_Itineerary_70.4_32eaf1e2_exif.txt
day_7_4_01_2026_Itinerary_67.2_f7fb6fa5,day_7_4_01_2026,Itinerary_67.2,Itinerary_67.2.MP4,day_7_4_01_2026_Itinerary_67.2.MP4_f7fb6fa5,11524920526,10991.02070426941,2026-06-02 23:05:43.140,2026-06-02 23:05:43.140,1538.0,59.94005994,3840x3360,hvc1,HERO13 Black,2026:04:01 06:54:08,day_7_4_01_2026_Itinerary_67.2_f7fb6fa5_exif.txt
day_7_4_01_2026_Itinerary_67.3_23a0c983,day_7_4_01_2026,Itinerary_67.3,Itinerary_67.3.MP4,day_7_4_01_2026_Itinerary_67.3.MP4_23a0c983,11524999601,10991.096116065979,2026-06-02 23:05:29.590,2026-06-02 23:05:29.590,1538.0,59.94005994,3840x3360,hvc1,HERO13 Black,2026:04:01 06:54:08,day_7_4_01_2026_Itinerary_67.3_23a0c983_exif.txt
day_7_4_01_2026_Itinerary_67.4_b6f0b047,day_7_4_01_2026,Itinerary_67.4,Itinerary_67.4.MP4,day_7_4_01_2026_Itinerary_67.4.MP4_b6f0b047,4518552071,4309.22705745697,2026-06-02 22:49:35.960,2026-06-02 22:49:35.960,603.0,59.94005994,3840x3360,hvc1,HERO13 Black,2026:04:01 07:56:39,day_7_4_01_2026_Itinerary_67.4_b6f0b047_exif.txt
day_7_4_01_2026_Itinerary_68.1_58cd824f,day_7_4_01_2026,Itinerary_68.1,Itinerary_68.1.MP4,day_7_4_01_2026_Itinerary_68.1.MP4_58cd824f,1146683352,1093.5624618530273,2026-06-01 22:57:59.500,2026-06-01 22:57:59.500,153.0,59.94005994,3840x3360,hvc1,HERO13 Black,2026:04:01 05:38:58,day_7_4_01_2026_Itinerary_68.1_58cd824f_exif.txt
day_7_4_01_2026_Itinerary_68.2_5401e632,day_7_4_01_2026,Itinerary_68.2,Itinerary_68.2.MP4,day_7_4_01_2026_Itinerary_68.2.MP4_5401e632,11524692110,10990.802869796753,2026-06-02 23:05:28.590,2026-06-02 23:05:28.590,1538.0,59.94005994,3840x3360,hvc1,HERO13 Black,2026:04:01 05:54:39,day_7_4_01_2026_Itinerary_68.2_5401e632_exif.txt
day_7_4_01_2026_Itinerary_68.5_37cdda1b,day_7_4_01_2026,Itinerary_68.5,Itinerary_68.5.MP4,day_7_4_01_2026_Itinerary_68.5.MP4_37cdda1b,3199920308,3051.681812286377,2026-06-03 01:52:41.760,2026-06-03 01:52:41.760,427.0,59.94005994,3840x3360,hvc1,HERO13 Black,2026:04:01 05:54:39,day_7_4_01_2026_Itinerary_68.5_37cdda1b_exif.txt
day_7_4_01_2026_Itinerary_69.2_6899d39a,day_7_4_01_2026,Itinerary_69.2,Itinerary_69.2.MP4,day_7_4_01_2026_Itinerary_69.2.MP4_6899d39a,4162766581,3969.9235734939575,2026-06-03 01:57:51.810,2026-06-03 01:57:51.810,556.0,59.94005994,3840x3360,hvc1,HERO13 Black,2026:04:01 04:36:34,day_7_4_01_2026_Itinerary_69.2_6899d39a_exif.txt
day_7_4_01_2026_Itinerary_70.1_807ca0af,day_7_4_01_2026,Itinerary_70.1,Itinerary_70.1.MP4,day_7_4_01_2026_Itinerary_70.1.MP4_807ca0af,11525105948,10991.197536468506,2026-06-03 02:24:08.550,2026-06-03 02:24:08.550,1538.0,59.94005994,3840x3360,hvc1,HERO13 Black,2026:04:01 03:37:16,day_7_4_01_2026_Itinerary_70.1_807ca0af_exif.txt
day_7_4_01_2026_Itinerary_70.2_6bb5ec28,day_7_4_01_2026,Itinerary_70.2,Itinerary_70.2.MP4,day_7_4_01_2026_Itinerary_70.2.MP4_6bb5ec28,11524961762,10991.06002998352,2026-06-03 02:24:41.740,2026-06-03 02:24:41.740,1538.0,59.94005994,3840x3360,hvc1,HERO13 Black,2026:04:01 03:37:16,day_7_4_01_2026_Itinerary_70.2_6bb5ec28_exif.txt
day_7_4_01_2026_Itinerary_70.3_6d183546,day_7_4_01_2026,Itinerary_70.3,Itinerary_70.3.MP4,day_7_4_01_2026_Itinerary_70.3.MP4_6d183546,3053523526,2912.066961288452,2026-06-03 01:53:34.860,2026-06-03 01:53:34.860,407.0,59.94005994,3840x3360,hvc1,HERO13 Black,2026:04:01 03:37:16,day_7_4_01_2026_Itinerary_70.3_6d183546_exif.txt
day_7_4_01_2026_Itinerary_70.5 & 69.1_fd21d8b9,day_7_4_01_2026,Itinerary_70.5 & 69.1,Itinerary_70.5 & 69.1.MP4,day_7_4_01_2026_Itinerary_70.5 & 69.1.MP4_fd21d8b9,11525864720,10991.921157836914,2026-06-03 02:25:06.250,2026-06-03 02:25:06.250,1538.0,59.94005994,3840x3360,hvc1,HERO13 Black,2026:04:01 04:36:34,day_7_4_01_2026_Itinerary_70.5 & 69.1_fd21d8b9_exif.txt
day_7_4_01_2026_Itinerary_84.1_a27bb271,day_7_4_01_2026,Itinerary_84.1,Itinerary_84.1.MP4,day_7_4_01_2026_Itinerary_84.1.MP4_a27bb271,8191577111,7812.096701622009,2026-06-03 02:14:40.640,2026-06-03 02:14:40.640,1093.0,59.94005994,3840x3360,hvc1,HERO13 Black,2026:04:01 10:25:15,day_7_4_01_2026_Itinerary_84.1_a27bb271_exif.txt
day_7_4_01_2026_Itinerary_84.2_35afaad5,day_7_4_01_2026,Itinerary_84.2,Itinerary_84.2.MP4,day_7_4_01_2026_Itinerary_84.2.MP4_35afaad5,6744210028,6431.779888153076,2026-06-03 02:10:06.970,2026-06-03 02:10:06.970,899.0,59.94005994,3840x3360,hvc1,HERO13 Black,2026:04:01 10:43:38,day_7_4_01_2026_Itinerary_84.2_35afaad5_exif.txt
day_7_4_01_2026_Itinerary_84.3_66414798,day_7_4_01_2026,Itinerary_84.3,Itinerary_84.3.MP4,day_7_4_01_2026_Itinerary_84.3.MP4_66414798,8960447562,8545.3487033844,2026-06-03 02:16:58.030,2026-06-03 02:16:58.030,1195.0,59.94005994,3840x3360,hvc1,HERO13 Black,2026:04:01 11:10:16,day_7_4_01_2026_Itinerary_84.3_66414798_exif.txt
day_7_4_01_2026_Itinerary_84.4_0b9da4ef,day_7_4_01_2026,Itinerary_84.4,Itinerary_84.4.MP4,day_7_4_01_2026_Itinerary_84.4.MP4_0b9da4ef,11525187211,10991.27503490448,2026-06-03 02:25:07.120,2026-06-03 02:25:07.120,1538.0,59.94005994,3840x3360,hvc1,HERO13 Black,2026:04:01 11:32:28,day_7_4_01_2026_Itinerary_84.4_0b9da4ef_exif.txt
day_7_4_01_2026_Itinerary_84.5_d6598e3a,day_7_4_01_2026,Itinerary_84.5,Itinerary_84.5.MP4,day_7_4_01_2026_Itinerary_84.5.MP4_d6598e3a,5137584138,4899.582040786743,2026-06-03 02:03:58.700,2026-06-03 02:03:58.700,685.0,59.94005994,3840x3360,hvc1,HERO13 Black,2026:04:01 11:32:28,day_7_4_01_2026_Itinerary_84.5_d6598e3a_exif.txt
day_7_4_01_2026_Itinerary_85.1_83b1a86d,day_7_4_01_2026,Itinerary_85.1,Itinerary_85.1.MP4,day_7_4_01_2026_Itinerary_85.1.MP4_83b1a86d,11525189380,10991.277103424072,2026-06-03 02:25:14.860,2026-06-03 02:25:14.860,1538.0,59.94005994,3840x3360,hvc1,HERO13 Black,2026:04:01 09:29:03,day_7_4_01_2026_Itinerary_85.1_83b1a86d_exif.txt
day_7_4_01_2026_Itinerary_94.2_f7661538,day_7_4_01_2026,Itinerary_94.2,Itinerary_94.2.MP4,day_7_4_01_2026_Itinerary_94.2.MP4_f7661538,11524983684,10991.080936431885,2026-06-03 02:27:36.350,2026-06-03 02:27:36.350,1538.0,59.94005994,3840x3360,hvc1,HERO13 Black,2026:03:31 04:45:38,day_7_4_01_2026_Itinerary_94.2_f7661538_exif.txt
