point_id,lon,lat,highway,itinerary_id,osrm_travel_distance
39,76.8521097,28.56419115,tertiary,1,
319,76.86244565,28.5764625,tertiary,1,2441.9
253,76.86721885,28.57276,residential,1,1104.0
104,76.90672045,28.56919415,residential,1,5082.2
200,76.91098725,28.553847599999997,tertiary,1,2459.5
964,76.92371675,28.5359517,tertiary,1,2619.3
836,76.93097065,28.5309133,residential,1,1259.4
582,76.95316105,28.5274628,residential,1,2316.5
410,76.97343964999999,28.52979555,residential,1,2869.4
3,76.97764190000001,28.53449415,residential,1,1165.8
539,76.9815655,28.53453925,residential,1,722.8
630,76.9779445,28.55351305,tertiary,1,3662.5
666,76.96332805,28.55828125,residential,1,2071.3
866,76.98024889999999,28.56384975,residential,1,2895.6
372,76.9794485,28.5864616,residential,1,2777.2
832,76.97704125,28.589148,residential,1,579.6
128,76.9797665,28.59492215,tertiary,1,717.3
949,76.98481534999999,28.591695,residential,1,1430.8
943,76.9958053,28.59297945,residential,1,1493.4
699,76.9966899,28.5928498,residential,1,95.7
892,77.00521165,28.595995700000003,residential,1,1191.9
529,77.0044576,28.60022085,residential,1,589.0
343,76.9988661,28.6028183,residential,1,808.1
863,76.98983995,28.60287875,residential,1,1052.7
620,76.98320104999999,28.6078311,residential,1,1301.2
40,76.9693895,28.61173945,residential,1,1796.0
595,76.9692388,28.6143759,residential,1,381.3
489,76.96662004999999,28.6050763,residential,1,1342.5
756,76.96385475,28.6068856,residential,1,468.4
593,76.94325685,28.6059324,residential,1,2481.7
255,76.9430101,28.603817300000003,residential,1,348.4
469,76.93570625,28.59879425,residential,1,1268.1
211,76.93208345,28.60412235,unclassified,1,744.7
896,76.9176119,28.5979059,residential,1,1782.1
138,76.9166589,28.5977966,residential,1,107.0
766,76.91443015,28.5982758,residential,1,271.2
683,76.9152321,28.593459000000003,residential,1,694.4
463,76.9161825,28.5921398,residential,1,219.9
827,76.92862775,28.593073250000003,residential,1,1488.4
151,76.94948135,28.57898275,residential,1,3724.6
233,76.94896635,28.57233005,residential,1,1713.0
68,76.93882475000001,28.5485266,tertiary,1,4097.9
677,76.90179655,28.522341500000003,residential,1,6276.0
538,76.88789885,28.53951505,unclassified,1,3724.4
648,76.90117945,28.59318685,unclassified,1,9696.5
479,76.89383154999999,28.610457250000003,residential,1,2595.3
778,76.89472135,28.6117729,residential,1,176.8
64,76.94240694999999,28.6251082,residential,1,7229.0
691,76.95042305000001,28.6267044,tertiary,1,927.9
462,76.96190055,28.62749465,residential,1,1813.7
107,76.96276725,28.62788505,tertiary,1,130.2
122,76.97148315,28.631073,residential,1,1012.6
945,76.97368990000001,28.631293300000003,residential,1,287.6
709,77.16957099999999,28.45306955,residential,2,
347,77.1678095,28.4502087,residential,2,372.6
21,77.1676779,28.4426721,residential,2,1102.0
272,77.1746399,28.44357445,residential,2,908.5
912,77.17808585,28.4543714,residential,2,3832.5
431,77.1873001,28.45570125,residential,2,1505.3
450,77.1932057,28.453925,residential,2,680.5
305,77.1898998,28.458750199999997,residential,2,1516.8
295,77.19774075000001,28.46038155,residential,2,1016.8
449,77.1909124,28.46455595,residential,2,2258.0
650,77.20508855,28.4702441,residential,2,1965.6
988,77.21067690000001,28.4669058,residential,2,993.5
871,77.21911309999999,28.44898005,unclassified,2,4419.8
99,77.1900915,28.444085,residential,2,5509.3
727,77.16286585,28.4603951,residential,2,5485.6
962,77.1604576,28.454253,residential,2,922.0
367,77.1562381,28.47006545,residential,2,3192.6
965,77.1525058,28.47421625,residential,2,1053.2
902,77.15639809999999,28.48212405,residential,2,1792.6
471,77.16135335,28.486294299999997,tertiary,2,873.1
813,77.16487245,28.49421895,residential,2,971.9
139,77.16580675,28.4950336,tertiary,2,152.6
692,77.1704364,28.50145725,residential,2,899.5
243,77.18118204999999,28.5025007,secondary,2,1472.4
254,77.18979515000001,28.49806695,residential,2,1169.7
93,77.1912798,28.500196350000003,residential,2,563.9
642,77.1910976,28.50223195,residential,2,880.1
499,77.19249765,28.5020997,residential,2,148.3
63,77.19046945,28.50364695,residential,2,469.8
112,77.19653579999999,28.49899695,tertiary,2,1124.6
136,77.197214,28.49932315,residential,2,135.4
454,77.1939456,28.4963932,residential,2,654.7
822,77.1927201,28.48880835,residential,2,1161.0
895,77.17653405,28.49148985,residential,2,2208.0
521,77.17899080000001,28.51072245,residential,2,3049.0
482,77.17856485,28.51277445,tertiary,2,402.5
153,77.1748511,28.5173309,residential,2,948.5
808,77.16816235,28.51779505,residential,2,1020.0
419,77.16727495,28.5174194,residential,2,111.0
273,77.1641791,28.51475155,residential,2,1045.8
703,77.15869964999999,28.5189613,residential,2,1888.9
433,77.12978435,28.51286675,residential,2,3664.7
981,77.1228064,28.51235,residential,2,809.6
267,77.11302255000001,28.5062649,residential,2,1584.2
941,77.11786434999999,28.5027546,residential,2,1278.2
296,77.1059597,28.508452499999997,residential,2,2643.3
20,77.099026,28.5213989,residential,2,1932.1
614,77.09641690000001,28.52237435,residential,2,423.7
202,77.0891302,28.52230155,residential,2,1207.6
206,77.08163305,28.52391385,residential,2,1025.5
231,77.08527335,28.5266168,secondary,2,1363.8
397,77.06471765,28.51606505,residential,2,3454.1
26,77.05272120000001,28.533854249999997,residential,2,2990.4
173,77.05254705,28.5343274,residential,2,107.6
222,77.05544965,28.5352272,residential,2,407.7
805,77.05759025,28.536422100000003,residential,2,305.4
757,77.05936905,28.53879315,residential,2,576.7
570,77.05613919999999,28.539551,residential,2,1320.8
722,77.0551799,28.5397308,residential,2,202.9
615,77.04937795000001,28.53141905,residential,2,1609.3
977,77.0461696,28.52623525,tertiary,2,957.5
464,77.04742095,28.53479915,residential,2,2554.4
133,77.04698295,28.5361473,residential,2,227.6
563,77.052548,28.54049705,residential,2,1007.9
94,77.05233480000001,28.54452185,residential,2,472.4
735,77.0630465,28.5594922,tertiary,2,3088.2
886,77.06243955,28.5633785,secondary,2,495.3
783,77.0704365,28.57809425,tertiary,2,2150.5
818,77.06709910000001,28.581721,residential,2,926.4
48,77.0163783,28.83717935,residential,3,
352,77.0075277,28.83461855,residential,3,1153.8
812,77.0098921,28.81811105,residential,3,2996.1
7,77.0099477,28.8134012,residential,3,686.8
149,77.01373015,28.81664515,residential,3,587.6
518,77.0081844,28.809135150000003,residential,3,1087.5
876,77.00446595,28.80762295,residential,3,544.8
310,77.00062715,28.8064963,residential,3,771.7
269,76.9768188,28.80387355,residential,3,2799.6
225,76.97456975,28.7892433,residential,3,1962.4
257,76.98555025,28.77922015,unclassified,3,1979.2
920,76.99399815000001,28.7691718,residential,3,1577.1
560,76.99553025,28.7678823,residential,3,280.1
704,76.99780390000001,28.7610717,residential,3,1365.1
888,76.99814595000001,28.7393117,secondary,3,2861.9
217,76.9936437,28.73688905,residential,3,829.8
22,77.00806170000001,28.74116275,residential,3,2229.1
927,77.01697905,28.73277055,residential,3,2078.3
474,77.0303845,28.73447755,residential,3,2556.6
702,77.02845199999999,28.73768115,residential,3,472.9
82,77.0311242,28.7292736,residential,3,1197.9
456,77.02885885,28.72783865,residential,3,459.9
535,77.02598065000001,28.72720745,residential,3,355.3
804,77.02873070000001,28.7130185,residential,3,2137.3
860,77.03068065,28.70975365,residential,3,557.1
223,77.0360527,28.70956855,residential,3,560.8
171,77.0364161,28.70947035,residential,3,37.1
974,77.03848175,28.7092539,residential,3,877.3
856,77.0395027,28.70593965,residential,3,550.6
551,77.044107,28.7030535,residential,3,735.1
779,77.03762,28.69864495,residential,3,1074.3
688,77.03227179999999,28.69911395,residential,3,1041.7
758,77.02755275,28.68941415,residential,3,1563.7
910,77.0264042,28.6872105,residential,3,914.8
559,77.04727994999999,28.6966927,residential,3,2925.9
696,77.05536025,28.69401655,residential,3,1042.3
556,77.05531289999999,28.69650625,residential,3,386.0
700,77.06123819999999,28.69256705,residential,3,852.3
660,77.0565563,28.688979699999997,residential,3,806.5
919,77.05116625,28.68753065,residential,3,715.2
180,77.05936679999999,28.6832159,residential,3,1902.8
609,77.0534648,28.6860981,residential,3,792.7
597,77.05090365,28.6798587,residential,3,991.4
989,77.05148439999999,28.67711145,residential,3,426.1
381,77.0528848,28.67569455,residential,3,272.7
130,77.05621045000001,28.67643245,residential,3,489.3
331,77.0589971,28.677726649999997,residential,3,499.8
69,77.06428615,28.67932615,residential,3,776.2
821,77.0651678,28.684803,residential,3,1104.0
925,77.0724348,28.690590299999997,residential,3,1691.8
66,77.06975695,28.691381,tertiary,3,303.8
43,77.0658712,28.69256675,tertiary,3,401.9
96,77.06662825000001,28.70234625,residential,3,1548.7
393,77.06244910000001,28.70344275,residential,3,525.4
159,77.05811875,28.704141900000003,residential,3,579.5
444,77.0510267,28.70715535,residential,3,954.1
266,77.0618632,28.71185865,residential,3,1583.8
417,77.0640899,28.71048,residential,3,432.9
89,77.06494375,28.7090134,residential,3,241.6
237,77.07076675,28.7090531,residential,3,913.8
596,77.07281,28.7087611,residential,3,273.4
414,77.07585639999999,28.71132815,residential,3,538.0
354,77.0788556,28.71024405,residential,3,469.9
526,77.08499950000001,28.71009055,residential,3,775.9
228,77.0871815,28.7095919,residential,3,271.2
993,77.08644855,28.70426015,residential,3,900.6
400,77.08553595000001,28.70259885,residential,3,248.6
838,77.08407065,28.7034631,residential,3,208.8
854,77.08458835,28.69841825,residential,3,839.2
954,77.08008455000001,28.6957834,residential,3,780.4
606,77.0790133,28.6876525,residential,3,1354.7
14,77.09049195,28.69512135,residential,3,1907.8
423,77.09448395,28.6939483,residential,3,539.2
430,77.09180505,28.7012682,secondary,3,1153.3
845,77.09837594999999,28.7010443,residential,3,864.4
438,77.10306605,28.698293,residential,3,903.2
380,77.10180355,28.6884238,tertiary,3,1656.3
446,77.0972242,28.6794296,residential,3,1728.1
543,77.1058135,28.67290565,residential,3,1581.4
328,77.11379005,28.66484005,residential,3,1915.7
549,77.11107104999999,28.661976000000003,residential,3,739.0
590,77.1031081,28.6628387,residential,3,932.2
820,77.10116049999999,28.657464150000003,residential,3,1332.8
790,77.09695625,28.65376535,residential,3,991.8
830,77.09964725,28.64892505,residential,3,824.9
903,77.10545095,28.64938925,residential,3,659.2
971,77.10438725,28.64271585,tertiary,3,986.6
834,77.1017468,28.640146450000003,residential,3,508.6
917,77.09732895,28.6378841,residential,3,535.1
312,77.09757335,28.63590075,residential,3,491.5
218,77.09941505,28.63563065,residential,3,211.7
34,77.0998573,28.63369415,residential,3,373.2
289,77.09552255,28.626637799999997,residential,3,1232.6
292,77.08832045,28.63241115,residential,3,1341.1
900,77.0870212,28.63473615,residential,3,676.6
994,77.0818682,28.6337777,residential,3,614.9
626,77.07804695,28.63011445,primary,3,1434.8
57,77.06571765,28.6247978,residential,3,2055.6
716,77.06581745,28.62301835,residential,3,274.8
629,77.06750165,28.6230375,residential,3,361.7
985,76.9617243,28.80135585,tertiary,4,
849,76.96091675,28.800552,residential,4,200.1
155,76.97817094999999,28.763629700000003,tertiary,4,5397.5
509,76.9662893,28.7505035,residential,4,2470.6
496,76.9599603,28.716477500000003,residential,4,4602.0
710,76.9740252,28.70502365,tertiary,4,2107.5
889,76.98882025,28.7044252,tertiary,4,1691.5
408,76.99121794999999,28.6992574,residential,4,816.7
784,76.99009434999999,28.6997031,residential,4,157.1
304,76.99936124999999,28.6963457,residential,4,1348.2
967,76.99793755,28.69384,residential,4,549.7
906,76.97867935,28.70348695,residential,4,3081.4
670,76.97910494999999,28.70309075,residential,4,133.1
990,76.9694274,28.6938473,tertiary,4,4669.2
447,76.96277710000001,28.6900399,residential,4,1287.3
461,76.97412510000001,28.68218865,residential,4,1969.4
811,76.97473690000001,28.6811067,residential,4,193.5
129,76.97845095,28.6659962,residential,4,2325.3
686,76.9991821,28.67474945,residential,4,3632.8
226,77.01668040000001,28.6664666,residential,4,2694.1
728,77.0124069,28.66516625,residential,4,534.4
851,77.0121161,28.6656356,residential,4,81.3
322,77.025664,28.6513952,residential,4,3157.0
569,77.03544785,28.6501108,tertiary,4,1430.9
158,77.0348263,28.65847615,residential,4,1293.1
914,77.04066785,28.66060225,residential,4,804.5
38,77.05202940000001,28.66379055,primary,4,1520.0
655,77.05858215,28.66311375,residential,4,1090.0
198,77.05647195,28.6588788,residential,4,691.1
44,77.0564675,28.658566,residential,4,34.7
726,77.06364635,28.65318315,residential,4,1300.6
360,77.0674853,28.6520868,residential,4,686.7
814,77.0591539,28.6474581,residential,4,1199.4
731,77.05904294999999,28.6438082,residential,4,405.3
178,77.06181655,28.634641199999997,tertiary,4,1229.9
890,77.06913355,28.6263845,primary,4,1410.6
591,77.0725913,28.6148824,residential,4,1903.7
769,77.07064345,28.6124979,residential,4,461.0
268,77.07224285000001,28.61043115,residential,4,384.6
368,77.06688615,28.612345849999997,residential,4,722.6
548,77.06699695,28.6158955,residential,4,507.3
442,77.0571095,28.6142351,residential,4,1164.7
894,77.05618365000001,28.6137912,residential,4,198.6
869,77.05308475,28.6169511,residential,4,823.2
31,77.0508133,28.61821885,residential,4,366.1
483,77.05308175,28.622493,residential,4,1298.7
279,77.05384995,28.62235675,residential,4,459.6
932,77.048913,28.62765085,residential,4,1143.9
157,77.047523,28.6268912,residential,4,219.8
708,77.03413225,28.62152785,residential,4,1735.5
947,77.0335851,28.62112845,residential,4,100.3
939,77.03390635,28.6203323,residential,4,121.0
224,77.03431125,28.6193752,secondary,4,547.3
555,77.0301092,28.618166,residential,4,515.4
986,77.02619825,28.616045550000003,residential,4,715.1
428,77.02343400000001,28.61683265,residential,4,477.2
480,77.0301336,28.6217297,tertiary,4,1219.7
348,77.02990395,28.62780045,residential,4,874.6
113,77.03059185000001,28.6313836,residential,4,677.5
161,77.03139005,28.63665365,residential,4,794.5
705,77.03451285,28.63536225,residential,4,445.9
33,77.03839245,28.6423937,residential,4,1150.6
824,77.05379445,28.64422425,residential,4,1725.4
772,77.02173695,28.6324437,residential,4,4806.9
177,77.01897405,28.63596445,residential,4,762.1
97,77.01619085,28.63469955,residential,4,406.8
36,77.0107798,28.6334119,residential,4,826.0
616,77.0049669,28.626019,residential,4,1601.8
534,76.99691965,28.6321947,residential,4,1376.9
251,76.9953734,28.62572695,residential,4,954.5
816,76.9870847,28.61314405,residential,4,2474.4
286,76.98872829999999,28.6135067,residential,4,423.7
383,77.00070085,28.61594305,residential,4,1613.8
665,77.01403404999999,28.61301575,residential,4,1921.1
329,77.0157913,28.623917650000003,residential,4,1447.9
513,77.0193011,28.6104587,residential,4,3002.8
344,77.01782595,28.60731645,residential,4,570.0
448,76.9946546,28.81884135,residential,5,
751,77.02931275,28.80587425,residential,5,4425.4
576,77.0359007,28.80461785,residential,5,971.7
673,77.03645965000001,28.801906,residential,5,389.7
789,77.03287334999999,28.79450205,residential,5,1165.9
957,77.02615935,28.78639695,residential,5,1342.3
16,77.0416954,28.7675823,tertiary,5,3770.8
583,77.0428574,28.76701955,tertiary,5,175.2
353,77.04121104999999,28.7651691,residential,5,366.2
634,77.05084174999999,28.7682665,residential,5,1362.2
405,77.0493404,28.77104885,primary,5,593.3
210,77.05213789999999,28.7775866,residential,5,1029.8
339,77.053045,28.78602845,residential,5,1564.6
365,77.0475579,28.7924521,residential,5,1283.6
468,77.04480559999999,28.7909505,residential,5,389.9
88,77.04931915,28.79610735,residential,5,953.0
9,77.04426595,28.80076985,residential,5,1170.5
574,77.05149835,28.8044323,residential,5,1333.4
50,77.05291059999999,28.80172525,residential,5,441.3
498,77.0542696,28.8078377,residential,5,815.3
765,77.0646485,28.80989995,residential,5,1630.9
35,77.0729012,28.8169808,residential,5,2127.1
90,77.07297695,28.81383815,residential,5,426.7
45,77.0751482,28.81243155,residential,5,311.8
123,77.08265245,28.82224565,residential,5,2344.8
308,77.07868005,28.8389531,residential,5,2760.2
355,77.07876315,28.8404988,residential,5,173.6
631,77.0796473,28.8414433,residential,5,192.2
83,77.0842987,28.843108,residential,5,648.0
537,77.08250515,28.84599055,residential,5,500.6
831,77.07907635000001,28.85244415,residential,5,1155.3
793,77.07507515,28.8548125,residential,5,712.4
984,77.0720861,28.8522524,residential,5,598.3
635,77.08695895,28.8542565,residential,5,2177.3
847,77.0902806,28.8543052,residential,5,692.6
392,77.0942261,28.85252575,tertiary,5,709.5
481,77.0937438,28.8505167,residential,5,249.9
58,77.10012275,28.85417375,residential,5,1148.3
501,77.10336975,28.85373365,residential,5,493.0
148,77.1023521,28.856842649999997,residential,5,463.2
905,77.09513949999999,28.86151075,residential,5,1433.2
662,77.1012475,28.84241035,tertiary,5,2458.4
502,77.1074412,28.8333458,residential,5,1360.0
645,77.1103608,28.8303002,residential,5,747.1
754,77.11780205,28.818932500000003,residential,5,1737.8
274,77.1208799,28.8363984,residential,5,3781.5
293,77.13469979999999,28.8251083,tertiary,5,2752.6
747,77.1351985,28.82337055,residential,5,311.3
720,77.1398155,28.81355885,residential,5,2003.3
100,77.13157715,28.79945555,residential,5,3233.4
604,77.1308941,28.79857195,residential,5,131.6
195,77.1314274,28.79838,residential,5,84.0
712,77.11375845,28.78552755,tertiary,5,3652.5
440,77.12024375,28.7726038,residential,5,2073.4
377,77.1001488,28.77304225,residential,5,2143.7
907,77.10001869999999,28.772855049999997,residential,5,24.3
71,77.09907615,28.77109395,residential,5,267.0
396,77.08943905000001,28.7807443,residential,5,1766.3
53,77.08672295,28.77425305,tertiary,5,1766.2
320,77.07601125,28.772002200000003,residential,5,1736.9
976,77.07708615,28.759646,tertiary,5,2873.7
622,77.0761098,28.7587243,tertiary,5,212.2
562,77.07765814999999,28.751151049999997,residential,5,1047.7
241,77.07745729999999,28.74638865,residential,5,679.7
996,77.0754889,28.7353855,residential,5,2361.2
738,77.07560205,28.73036775,residential,5,709.0
411,77.075051,28.7303209,residential,5,168.4
658,77.07119660000001,28.73156265,residential,5,512.3
250,77.06684725,28.72792315,residential,5,885.9
361,77.066025,28.739675,residential,5,1497.0
588,77.06464495,28.74276535,residential,5,656.5
602,77.0628074,28.7435692,residential,5,203.4
59,77.05816585,28.745913,residential,5,1187.4
240,77.05564964999999,28.74563155,residential,5,373.8
837,77.05566685,28.74018685,residential,5,839.0
389,77.0543396,28.74193385,residential,5,460.9
313,77.05350345,28.73454735,residential,5,986.8
933,77.04909445,28.72676815,residential,5,1438.6
376,77.04389055,28.72821905,residential,5,771.7
500,77.04252485,28.721506849999997,residential,5,867.9
786,77.0504186,28.720694,residential,5,850.9
877,77.07215105,28.71317325,residential,5,3750.0
167,77.05233285,28.830851600000003,residential,6,
948,77.07096,28.82752965,residential,6,3506.0
843,77.06663284999999,28.8287477,residential,6,546.1
743,77.09669364999999,28.8154355,residential,6,5255.3
530,77.08587059999999,28.79201415,tertiary,6,4031.5
326,77.10116575,28.75940375,residential,6,5718.3
429,77.095819,28.7523865,residential,6,2198.0
657,77.09070675,28.74471335,residential,6,2205.5
724,77.0907459,28.74277345,residential,6,301.1
390,77.09503185,28.73703265,residential,6,1101.5
980,77.09494175,28.7269259,residential,6,2116.6
19,77.0917832,28.72258585,residential,6,712.9
749,77.08855575000001,28.7205613,residential,6,539.7
371,77.09580005000001,28.71973465,residential,6,768.4
79,77.081512,28.7211608,residential,6,1526.3
760,77.08508334999999,28.72156865,residential,6,492.4
325,77.07723325,28.7176453,residential,6,1396.6
156,77.07816185,28.71713155,residential,6,143.6
51,77.0845137,28.715651899999997,residential,6,1523.3
166,77.10096075,28.71503765,residential,6,2310.3
84,77.11074395,28.712136299999997,residential,6,1586.4
503,77.11920950000001,28.7087003,residential,6,1095.9
476,77.1217126,28.71311905,residential,6,1361.7
553,77.12438455,28.72015315,tertiary,6,1050.3
651,77.13008395,28.7273233,residential,6,1484.6
561,77.12689985,28.7321639,residential,6,806.1
611,77.1255678,28.7344895,residential,6,392.1
439,77.13024659999999,28.7397272,residential,6,1013.4
567,77.13037485000001,28.74027785,residential,6,296.3
424,77.13689625,28.74398275,residential,6,1754.8
998,77.1400251,28.74282375,secondary,6,648.5
179,77.14338125,28.74714795,residential,6,884.7
697,77.1322054,28.7565096,residential,6,1688.1
679,77.13579405,28.76075285,residential,6,1090.4
508,77.14510870000001,28.7696732,residential,6,3117.8
663,77.1520758,28.7603796,residential,6,2420.3
10,77.15431079999999,28.760644300000003,residential,6,461.1
472,77.15990515,28.76696225,residential,6,1216.6
415,77.1713525,28.7676268,residential,6,1401.1
885,77.1733858,28.7652759,residential,6,526.4
182,77.1797072,28.7622692,residential,6,905.0
75,77.1847008,28.7678697,residential,6,1353.5
221,77.1927239,28.77015725,residential,6,1050.4
647,77.19672435000001,28.771762350000003,residential,6,757.7
746,77.193585,28.762368350000003,residential,6,1736.8
172,77.19256245,28.7559786,residential,6,993.4
841,77.1893623,28.7512093,residential,6,706.4
627,77.18664245,28.74692175,residential,6,772.2
684,77.1828756,28.7467638,residential,6,480.7
762,77.1821645,28.7482586,residential,6,281.0
536,77.1828305,28.7528536,residential,6,572.7
80,77.17540125,28.7431782,residential,6,1527.4
259,77.18529555,28.7375893,residential,6,2108.2
819,77.18632170000001,28.73812585,residential,6,291.7
780,77.18698855,28.738369050000003,residential,6,155.5
140,77.1852506,28.73415395,residential,6,645.0
942,77.18805215,28.73106115,trunk,6,1172.0
578,77.200665,28.73521405,residential,6,2022.7
102,77.19971185,28.7391588,residential,6,1351.9
119,77.20585679999999,28.73797195,tertiary,6,733.2
191,77.20549725000001,28.73633395,residential,6,453.6
865,77.20615555,28.73165855,residential,6,864.9
928,77.21058124999999,28.73028,residential,6,590.0
487,77.21987895000001,28.72776955,tertiary,6,1511.3
335,77.21898225000001,28.7334782,tertiary,6,657.5
323,77.22196295,28.73930135,residential,6,1185.3
336,77.20337945,28.7464845,residential,6,2792.7
599,77.1963575,28.74934605,residential,6,1031.1
918,77.2061444,28.72241815,residential,6,4149.8
978,77.2061329,28.72487245,residential,6,378.8
795,77.22191125,28.7173691,residential,6,2233.4
721,77.2213977,28.70987505,residential,6,1274.6
445,76.94227839999999,28.66515045,residential,7,
565,76.94316405000001,28.66558535,residential,7,768.0
452,76.9516285,28.65589835,residential,7,1690.9
315,77.01516430000001,28.60373715,residential,7,10172.2
619,77.02614185,28.6069988,residential,7,1789.1
294,77.03733629999999,28.60496135,secondary,7,1824.9
300,77.03591835,28.59709135,residential,7,2051.0
12,77.02895480000001,28.58930205,residential,7,1979.9
600,77.040949,28.57395855,residential,7,3037.7
748,77.03196600000001,28.57125825,residential,7,1732.3
850,77.02560270000001,28.574381,residential,7,1143.5
49,77.0239597,28.5778618,residential,7,548.2
598,77.0221351,28.5816315,residential,7,635.5
120,77.0192003,28.57548765,residential,7,1116.5
196,77.01949239999999,28.5701593,residential,7,1016.0
349,77.0113911,28.5696563,residential,7,926.9
56,77.00360435,28.56145125,residential,7,1403.8
685,77.00145355000001,28.5620627,residential,7,286.6
893,77.00776379999999,28.5877757,tertiary,7,3270.8
944,77.0103275,28.59729895,residential,7,2295.4
979,77.05169415,28.5852231,residential,7,7772.0
992,77.0600575,28.59431755,secondary,7,1735.5
190,77.0537266,28.59367855,residential,7,1215.8
298,77.05230714999999,28.6004535,residential,7,1740.9
621,77.06053365,28.60063955,residential,7,1154.3
926,77.05576925,28.60738695,residential,7,1034.2
467,77.06674965,28.60670725,residential,7,1188.1
649,77.07676935,28.60079035,residential,7,1662.3
239,77.07693125,28.6042279,residential,7,464.8
557,77.0784428,28.604065,residential,7,300.4
275,77.0836779,28.60456945,residential,7,824.4
385,77.08286104999999,28.5981372,residential,7,940.1
65,77.0854201,28.5934944,residential,7,787.7
950,77.08884735000001,28.5934025,residential,7,460.1
277,77.0952858,28.5904197,residential,7,1088.5
28,77.0960427,28.5904067,residential,7,74.1
909,77.09726905,28.592358,residential,7,376.4
681,77.09007885,28.58467135,tertiary,7,1341.2
579,77.0885409,28.58195985,residential,7,437.4
470,77.0784651,28.59174495,residential,7,1982.3
875,77.0714338,28.59418575,residential,7,1614.8
545,77.0694354,28.59448705,residential,7,287.4
358,77.0838436,28.6111723,residential,7,3019.4
126,77.08679599999999,28.6203868,residential,7,1520.9
91,77.11164435,28.6317557,tertiary,7,3356.2
641,77.11467175,28.6355319,residential,7,1008.6
853,77.11564475,28.62181625,residential,7,1952.7
858,77.10279854999999,28.6048293,residential,7,3227.9
669,77.1164864,28.6073831,residential,7,2278.1
432,77.1264193,28.6100332,unclassified,7,2300.5
382,77.1213209,28.59368665,residential,7,2157.4
680,77.1179288,28.5827708,residential,7,1427.7
550,77.1344632,28.567617,secondary,7,3626.3
806,77.14553545000001,28.5599279,residential,7,1826.8
729,77.13613910000001,28.54532035,tertiary,7,2237.9
404,77.1322659,28.531698650000003,residential,7,1999.8
189,77.13086465,28.5440091,residential,7,1795.0
511,77.00619975000001,28.5196717,residential,8,
882,77.02612585,28.55185015,residential,8,6472.6
636,77.0318236,28.55338565,residential,8,1047.0
800,77.06447695,28.5445996,tertiary,8,7555.2
898,77.1230588,28.540375750000003,residential,8,7011.8
963,77.11126630000001,28.534954,secondary,8,1553.8
970,77.07436265,28.5399299,residential,8,6528.1
98,77.07762945,28.53467115,residential,8,1300.5
922,77.13142625,28.5505847,residential,8,9023.7
297,77.1384291,28.58089425,residential,8,5746.3
717,77.1389862,28.588415249999997,residential,8,2710.8
321,77.14175535,28.59653015,tertiary,8,2403.8
782,77.1542664,28.5867825,secondary,8,5692.4
346,77.16629585000001,28.58671385,tertiary,8,3960.2
661,77.18355855,28.5983867,secondary,8,4737.3
492,77.205437,28.6081978,secondary,8,3744.3
324,77.21867764999999,28.62040355,secondary,8,2290.4
124,77.22574335,28.62206155,residential,8,844.3
386,77.22844475,28.62680205,residential,8,809.5
318,77.231758,28.6228318,residential,8,1014.6
739,77.2300183,28.63691005,residential,8,2062.9
586,77.23807065,28.6420132,residential,8,1428.9
168,77.2431178,28.6422624,residential,8,1097.8
220,77.23016,28.64870635,residential,8,2221.5
187,77.22998945,28.6490413,residential,8,41.5
212,77.22804595,28.648237100000003,unclassified,8,369.8
13,77.23043215,28.65274005,residential,8,769.8
413,77.22914735,28.6535872,residential,8,368.3
552,77.22772815,28.654640550000003,unclassified,8,230.8
485,77.2275798,28.65402365,residential,8,83.9
78,77.22099745,28.65685225,residential,8,1014.7
881,77.21552685,28.66268935,secondary,8,1150.1
192,77.21212585,28.6622201,residential,8,407.9
280,77.2109785,28.66060455,residential,8,239.4
999,77.20712359999999,28.663173899999997,secondary,8,992.6
934,77.20712595,28.6727788,tertiary,8,1189.5
421,77.19607264999999,28.68166525,residential,8,1803.6
412,77.1942408,28.6780507,residential,8,633.7
861,77.1997174,28.68873585,residential,8,1711.9
37,77.206164,28.68695705,tertiary,8,984.6
829,77.19631185,28.69314225,residential,8,1500.4
991,77.1803942,28.708432,residential,8,2867.2
773,77.1810938,28.7087832,residential,8,110.5
197,77.17852755,28.7119096,residential,8,1213.0
637,77.1783081,28.71454895,residential,8,548.2
558,77.0219789,28.69207015,residential,9,
265,77.07207145000001,28.67529665,residential,9,7680.1
278,77.07850205,28.6782172,residential,9,1090.7
234,77.07970885,28.67019735,tertiary,9,1101.1
664,77.0835158,28.66867905,residential,9,670.5
568,77.0849415,28.669462350000003,residential,9,230.5
564,77.08589845,28.66888385,residential,9,182.6
951,77.0932507,28.6659114,residential,9,1329.8
232,77.0913508,28.65998675,residential,9,839.9
108,77.08960795,28.65512915,tertiary,9,586.1
494,77.0897443,28.6483687,residential,9,1064.0
750,77.0892831,28.6447342,residential,9,442.1
517,77.0891744,28.643603,tertiary,9,176.6
852,77.0956003,28.644477199999997,residential,9,827.0
67,77.0983587,28.644429799999997,residential,9,350.1
520,77.1162473,28.64967925,residential,9,2673.5
844,77.11707245,28.65828915,residential,9,1340.0
654,77.11635509999999,28.6591904,residential,9,244.4
201,77.1203728,28.665520800000003,residential,9,1711.8
646,77.12488640000001,28.671106100000003,residential,9,1516.2
730,77.1321822,28.67209495,residential,9,995.8
540,77.13382404999999,28.67294485,residential,9,220.3
605,77.1422158,28.66866095,residential,9,1476.9
826,77.14323745,28.6672551,residential,9,268.1
351,77.14632485,28.6644003,residential,9,590.9
817,77.14654189999999,28.6652678,residential,9,153.0
306,77.14090949999999,28.66254405,residential,9,1617.8
478,77.13915610000001,28.66455035,residential,9,306.4
394,77.1414942,28.67733155,tertiary,9,1806.5
742,77.14503024999999,28.68370055,residential,9,1828.5
930,77.1393329,28.6881253,residential,9,1305.3
248,77.12998825,28.6878183,residential,9,1200.2
418,77.14415315,28.7016477,residential,9,2956.0
759,77.15456520000001,28.6928874,secondary,9,1924.0
261,77.1511884,28.68073455,secondary,9,3055.2
916,77.15524160000001,28.6747463,residential,9,1777.6
395,77.15962585,28.67481095,residential,9,537.2
623,77.16185014999999,28.672270150000003,residential,9,443.3
270,77.16424430000001,28.67388,tertiary,9,577.4
592,77.16533895,28.6689038,secondary,9,1196.0
434,77.17114995,28.6696963,residential,9,985.2
982,77.1780106,28.67262255,residential,9,1146.2
644,77.174779,28.67928915,residential,9,1749.0
908,77.1702669,28.678250050000003,residential,9,531.5
247,77.1692436,28.68656225,residential,9,1196.4
923,77.1697447,28.69224025,residential,9,916.8
929,77.1765499,28.69111365,secondary,9,882.4
18,77.18280465000001,28.69256595,residential,9,791.5
317,77.17609304999999,28.7003155,residential,9,1426.9
24,77.16961475,28.699311,residential,9,1430.9
968,77.16588229999999,28.7052816,residential,9,1371.8
17,77.15714255,28.71457565,residential,9,1494.2
127,77.1593123,28.71814785,residential,9,634.6
781,77.1572615,28.7238122,residential,9,981.8
302,77.1650027,28.7158828,tertiary,9,1667.7
60,77.16938329999999,28.7219664,residential,9,2234.7
23,77.16716095000001,28.7281154,residential,9,961.9
531,77.16711275,28.73113155,residential,9,458.9
145,77.1633407,28.7257057,residential,9,963.0
668,77.1770789,28.7278267,residential,9,2126.6
458,77.16527099999999,28.74445695,residential,9,3120.1
103,77.1684727,28.7503184,residential,9,927.2
338,77.1670096,28.76133075,residential,9,1962.3
215,77.15916475,28.74508575,residential,9,2467.8
632,77.14503875,28.73103855,residential,9,4064.6
391,77.1374912,28.7302527,tertiary,9,1291.6
675,77.1420639,28.7189786,residential,9,1915.2
966,77.13415165,28.7261733,residential,9,2057.7
913,77.13216445,28.70801095,residential,9,4249.6
987,77.1557305,28.68842475,residential,9,5471.9
403,77.19911385,28.8310179,residential,10,
694,77.18756099999999,28.84147235,residential,10,2238.6
815,77.18434239999999,28.83912885,residential,10,850.1
715,77.17052720000001,28.840473600000003,residential,10,2400.9
459,77.1685425,28.83734475,residential,10,750.1
95,77.169693,28.83281205,tertiary,10,1055.1
510,77.1759728,28.803338,residential,10,4054.2
473,77.18545725,28.79911645,residential,10,2278.0
388,77.18581950000001,28.79909795,residential,10,35.8
763,77.17430615,28.77870375,residential,10,4491.3
4,77.1689931,28.78032435,residential,10,2518.0
27,77.11331435,28.7459981,residential,10,9987.8
846,77.11372539999999,28.74235895,residential,10,611.0
533,77.11022315,28.7440341,residential,10,408.9
940,77.08080534999999,28.73416835,residential,10,4730.9
364,77.06118355000001,28.75261845,unclassified,10,3566.5
174,77.06349265,28.7536699,residential,10,984.5
736,77.0649491,28.7563641,residential,10,469.0
52,77.0734955,28.7046127,tertiary,10,7890.4
74,77.06194794999999,28.6692244,residential,10,4848.8
575,77.0772868,28.66516555,residential,10,1985.4
899,77.08293470000001,28.66104635,residential,10,936.6
402,77.08329065000001,28.6590538,residential,10,398.8
587,77.0842805,28.658581,residential,10,141.3
840,77.12965704999999,28.65222515,tertiary,10,7092.0
524,77.1288895,28.653366,residential,10,199.5
260,77.13377349999999,28.641866,residential,10,1548.4
350,77.13949945,28.6480065,residential,10,1203.4
441,77.13267925,28.6306666,primary,10,2427.6
143,77.16824765,28.6212364,residential,10,9189.3
776,77.17628355,28.6277762,tertiary,10,2331.2
764,77.1784303,28.6351823,residential,10,2521.6
373,77.17951819999999,28.6393953,residential,10,1268.6
229,77.1760921,28.6438865,residential,10,1411.2
744,77.1780441,28.643673,tertiary,10,193.4
507,77.17505575000001,28.6451331,residential,10,591.8
46,77.17541475,28.6456394,residential,10,94.5
55,77.17407130000001,28.644428249999997,residential,10,253.3
170,77.1696261,28.64517325,residential,10,585.0
169,77.15820975,28.6480881,residential,10,1481.4
859,77.1572735,28.64889675,residential,10,228.9
794,77.15151044999999,28.65201235,residential,10,768.7
263,77.1641251,28.65374295,residential,10,1706.8
314,77.16954705,28.6589223,residential,10,976.6
303,77.15828395,28.65993455,residential,10,1488.7
864,77.18105545,28.66036845,tertiary,10,2903.5
135,77.1813486,28.65596825,residential,10,1173.8
246,77.1828083,28.6533059,residential,10,578.7
330,77.0412561,28.6173165,residential,11,
528,77.04186555000001,28.61633645,residential,11,172.6
2,77.1585005,28.66372065,tertiary,11,13468.1
369,77.18198225,28.6673072,residential,11,2879.7
955,77.19666415,28.665384,residential,11,1712.0
613,77.19514914999999,28.6674161,residential,11,383.7
493,77.21682129999999,28.6741145,tertiary,11,3717.9
946,77.22435265,28.66385745,residential,11,1675.5
695,77.2332469,28.6579946,residential,11,2205.1
341,77.2135581,28.6529402,residential,11,3059.4
897,77.21121120000001,28.6503082,residential,11,451.9
753,77.2082109,28.63779475,residential,11,1598.5
276,77.1961958,28.6463047,tertiary,11,1950.9
457,77.19556180000001,28.64690045,tertiary,11,146.5
674,77.19023505,28.6499966,tertiary,11,695.5
872,77.1797398,28.65229615,residential,11,1498.0
29,77.21656684999999,28.6307634,residential,11,5675.4
332,77.2161469,28.62786645,secondary,11,610.4
671,77.2325905,28.60818435,residential,11,3963.7
823,77.2371334,28.60956625,secondary,11,2315.2
87,77.24411755,28.59044355,residential,11,3329.5
718,77.24720070000001,28.58435225,residential,11,1112.3
484,77.24645285,28.5838965,residential,11,131.0
416,77.2473768,28.5810302,residential,11,464.4
401,77.23960725,28.58054845,residential,11,1014.1
810,77.24277805,28.5856313,residential,11,844.8
828,77.2619,28.57006185,residential,11,3245.8
839,77.2640538,28.5686086,residential,11,312.6
601,77.26758380000001,28.56629325,tertiary,11,993.0
81,77.2790936,28.5652954,residential,11,1751.0
774,77.28443630000001,28.56505,residential,11,910.3
299,77.28804295,28.57190705,residential,11,899.6
625,77.29272130000001,28.560749,residential,11,1814.2
164,77.2885153,28.5635672,residential,11,932.5
146,77.28418959999999,28.55857425,tertiary,11,963.6
983,77.28648985000001,28.5537519,residential,11,823.1
491,77.2804222,28.5556366,residential,11,731.4
755,77.2942343,28.55336385,residential,11,2620.8
285,77.29644245,28.5556853,residential,11,490.4
236,77.31737955,28.53210475,tertiary,11,4351.8
546,77.3151871,28.532547549999997,tertiary,11,222.0
398,77.315563,28.5309431,residential,11,263.9
745,77.3149051,28.5299835,residential,11,174.7
258,77.3179053,28.5267963,residential,11,618.4
465,77.31933000000001,28.52652475,residential,11,188.1
581,77.32539944999999,28.52625125,residential,11,736.6
466,77.33134735,28.5264872,residential,11,733.4
689,77.3108708,28.53256575,residential,11,2361.1
497,77.31056095,28.5325672,residential,11,30.4
707,77.30957305000001,28.5307495,residential,11,440.7
653,77.30251185,28.5321722,residential,11,962.9
911,77.3045205,28.521746800000003,residential,11,1752.9
337,77.3097645,28.51473735,residential,11,1475.4
283,77.3173297,28.5113877,residential,11,1202.8
443,77.3197007,28.50696855,residential,11,714.8
741,77.3272316,28.49942385,residential,11,1258.8
327,77.32651010000001,28.49797245,residential,11,243.0
244,77.33182535,28.500126,residential,11,792.3
282,77.33263885,28.5012809,residential,11,202.1
802,77.3355986,28.5040497,residential,11,597.3
342,77.3132667,28.50637795,residential,11,3293.8
284,77.30588385,28.4963081,residential,11,2391.0
1,77.31255525,28.48729165,residential,11,2221.8
687,77.1289018,28.46715605,residential,12,
32,77.12635465,28.46898725,residential,12,1011.6
973,77.12272325,28.4722493,residential,12,904.0
862,77.13269754999999,28.4787166,residential,12,1644.5
921,77.13814965,28.47322595,residential,12,1339.4
116,77.14032885,28.47465005,residential,12,339.0
311,77.131015,28.48765235,residential,12,3151.6
571,77.13352660000001,28.487766,residential,12,857.9
47,77.14239805,28.4992337,tertiary,12,2040.6
379,77.1591478,28.4958002,residential,12,2426.5
733,77.15650205,28.49230725,residential,12,1247.1
204,77.18784265,28.5262163,tertiary,12,6089.9
714,77.20817124999999,28.53295075,residential,12,2777.1
572,77.20942529999999,28.535073949999997,residential,12,320.9
803,77.2171003,28.53835625,tertiary,12,1048.8
6,77.21681484999999,28.5348187,residential,12,523.6
698,77.2285612,28.53544365,residential,12,2043.0
15,77.22913155,28.53146205,residential,12,997.5
519,77.2342958,28.52628645,tertiary,12,1500.3
522,77.238348,28.52478985,residential,12,554.7
301,77.23901475,28.5247732,residential,12,97.8
5,77.24344425000001,28.51928875,residential,12,811.0
110,77.24243615,28.5180104,residential,12,196.5
761,77.24178425,28.5181992,residential,12,104.9
603,77.2380632,28.5178764,residential,12,799.8
357,77.23198915,28.517952800000003,residential,12,809.6
150,77.2346421,28.513562049999997,residential,12,823.4
904,77.22943475,28.51157085,residential,12,724.4
505,77.22721444999999,28.5077636,residential,12,605.3
118,77.2303871,28.50498485,residential,12,611.5
799,77.232096,28.507118050000003,tertiary,12,388.2
554,77.23247165000001,28.50683735,residential,12,128.3
867,77.24050489999999,28.50773775,residential,12,1219.6
848,77.24763345,28.505104,residential,12,974.0
833,77.2487259,28.5057984,residential,12,352.4
752,77.249005,28.50898725,residential,12,463.7
969,77.25552955,28.50653935,residential,12,792.7
436,77.252402,28.5000289,residential,12,912.9
633,77.24603619999999,28.51232685,residential,12,2157.3
252,77.25753445000001,28.522615,residential,12,2179.6
406,77.26307315,28.52207885,tertiary,12,845.1
797,77.26384025,28.5224017,residential,12,104.3
437,77.2709393,28.519309999999997,residential,12,880.5
937,77.26844320000001,28.51283195,residential,12,1041.6
770,77.26639315,28.5119582,residential,12,232.5
125,77.2790102,28.4969867,residential,12,3060.5
855,77.28123685,28.49600805,residential,12,343.7
523,77.28616235,28.497698999999997,residential,12,658.5
271,77.28491395,28.49944925,residential,12,373.2
607,77.28652715,28.50552095,residential,12,1211.8
725,77.28991669999999,28.50648415,residential,12,821.3
515,77.2904543,28.5066121,residential,12,54.4
961,77.2978158,28.49715485,residential,12,2270.0
333,77.30380224999999,28.51530605,residential,12,3490.3
199,77.31602625,28.49588545,tertiary,12,7058.2
76,77.30362149999999,28.51401,residential,12,4411.0
451,77.27751745,28.544621399999997,residential,12,7449.1
256,77.2761467,28.5471129,residential,12,722.6
86,77.26689935,28.55693995,residential,12,3216.0
409,77.25715790000001,28.5613629,residential,12,1445.5
132,77.25361835000001,28.56210845,residential,12,796.2
194,77.2488556,28.5567142,residential,12,1123.7
870,77.24238765000001,28.551749,residential,12,1671.9
771,77.23892939999999,28.5530529,tertiary,12,425.6
203,77.2331483,28.5547255,tertiary,12,777.3
693,77.2425353,28.54658805,residential,12,2103.7
111,77.25250145,28.5464506,residential,12,2054.4
73,77.2539935,28.5330773,residential,12,1860.8
959,77.25490665,28.53223175,residential,12,338.3
525,77.24393979999999,28.53690975,residential,12,1663.1
366,77.2411232,28.534979550000003,residential,12,434.8
162,77.21275805,28.4998509,residential,13,
375,77.21006084999999,28.511088200000003,residential,13,1688.1
356,77.2027844,28.51031775,residential,13,1146.6
796,77.2057444,28.5188164,residential,13,2369.8
801,77.2181899,28.52387055,residential,13,2439.7
205,77.22520635000001,28.51890025,residential,13,1495.7
676,77.22728609999999,28.5180431,secondary,13,1488.1
791,77.22391535,28.51222845,tertiary,13,916.4
514,77.2268541,28.49445295,residential,13,2487.2
516,77.23272815,28.4991803,residential,13,1115.4
842,77.23098519999999,28.4977012,residential,13,312.0
767,77.2301698,28.5447664,tertiary,13,6604.2
798,77.2296312,28.543162350000003,residential,13,294.0
936,77.20055005,28.54778925,residential,13,3873.2
659,77.1975534,28.54968215,residential,13,743.5
740,77.2055,28.55924465,residential,13,2746.4
610,77.19721240000001,28.56128185,residential,13,1084.6
639,77.20451825,28.570206149999997,residential,13,1789.6
41,77.20575360000001,28.5775922,residential,13,1173.5
901,77.20787715,28.5759546,residential,13,378.8
181,77.2212251,28.5762922,residential,13,2024.8
213,77.23089865,28.57982155,tertiary,13,1498.9
426,77.2327217,28.584820899999997,tertiary,13,1038.7
477,77.22682675,28.57080395,residential,13,3195.3
719,77.20919525,28.57289175,trunk,13,2920.4
825,77.193014,28.5733817,residential,13,2318.7
109,77.18104919999999,28.561887,residential,13,2356.7
706,77.18331265,28.558182,residential,13,570.0
873,77.1838427,28.5550116,residential,13,464.3
165,77.18173784999999,28.55105615,secondary,13,1209.6
176,77.17347505,28.55306545,residential,13,1144.3
117,77.16412605,28.5558682,tertiary,13,1652.2
775,77.16038660000001,28.5558516,residential,13,762.4
701,77.15496005,28.55365065,residential,13,710.6
589,77.1549658,28.56406675,residential,13,1534.4
249,77.17577255,28.5637804,residential,13,2613.0
638,77.16698930000001,28.5873838,residential,13,4014.7
183,77.21103485,28.59413455,residential,13,7001.6
427,77.2559665,28.57198295,residential,13,7115.0
527,77.26159595,28.5980802,residential,13,5184.9
214,77.2894972,28.6147797,secondary,13,6350.1
953,77.29657355,28.60522345,tertiary,13,1641.1
879,77.30382829999999,28.60452325,residential,13,949.6
288,77.30448344999999,28.6047687,residential,13,90.3
972,77.30754185,28.60649535,residential,13,463.5
235,77.30678835,28.60052665,residential,13,1214.8
956,77.30395365,28.599281,residential,13,350.8
154,77.31036025,28.5981304,residential,13,2121.8
547,77.3238158,28.60315345,residential,13,2103.0
359,77.33169434999999,28.60426495,residential,13,1111.5
62,77.28715805,28.52142665,residential,14,
134,77.31300615,28.51355215,tertiary,14,8334.7
115,77.28756365,28.5867567,residential,14,14432.4
584,77.2821887,28.618624949999997,residential,14,5691.7
374,77.2816913,28.6255769,residential,14,1267.2
617,77.28279445000001,28.62689065,residential,14,240.1
230,77.2850013,28.62810395,residential,14,337.8
11,77.28316865,28.63044805,residential,14,410.5
362,77.28864785,28.6336064,residential,14,858.8
624,77.29934499999999,28.6400266,residential,14,1418.4
291,77.29887744999999,28.6427334,residential,14,530.7
25,77.30057504999999,28.64780235,residential,14,909.2
788,77.30425995,28.64865375,secondary,14,608.5
264,77.302466,28.64986195,residential,14,468.9
242,77.31102440000001,28.65059575,residential,14,1180.7
290,77.3140579,28.65466105,residential,14,736.1
608,77.30748795,28.65890075,residential,14,1472.1
997,77.30615929999999,28.65939845,residential,14,306.7
544,77.30787815,28.6624613,residential,14,708.8
652,77.3090081,28.6634362,residential,14,224.9
281,77.31743525,28.6607536,residential,14,1338.2
152,77.3166355,28.66308145,residential,14,412.5
958,77.31960425,28.66635105,residential,14,613.5
227,77.31890064999999,28.66664295,residential,14,90.8
690,77.3199923,28.6671033,residential,14,161.1
175,77.31634695,28.6674375,residential,14,790.4
995,77.3155409,28.6687049,residential,14,840.8
935,77.31215515,28.6662568,tertiary,14,890.1
8,77.29444225,28.66486975,residential,14,1985.1
420,77.29249444999999,28.664273,residential,14,229.4
287,77.28903935,28.66753295,tertiary,14,593.8
612,77.28663845,28.66418845,residential,14,582.5
208,77.28625224999999,28.65843125,tertiary,14,862.7
809,77.28491155,28.655036,residential,14,540.6
425,77.28455305,28.6528453,residential,14,383.9
495,77.28524785,28.647404799999997,residential,14,703.4
960,77.28990245,28.6549274,residential,14,1210.7
106,77.29079114999999,28.65677905,residential,14,291.6
185,77.2948362,28.65286165,residential,14,771.1
506,77.295083,28.65170315,residential,14,130.8
883,77.29219245,28.65940185,residential,14,962.4
577,77.2787385,28.66458905,residential,14,1981.4
245,77.27848125,28.66301345,residential,14,263.1
672,77.27269355,28.6619393,residential,14,850.2
92,77.27089805,28.6610559,residential,14,245.1
262,77.27316395,28.65656885,tertiary,14,557.4
618,77.26598945,28.65805475,residential,14,932.8
835,77.2663675,28.66156375,residential,14,526.7
0,77.26662995000001,28.66633775,residential,14,698.0
54,77.26203770000001,28.66752845,residential,14,619.7
345,77.27388450000001,28.67192345,trunk,14,2050.4
504,77.28029755,28.67319635,primary,14,1648.5
363,77.27989640000001,28.6796653,residential,14,1037.5
880,77.28217985,28.68089845,residential,14,345.1
643,77.28500765000001,28.6805204,residential,14,338.1
378,77.28672355,28.68245745,residential,14,385.4
209,77.28810179999999,28.6832348,residential,14,216.7
30,77.2834692,28.68650325,residential,14,780.4
891,77.2732934,28.6936642,residential,14,1716.7
887,77.2734238,28.69522515,residential,14,390.8
144,77.27351189999999,28.6960134,residential,14,522.5
85,77.27355850000001,28.68698755,residential,14,1602.9
101,77.27253540000001,28.68410155,residential,14,507.8
186,77.26501719999999,28.6908872,residential,14,1527.3
566,77.26157055,28.69109705,residential,14,453.0
61,77.26116145,28.69273465,residential,14,539.3
475,77.2635794,28.69435165,residential,14,424.3
792,77.25648559999999,28.69601775,residential,14,863.8
142,77.25864285,28.69919555,residential,14,465.8
105,77.25459190000001,28.69057155,residential,14,1251.4
219,77.2575812,28.6876742,residential,14,544.1
77,77.25680274999999,28.68611775,residential,14,356.9
542,77.25643685,28.6848129,residential,14,310.2
785,77.2597919,28.68740645,residential,14,519.1
70,77.2504185,28.703485899999997,residential,14,2965.0
137,77.2555467,28.70700375,residential,14,1295.1
486,77.26331455,28.70716135,tertiary,14,1333.6
455,77.2650419,28.70393395,residential,14,425.5
238,77.26520984999999,28.70437405,residential,14,298.5
915,77.26704319999999,28.7037306,residential,14,411.1
334,77.2627927,28.70362145,trunk,14,625.0
938,77.2717729,28.70705195,tertiary,14,1080.4
656,77.27680055,28.709733550000003,tertiary,14,702.6
131,77.28240495,28.7137686,residential,14,1039.9
387,77.28501745,28.71881855,residential,14,836.9
952,77.28680349999999,28.72025285,residential,14,334.4
163,77.28731755,28.7236635,residential,14,416.6
768,77.28240295,28.7282627,residential,14,1040.4
874,77.28042185000001,28.72897055,residential,14,263.3
184,77.27958530000001,28.7251707,residential,14,588.3
42,77.2755809,28.719424250000003,residential,14,1104.7
878,77.27103155,28.72536875,residential,14,977.1
667,77.26852685,28.7258785,residential,14,386.4
580,77.26785385,28.72874535,residential,14,489.1
72,77.26390065000001,28.7288236,residential,14,403.6
787,77.2624731,28.73032545,residential,14,389.5
737,77.2623709,28.73292075,residential,14,410.8
594,77.27315114999999,28.7339616,residential,14,1404.6
931,77.18637580000001,28.54262105,residential,15,
723,77.18913845,28.54115735,residential,15,356.5
309,77.1496429,28.627642,residential,15,16903.0
340,77.1477292,28.623040000000003,unclassified,15,663.2
121,77.174251,28.68862655,residential,15,11014.1
585,77.25202045,28.6726447,residential,15,10384.3
512,77.2685008,28.65387525,residential,15,3485.2
188,77.26956135,28.64609065,residential,15,1065.9
640,77.2709259,28.648677,residential,15,509.7
711,77.2719878,28.6434007,residential,15,800.7
975,77.27421495,28.63826115,residential,15,1354.2
453,77.2745951,28.63557135,residential,15,454.7
435,77.2720438,28.632325100000003,unclassified,15,626.6
193,77.29174525,28.63988405,residential,15,2645.6
734,77.28896975,28.6410284,residential,15,390.8
857,77.30006595,28.6257013,residential,15,3348.3
628,77.29494675000001,28.62369125,residential,15,710.0
307,77.291165,28.6276907,residential,15,839.5
532,77.31488354999999,28.63453055,secondary,15,3670.5
370,77.32545615000001,28.62787805,residential,15,6007.1
868,77.33137855,28.6222238,residential,15,3636.4
541,77.33024750000001,28.606992400000003,residential,15,2301.1
316,77.2593476,28.61717615,residential,15,10224.6
407,77.3070523,28.67555405,residential,15,11067.3
207,77.29279045,28.6752607,residential,15,1553.9
422,77.2931942,28.67957665,residential,15,824.8
141,77.29863435,28.6791377,residential,15,681.4
682,77.30512454999999,28.69090995,residential,15,2249.1
147,77.3086903,28.691647850000003,residential,15,406.2
573,77.30207535,28.6963245,residential,15,1217.8
777,77.24537815,28.75552215,residential,16,
160,77.25187700000001,28.7500721,tertiary,16,1165.4
488,77.24984675,28.73603965,residential,16,1926.5
216,77.24644285,28.72926715,residential,16,1229.7
399,77.2587025,28.70485595,residential,16,4348.9
884,77.26630130000001,28.7222103,residential,16,2548.0
924,77.2874041,28.7095847,residential,16,3384.8
490,77.289913,28.70625835,residential,16,677.5
114,77.28517695,28.70408035,residential,16,684.9
807,77.30575185000001,28.70108135,residential,16,2636.5
460,77.32439525000001,28.69443105,residential,16,2711.0
678,77.32462475,28.6902235,residential,16,1098.2
384,77.3285384,28.6871035,residential,16,638.8
732,77.31562635,28.6848782,residential,16,1883.3
713,77.31141285000001,28.68216275,residential,16,539.5
