video_id,frame_file,timestamp_sec,face_count,max_confidence,status
day_8_5_06_2026_18.4,day_8_5_06_2026_18.4_face000000.jpg,3.034259,2,96,skipped
day_8_5_06_2026_18.4,day_8_5_06_2026_18.4_face000001.jpg,56.041432,99,94,skipped
day_8_5_06_2026_18.4,day_8_5_06_2026_18.4_face000002.jpg,67.056332,81,91,skipped
day_8_5_06_2026_18.3,day_8_5_06_2026_18.3_face000000.jpg,247.011136,8,92,skipped
day_8_5_06_2026_18.3,day_8_5_06_2026_18.3_face000001.jpg,248.000464,98,99,skipped
day_8_5_06_2026_18.3,day_8_5_06_2026_18.3_face000002.jpg,263.00304,1,96,skipped
day_8_5_06_2026_18.3,day_8_5_06_2026_18.3_face000003.jpg,333.00352,12,94,skipped
day_8_5_06_2026_18.3,day_8_5_06_2026_18.3_face000004.jpg,334.0,2,94,skipped
day_8_5_06_2026_18.3,day_8_5_06_2026_18.3_face000005.jpg,337.999168,2,93,skipped
day_8_5_06_2026_18.3,day_8_5_06_2026_18.3_face000006.jpg,340.004032,67,97,skipped
day_8_5_06_2026_18.5,day_8_5_06_2026_18.5_face000000.jpg,85.976616,3,95,skipped
day_8_5_06_2026_18.5,day_8_5_06_2026_18.5_face000001.jpg,111.974648,5,93,skipped
day_8_5_06_2026_18.5,day_8_5_06_2026_18.5_face000002.jpg,165.983072,1,93,skipped
day_8_5_06_2026_18.5,day_8_5_06_2026_18.5_face000003.jpg,259.974272,1,94,skipped
day_8_5_06_2026_18.5,day_8_5_06_2026_18.5_face000004.jpg,347.981152,1,92,skipped
day_8_5_06_2026_18.5,day_8_5_06_2026_18.5_face000005.jpg,354.976256,1,99,skipped
day_8_5_06_2026_18.5,day_8_5_06_2026_18.5_face000006.jpg,374.957856,88,93,skipped
day_8_5_06_2026_18.5,day_8_5_06_2026_18.5_face000007.jpg,425.984832,1,93,skipped
day_8_5_06_2026_18.5,day_8_5_06_2026_18.5_face000008.jpg,426.985696,1,90,skipped
day_8_5_06_2026_18.5,day_8_5_06_2026_18.5_face000009.jpg,490.069536,99,96,skipped
day_8_5_06_2026_18.5,day_8_5_06_2026_18.5_face000010.jpg,507.05184,22,98,skipped
day_8_5_06_2026_18.5,day_8_5_06_2026_18.5_face000011.jpg,539.96896,2,92,skipped
day_8_5_06_2026_18.5,day_8_5_06_2026_18.5_face000012.jpg,591.971008,2,91,skipped
day_8_5_06_2026_18.5,day_8_5_06_2026_18.5_face000013.jpg,603.049728,1,94,skipped
day_8_5_06_2026_18.1,day_8_5_06_2026_18.1_face000000.jpg,38.015788,1,90,skipped
day_8_5_06_2026_18.1,day_8_5_06_2026_18.1_face000001.jpg,43.035952,43,91,skipped
day_8_5_06_2026_18.1,day_8_5_06_2026_18.1_face000002.jpg,153.004128,1,91,skipped
day_8_5_06_2026_18.1,day_8_5_06_2026_18.1_face000003.jpg,202.026896,27,95,skipped
day_8_5_06_2026_18.1,day_8_5_06_2026_18.1_face000004.jpg,203.022128,1,90,skipped
day_8_5_06_2026_18.1,day_8_5_06_2026_18.1_face000005.jpg,406.042432,1,93,skipped
day_8_5_06_2026_18.1,day_8_5_06_2026_18.1_face000006.jpg,485.030016,2,98,skipped
day_8_5_06_2026_18.1,day_8_5_06_2026_18.1_face000007.jpg,548.034496,2,94,skipped
day_8_5_06_2026_18.1,day_8_5_06_2026_18.1_face000008.jpg,573.044288,1,97,skipped
day_8_5_06_2026_18.1,day_8_5_06_2026_18.1_face000009.jpg,580.056576,33,94,skipped
day_8_5_06_2026_18.6,day_8_5_06_2026_18.6_face000000.jpg,71.07792,1,95,skipped
day_8_5_06_2026_18.6,day_8_5_06_2026_18.6_face000001.jpg,84.967528,3,96,skipped
day_8_5_06_2026_18.6,day_8_5_06_2026_18.6_face000002.jpg,119.062184,97,99,skipped
day_8_5_06_2026_18.6,day_8_5_06_2026_18.6_face000003.jpg,121.981792,1,97,skipped
day_8_5_06_2026_18.6,day_8_5_06_2026_18.6_face000004.jpg,130.06072,2,92,skipped
day_8_5_06_2026_18.6,day_8_5_06_2026_18.6_face000005.jpg,316.053952,2,90,skipped
day_8_5_06_2026_18.6,day_8_5_06_2026_18.6_face000006.jpg,331.02624,3,96,skipped
day_8_5_06_2026_18.6,day_8_5_06_2026_18.6_face000007.jpg,387.966784,3,94,skipped
day_8_5_06_2026_18.6,day_8_5_06_2026_18.6_face000008.jpg,538.045376,1,90,skipped
day_8_5_06_2026_18.8,day_8_5_06_2026_18.8_face000000.jpg,142.968192,83,90,skipped
day_8_5_06_2026_18.8,day_8_5_06_2026_18.8_face000001.jpg,166.008064,2,92,skipped
day_8_5_06_2026_18.8,day_8_5_06_2026_18.8_face000002.jpg,179.014912,2,92,skipped
day_8_5_06_2026_18.8,day_8_5_06_2026_18.8_face000003.jpg,210.00984,4,93,skipped
day_8_5_06_2026_18.8,day_8_5_06_2026_18.8_face000004.jpg,240.002784,60,95,skipped
day_8_5_06_2026_18.8,day_8_5_06_2026_18.8_face000005.jpg,241.004288,9,91,skipped
day_8_5_06_2026_18.2,day_8_5_06_2026_18.2_face000000.jpg,21.014452,37,91,skipped
day_8_5_06_2026_18.2,day_8_5_06_2026_18.2_face000001.jpg,113.01956,2,97,skipped
day_8_5_06_2026_18.2,day_8_5_06_2026_18.2_face000002.jpg,114.02432,1,91,skipped
day_8_5_06_2026_18.2,day_8_5_06_2026_18.2_face000003.jpg,267.028864,7,98,skipped
day_8_5_06_2026_18.2,day_8_5_06_2026_18.2_face000004.jpg,293.01248,1,92,skipped
day_8_5_06_2026_18.2,day_8_5_06_2026_18.2_face000005.jpg,300.027424,5,97,skipped
day_8_5_06_2026_18.2,day_8_5_06_2026_18.2_face000006.jpg,304.02064,1,97,skipped
day_8_5_06_2026_18.2,day_8_5_06_2026_18.2_face000007.jpg,312.00528,2,98,skipped
day_8_5_06_2026_18.2,day_8_5_06_2026_18.2_face000008.jpg,329.024608,1,94,skipped
day_8_5_06_2026_18.2,day_8_5_06_2026_18.2_face000009.jpg,421.007712,4,92,skipped
day_8_5_06_2026_18.2,day_8_5_06_2026_18.2_face000010.jpg,453.03104,53,93,skipped
day_8_5_06_2026_18.2,day_8_5_06_2026_18.2_face000011.jpg,463.020704,3,92,skipped
day_8_5_06_2026_18.2,day_8_5_06_2026_18.2_face000012.jpg,472.022944,22,90,skipped
day_8_5_06_2026_18.2,day_8_5_06_2026_18.2_face000013.jpg,522.026304,3,93,skipped
day_8_5_06_2026_18.2,day_8_5_06_2026_18.2_face000014.jpg,526.032256,1,95,skipped
day_8_5_06_2026_18.2,day_8_5_06_2026_18.2_face000015.jpg,529.046304,1,92,skipped
day_8_5_06_2026_18.2,day_8_5_06_2026_18.2_face000016.jpg,592.034624,26,95,skipped
day_8_5_06_2026_18.2,day_8_5_06_2026_18.2_face000017.jpg,593.036096,98,90,skipped
day_8_5_06_2026_18.2,day_8_5_06_2026_18.2_face000018.jpg,595.030208,1,92,skipped
day_8_5_06_2026_18.2,day_8_5_06_2026_18.2_face000019.jpg,603.019072,34,93,skipped
day_8_5_06_2026_18.2,day_8_5_06_2026_18.2_face000020.jpg,641.01536,27,100,skipped
day_8_5_06_2026_18.2,day_8_5_06_2026_18.2_face000021.jpg,710.021952,79,95,skipped
day_8_5_06_2026_24.11,day_8_5_06_2026_24.11_face000000.jpg,24.99831,13,94,skipped
day_8_5_06_2026_24.11,day_8_5_06_2026_24.11_face000001.jpg,36.972748,2,96,skipped
day_8_5_06_2026_24.11,day_8_5_06_2026_24.11_face000002.jpg,37.974904,17,90,skipped
day_8_5_06_2026_24.11,day_8_5_06_2026_24.11_face000003.jpg,77.983784,1,90,skipped
day_8_5_06_2026_24.11,day_8_5_06_2026_24.11_face000004.jpg,80.003056,3,95,skipped
day_8_5_06_2026_24.11,day_8_5_06_2026_24.11_face000005.jpg,87.00108,4,96,skipped
day_8_5_06_2026_24.10,day_8_5_06_2026_24.10_face000000.jpg,23.05296,5,97,skipped
day_8_5_06_2026_24.10,day_8_5_06_2026_24.10_face000001.jpg,26.035266,2,94,skipped
day_8_5_06_2026_24.10,day_8_5_06_2026_24.10_face000002.jpg,65.047656,42,92,skipped
day_8_5_06_2026_24.10,day_8_5_06_2026_24.10_face000003.jpg,67.045644,17,95,skipped
day_8_5_06_2026_24.10,day_8_5_06_2026_24.10_face000004.jpg,77.958672,5,93,skipped
day_8_5_06_2026_24.10,day_8_5_06_2026_24.10_face000005.jpg,246.06672,80,96,skipped
day_8_5_06_2026_24.2,day_8_5_06_2026_24.2_face000000.jpg,25.033342,3,95,skipped
day_8_5_06_2026_24.2,day_8_5_06_2026_24.2_face000001.jpg,261.05456,1,97,skipped
day_8_5_06_2026_24.2,day_8_5_06_2026_24.2_face000002.jpg,290.988736,1,92,skipped
day_8_5_06_2026_24.2,day_8_5_06_2026_24.2_face000003.jpg,329.965888,65,92,skipped
day_8_5_06_2026_24.2,day_8_5_06_2026_24.2_face000004.jpg,353.9776,3,95,skipped
day_8_5_06_2026_24.2,day_8_5_06_2026_24.2_face000005.jpg,363.986432,78,91,skipped
day_8_5_06_2026_24.2,day_8_5_06_2026_24.2_face000006.jpg,514.986784,1,90,skipped
day_8_5_06_2026_24.2,day_8_5_06_2026_24.2_face000007.jpg,713.988736,99,91,skipped
day_8_5_06_2026_18.7,day_8_5_06_2026_18.7_face000000.jpg,142.991712,8,98,skipped
day_8_5_06_2026_18.7,day_8_5_06_2026_18.7_face000001.jpg,260.971248,1,92,skipped
day_8_5_06_2026_18.7,day_8_5_06_2026_18.7_face000002.jpg,344.981888,1,96,skipped
day_8_5_06_2026_18.7,day_8_5_06_2026_18.7_face000003.jpg,691.012416,17,96,skipped
day_8_5_06_2026_18.7,day_8_5_06_2026_18.7_face000004.jpg,749.993728,1,93,skipped
day_8_5_06_2026_18.7,day_8_5_06_2026_18.7_face000005.jpg,837.007296,1,98,skipped
day_8_5_06_2026_18.7,day_8_5_06_2026_18.7_face000006.jpg,946.99552,1,91,skipped
day_8_5_06_2026_24.4,day_8_5_06_2026_24.4_face000000.jpg,48.977716,15,95,skipped
day_8_5_06_2026_24.4,day_8_5_06_2026_24.4_face000001.jpg,55.979048,1,90,skipped
day_8_5_06_2026_24.4,day_8_5_06_2026_24.4_face000002.jpg,69.974424,1,95,skipped
day_8_5_06_2026_24.4,day_8_5_06_2026_24.4_face000003.jpg,231.01288,28,94,skipped
day_8_5_06_2026_24.4,day_8_5_06_2026_24.4_face000004.jpg,237.004496,17,93,skipped
day_8_5_06_2026_24.4,day_8_5_06_2026_24.4_face000005.jpg,331.997056,1,91,skipped
day_8_5_06_2026_24.1,day_8_5_06_2026_24.1_face000000.jpg,0.084446,99,97,skipped
day_8_5_06_2026_24.1,day_8_5_06_2026_24.1_face000001.jpg,39.01424,4,96,skipped
day_8_5_06_2026_24.1,day_8_5_06_2026_24.1_face000002.jpg,111.000768,61,93,skipped
day_8_5_06_2026_24.1,day_8_5_06_2026_24.1_face000003.jpg,124.000032,37,97,skipped
day_8_5_06_2026_24.1,day_8_5_06_2026_24.1_face000004.jpg,131.023152,6,90,skipped
day_8_5_06_2026_24.1,day_8_5_06_2026_24.1_face000005.jpg,180.01576,98,93,skipped
day_8_5_06_2026_24.1,day_8_5_06_2026_24.1_face000006.jpg,261.015248,1,98,skipped
day_8_5_06_2026_24.1,day_8_5_06_2026_24.1_face000007.jpg,316.016256,80,91,skipped
day_8_5_06_2026_24.1,day_8_5_06_2026_24.1_face000008.jpg,317.015552,20,96,skipped
day_8_5_06_2026_24.1,day_8_5_06_2026_24.1_face000009.jpg,357.030176,99,93,skipped
day_8_5_06_2026_24.1,day_8_5_06_2026_24.1_face000010.jpg,359.016576,2,90,skipped
day_8_5_06_2026_24.1,day_8_5_06_2026_24.1_face000011.jpg,380.03792,1,97,skipped
day_8_5_06_2026_24.1,day_8_5_06_2026_24.1_face000012.jpg,487.00464,94,92,skipped
day_8_5_06_2026_24.1,day_8_5_06_2026_24.1_face000013.jpg,520.012576,1,95,skipped
day_8_5_06_2026_24.1,day_8_5_06_2026_24.1_face000014.jpg,521.024288,1,94,skipped
day_8_5_06_2026_24.1,day_8_5_06_2026_24.1_face000015.jpg,535.01056,3,99,skipped
day_8_5_06_2026_24.1,day_8_5_06_2026_24.1_face000016.jpg,608.026368,1,92,skipped
day_8_5_06_2026_24.1,day_8_5_06_2026_24.1_face000017.jpg,726.042944,33,97,skipped
day_8_5_06_2026_24.1,day_8_5_06_2026_24.1_face000018.jpg,727.02208,10,93,skipped
day_8_5_06_2026_24.1,day_8_5_06_2026_24.1_face000019.jpg,728.0016,97,98,skipped
day_8_5_06_2026_24.1,day_8_5_06_2026_24.1_face000020.jpg,744.012352,6,95,skipped
day_8_5_06_2026_24.1,day_8_5_06_2026_24.1_face000021.jpg,795.018048,1,92,skipped
day_8_5_06_2026_24.1,day_8_5_06_2026_24.1_face000022.jpg,835.015296,6,92,skipped
day_8_5_06_2026_24.1,day_8_5_06_2026_24.1_face000023.jpg,955.036096,87,92,skipped
day_8_5_06_2026_24.3,day_8_5_06_2026_24.3_face000000.jpg,20.010806,2,90,skipped
day_8_5_06_2026_24.3,day_8_5_06_2026_24.3_face000001.jpg,32.99365,1,91,skipped
day_8_5_06_2026_24.3,day_8_5_06_2026_24.3_face000002.jpg,58.975188,7,94,skipped
day_8_5_06_2026_24.3,day_8_5_06_2026_24.3_face000003.jpg,59.97288,99,91,skipped
day_8_5_06_2026_24.3,day_8_5_06_2026_24.3_face000004.jpg,70.987872,1,96,skipped
day_8_5_06_2026_24.3,day_8_5_06_2026_24.3_face000005.jpg,71.979352,8,94,skipped
day_8_5_06_2026_24.3,day_8_5_06_2026_24.3_face000006.jpg,110.97668,8,95,skipped
day_8_5_06_2026_24.3,day_8_5_06_2026_24.3_face000007.jpg,111.990656,12,92,skipped
day_8_5_06_2026_24.3,day_8_5_06_2026_24.3_face000008.jpg,118.993544,3,92,skipped
day_8_5_06_2026_24.3,day_8_5_06_2026_24.3_face000009.jpg,120.98116,81,94,skipped
day_8_5_06_2026_24.3,day_8_5_06_2026_24.3_face000010.jpg,123.993264,26,91,skipped
day_8_5_06_2026_24.3,day_8_5_06_2026_24.3_face000011.jpg,126.99124,4,90,skipped
day_8_5_06_2026_24.3,day_8_5_06_2026_24.3_face000012.jpg,144.057664,95,91,skipped
day_8_5_06_2026_24.3,day_8_5_06_2026_24.3_face000013.jpg,164.957632,99,94,skipped
day_8_5_06_2026_24.3,day_8_5_06_2026_24.3_face000014.jpg,166.062816,99,97,skipped
day_8_5_06_2026_24.3,day_8_5_06_2026_24.3_face000015.jpg,169.068336,1,90,skipped
day_8_5_06_2026_24.3,day_8_5_06_2026_24.3_face000016.jpg,173.964272,1,96,skipped
day_8_5_06_2026_24.3,day_8_5_06_2026_24.3_face000017.jpg,186.07136,13,97,skipped
day_8_5_06_2026_24.3,day_8_5_06_2026_24.3_face000018.jpg,187.979184,81,90,skipped
day_8_5_06_2026_24.3,day_8_5_06_2026_24.3_face000019.jpg,194.971856,5,94,skipped
day_8_5_06_2026_24.3,day_8_5_06_2026_24.3_face000020.jpg,206.968064,1,94,skipped
day_8_5_06_2026_24.3,day_8_5_06_2026_24.3_face000021.jpg,228.978608,99,93,skipped
day_8_5_06_2026_24.3,day_8_5_06_2026_24.3_face000022.jpg,236.068352,84,95,skipped
day_8_5_06_2026_24.3,day_8_5_06_2026_24.3_face000023.jpg,243.981312,87,92,skipped
day_8_5_06_2026_24.3,day_8_5_06_2026_24.3_face000024.jpg,244.976624,99,93,skipped
day_8_5_06_2026_24.6,day_8_5_06_2026_24.6_face000000.jpg,34.051172,2,97,skipped
day_8_5_06_2026_24.6,day_8_5_06_2026_24.6_face000001.jpg,37.058084,5,97,skipped
day_8_5_06_2026_24.6,day_8_5_06_2026_24.6_face000002.jpg,37.955944,2,98,skipped
day_8_5_06_2026_24.6,day_8_5_06_2026_24.6_face000003.jpg,82.048856,8,90,skipped
day_8_5_06_2026_24.6,day_8_5_06_2026_24.6_face000004.jpg,100.037048,36,95,skipped
day_8_5_06_2026_24.6,day_8_5_06_2026_24.6_face000005.jpg,131.95044,15,92,skipped
day_8_5_06_2026_24.6,day_8_5_06_2026_24.6_face000006.jpg,133.042984,81,95,skipped
day_8_5_06_2026_24.6,day_8_5_06_2026_24.6_face000007.jpg,155.050112,2,91,skipped
day_8_5_06_2026_24.6,day_8_5_06_2026_24.6_face000008.jpg,160.068416,8,91,skipped
day_8_5_06_2026_24.6,day_8_5_06_2026_24.6_face000009.jpg,169.07208,1,94,skipped
day_8_5_06_2026_24.6,day_8_5_06_2026_24.6_face000010.jpg,169.973536,1,92,skipped
day_8_5_06_2026_24.6,day_8_5_06_2026_24.6_face000011.jpg,179.034352,27,92,skipped
day_8_5_06_2026_24.6,day_8_5_06_2026_24.6_face000012.jpg,188.05032,23,98,skipped
day_8_5_06_2026_24.6,day_8_5_06_2026_24.6_face000013.jpg,192.039104,99,91,skipped
day_8_5_06_2026_24.6,day_8_5_06_2026_24.6_face000014.jpg,197.956096,16,92,skipped
day_8_5_06_2026_24.6,day_8_5_06_2026_24.6_face000015.jpg,227.050848,2,96,skipped
day_8_5_06_2026_24.6,day_8_5_06_2026_24.6_face000016.jpg,253.064992,5,90,skipped
day_8_5_06_2026_24.6,day_8_5_06_2026_24.6_face000017.jpg,277.057056,95,96,skipped
day_8_5_06_2026_24.6,day_8_5_06_2026_24.6_face000018.jpg,296.960864,10,98,skipped
day_8_5_06_2026_24.6,day_8_5_06_2026_24.6_face000019.jpg,309.976256,2,94,skipped
day_8_5_06_2026_24.6,day_8_5_06_2026_24.6_face000020.jpg,313.056128,99,95,skipped
day_8_5_06_2026_24.6,day_8_5_06_2026_24.6_face000021.jpg,324.044864,4,97,skipped
day_8_5_06_2026_24.6,day_8_5_06_2026_24.6_face000022.jpg,329.983808,1,94,skipped
day_8_5_06_2026_24.6,day_8_5_06_2026_24.6_face000023.jpg,374.065376,1,91,skipped
day_8_5_06_2026_24.5,day_8_5_06_2026_24.5_face000000.jpg,59.011812,4,92,skipped
day_8_5_06_2026_24.5,day_8_5_06_2026_24.5_face000001.jpg,358.022272,99,92,skipped
day_8_5_06_2026_24.5,day_8_5_06_2026_24.5_face000002.jpg,364.006176,15,91,skipped
day_8_5_06_2026_24.5,day_8_5_06_2026_24.5_face000003.jpg,372.022144,1,93,skipped
day_8_5_06_2026_24.5,day_8_5_06_2026_24.5_face000004.jpg,460.0096,20,95,skipped
day_8_5_06_2026_24.5,day_8_5_06_2026_24.5_face000005.jpg,461.015744,28,93,skipped
day_8_5_06_2026_24.5,day_8_5_06_2026_24.5_face000006.jpg,510.011136,99,98,skipped
day_8_5_06_2026_24.5,day_8_5_06_2026_24.5_face000007.jpg,511.002752,99,94,skipped
day_8_5_06_2026_24.5,day_8_5_06_2026_24.5_face000008.jpg,518.001664,3,93,skipped
day_8_5_06_2026_24.5,day_8_5_06_2026_24.5_face000009.jpg,576.03328,44,96,skipped
day_8_5_06_2026_24.7,day_8_5_06_2026_24.7_face000000.jpg,365.98176,3,91,skipped
day_8_5_06_2026_24.7,day_8_5_06_2026_24.7_face000001.jpg,440.993504,2,94,skipped
day_8_5_06_2026_24.7,day_8_5_06_2026_24.7_face000002.jpg,555.993728,1,94,skipped
day_8_5_06_2026_24.7,day_8_5_06_2026_24.7_face000003.jpg,613.997632,1,91,skipped
day_8_5_06_2026_24.7,day_8_5_06_2026_24.7_face000004.jpg,633.00128,3,99,skipped
day_8_5_06_2026_24.7,day_8_5_06_2026_24.7_face000005.jpg,658.010112,8,94,skipped
day_8_5_06_2026_24.7,day_8_5_06_2026_24.7_face000006.jpg,663.99872,2,98,skipped
day_8_5_06_2026_24.7,day_8_5_06_2026_24.7_face000007.jpg,681.996736,3,93,skipped
day_8_5_06_2026_24.7,day_8_5_06_2026_24.7_face000008.jpg,732.990912,1,99,skipped
day_8_5_06_2026_24.7,day_8_5_06_2026_24.7_face000009.jpg,755.991488,2,97,skipped
day_8_5_06_2026_24.7,day_8_5_06_2026_24.7_face000010.jpg,762.007168,3,94,skipped
day_8_5_06_2026_24.7,day_8_5_06_2026_24.7_face000011.jpg,765.987008,1,97,skipped
day_8_5_06_2026_24.7,day_8_5_06_2026_24.7_face000012.jpg,785.988032,1,98,skipped
day_8_5_06_2026_24.7,day_8_5_06_2026_24.7_face000013.jpg,807.967808,1,96,skipped
day_8_5_06_2026_24.7,day_8_5_06_2026_24.7_face000014.jpg,808.978944,1,97,skipped
day_8_5_06_2026_24.7,day_8_5_06_2026_24.7_face000015.jpg,809.987008,15,97,skipped
day_8_5_06_2026_24.7,day_8_5_06_2026_24.7_face000016.jpg,811.000448,7,99,skipped
day_8_5_06_2026_24.7,day_8_5_06_2026_24.7_face000017.jpg,846.97664,4,98,skipped
day_8_5_06_2026_24.7,day_8_5_06_2026_24.7_face000018.jpg,874.00128,61,90,skipped
day_8_5_06_2026_24.9,day_8_5_06_2026_24.9_face000000.jpg,0.07683,1,95,skipped
day_8_5_06_2026_24.9,day_8_5_06_2026_24.9_face000001.jpg,14.047832,55,97,skipped
day_8_5_06_2026_24.9,day_8_5_06_2026_24.9_face000002.jpg,39.958292,1,97,skipped
day_8_5_06_2026_24.9,day_8_5_06_2026_24.9_face000003.jpg,97.03996,85,93,skipped
day_8_5_06_2026_24.9,day_8_5_06_2026_24.9_face000004.jpg,98.039088,2,98,skipped
day_8_5_06_2026_24.9,day_8_5_06_2026_24.9_face000005.jpg,153.044656,1,92,skipped
day_8_5_06_2026_24.9,day_8_5_06_2026_24.9_face000006.jpg,163.035952,1,91,skipped
day_8_5_06_2026_24.9,day_8_5_06_2026_24.9_face000007.jpg,194.048768,17,95,skipped
day_8_5_06_2026_24.9,day_8_5_06_2026_24.9_face000008.jpg,239.035696,2,90,skipped
day_8_5_06_2026_27.2,day_8_5_06_2026_27.2_face000000.jpg,80.027336,2,91,skipped
day_8_5_06_2026_27.1,day_8_5_06_2026_27.1_face000000.jpg,33.97328,2,97,skipped
day_8_5_06_2026_27.1,day_8_5_06_2026_27.1_face000001.jpg,57.968416,5,98,skipped
day_8_5_06_2026_27.1,day_8_5_06_2026_27.1_face000002.jpg,292.062016,1,98,skipped
day_8_5_06_2026_27.1,day_8_5_06_2026_27.1_face000003.jpg,327.06384,13,95,skipped
day_8_5_06_2026_27.1,day_8_5_06_2026_27.1_face000004.jpg,328.069408,34,95,skipped
day_8_5_06_2026_27.1,day_8_5_06_2026_27.1_face000005.jpg,335.965856,14,92,skipped
day_8_5_06_2026_27.1,day_8_5_06_2026_27.1_face000006.jpg,346.065088,9,96,skipped
day_8_5_06_2026_27.1,day_8_5_06_2026_27.1_face000007.jpg,364.97712,60,93,skipped
day_8_5_06_2026_27.1,day_8_5_06_2026_27.1_face000008.jpg,377.981088,8,97,skipped
day_8_5_06_2026_27.1,day_8_5_06_2026_27.1_face000009.jpg,460.976064,24,93,skipped
day_8_5_06_2026_27.1,day_8_5_06_2026_27.1_face000010.jpg,467.976,1,92,skipped
day_8_5_06_2026_27.1,day_8_5_06_2026_27.1_face000011.jpg,470.987808,10,94,skipped
day_8_5_06_2026_24.8,day_8_5_06_2026_24.8_face000000.jpg,2.999251,7,95,skipped
day_8_5_06_2026_24.8,day_8_5_06_2026_24.8_face000001.jpg,28.001126,54,97,skipped
day_8_5_06_2026_24.8,day_8_5_06_2026_24.8_face000002.jpg,59.98908,16,94,skipped
day_8_5_06_2026_24.8,day_8_5_06_2026_24.8_face000003.jpg,68.008288,15,93,skipped
day_8_5_06_2026_24.8,day_8_5_06_2026_24.8_face000004.jpg,72.001384,1,99,skipped
day_8_5_06_2026_24.8,day_8_5_06_2026_24.8_face000005.jpg,73.990792,1,95,skipped
day_8_5_06_2026_24.8,day_8_5_06_2026_24.8_face000006.jpg,75.994224,6,90,skipped
day_8_5_06_2026_24.8,day_8_5_06_2026_24.8_face000007.jpg,88.991776,99,94,skipped
day_8_5_06_2026_24.8,day_8_5_06_2026_24.8_face000008.jpg,93.97992,1,92,skipped
day_8_5_06_2026_24.8,day_8_5_06_2026_24.8_face000009.jpg,106.989176,1,93,skipped
day_8_5_06_2026_24.8,day_8_5_06_2026_24.8_face000010.jpg,114.001424,2,92,skipped
day_8_5_06_2026_24.8,day_8_5_06_2026_24.8_face000011.jpg,117.98084,2,90,skipped
day_8_5_06_2026_24.8,day_8_5_06_2026_24.8_face000012.jpg,118.989872,15,95,skipped
day_8_5_06_2026_24.8,day_8_5_06_2026_24.8_face000013.jpg,125.984832,5,91,skipped
day_8_5_06_2026_24.8,day_8_5_06_2026_24.8_face000014.jpg,146.985344,1,92,skipped
day_8_5_06_2026_24.8,day_8_5_06_2026_24.8_face000015.jpg,147.998688,6,99,skipped
day_8_5_06_2026_24.8,day_8_5_06_2026_24.8_face000016.jpg,149.004672,4,90,skipped
day_8_5_06_2026_24.8,day_8_5_06_2026_24.8_face000017.jpg,153.001856,19,91,skipped
day_8_5_06_2026_24.8,day_8_5_06_2026_24.8_face000018.jpg,167.9972,9,96,skipped
day_8_5_06_2026_24.8,day_8_5_06_2026_24.8_face000019.jpg,174.004592,94,97,skipped
day_8_5_06_2026_24.8,day_8_5_06_2026_24.8_face000020.jpg,183.983392,98,91,skipped
day_8_5_06_2026_24.8,day_8_5_06_2026_24.8_face000021.jpg,256.002976,1,91,skipped
day_8_5_06_2026_24.8,day_8_5_06_2026_24.8_face000022.jpg,300.009472,95,97,skipped
day_8_5_06_2026_24.8,day_8_5_06_2026_24.8_face000023.jpg,314.030944,34,93,skipped
day_8_5_06_2026_24.8,day_8_5_06_2026_24.8_face000024.jpg,420.025408,24,95,skipped
day_8_5_06_2026_24.8,day_8_5_06_2026_24.8_face000025.jpg,446.009888,6,94,skipped
day_8_5_06_2026_27.3,day_8_5_06_2026_27.3_face000000.jpg,84.023456,4,96,skipped
day_8_5_06_2026_27.3,day_8_5_06_2026_27.3_face000001.jpg,101.010232,39,90,skipped
day_8_5_06_2026_27.3,day_8_5_06_2026_27.3_face000002.jpg,110.980864,19,96,skipped
day_8_5_06_2026_27.3,day_8_5_06_2026_27.3_face000003.jpg,113.00168,4,98,skipped
day_8_5_06_2026_27.6,day_8_5_06_2026_27.6_face000000.jpg,3.998793,1,98,skipped
day_8_5_06_2026_27.6,day_8_5_06_2026_27.6_face000001.jpg,171.015168,80,97,skipped
day_8_5_06_2026_27.4,day_8_5_06_2026_27.4_face000000.jpg,2.00965,1,95,skipped
day_8_5_06_2026_27.4,day_8_5_06_2026_27.4_face000001.jpg,57.983116,51,95,skipped
day_8_5_06_2026_27.4,day_8_5_06_2026_27.4_face000002.jpg,62.059312,9,96,skipped
day_8_5_06_2026_27.4,day_8_5_06_2026_27.4_face000003.jpg,71.993136,1,98,skipped
day_8_5_06_2026_27.4,day_8_5_06_2026_27.4_face000004.jpg,72.995016,7,96,skipped
day_8_5_06_2026_27.4,day_8_5_06_2026_27.4_face000005.jpg,73.98928,7,95,skipped
day_8_5_06_2026_27.4,day_8_5_06_2026_27.4_face000006.jpg,85.99544,4,94,skipped
day_8_5_06_2026_27.4,day_8_5_06_2026_27.4_face000007.jpg,87.978184,1,92,skipped
day_8_5_06_2026_27.4,day_8_5_06_2026_27.4_face000008.jpg,120.001936,96,93,skipped
day_8_5_06_2026_27.4,day_8_5_06_2026_27.4_face000009.jpg,121.004288,99,91,skipped
day_8_5_06_2026_27.4,day_8_5_06_2026_27.4_face000010.jpg,138.995984,9,98,skipped
day_8_5_06_2026_27.4,day_8_5_06_2026_27.4_face000011.jpg,142.997264,99,99,skipped
day_8_5_06_2026_27.4,day_8_5_06_2026_27.4_face000012.jpg,183.00552,7,94,skipped
day_8_5_06_2026_27.4,day_8_5_06_2026_27.4_face000013.jpg,184.01048,16,92,skipped
day_8_5_06_2026_27.4,day_8_5_06_2026_27.4_face000014.jpg,206.983536,1,90,skipped
day_8_5_06_2026_27.4,day_8_5_06_2026_27.4_face000015.jpg,264.006848,51,90,skipped
day_8_5_06_2026_27.4,day_8_5_06_2026_27.4_face000016.jpg,269.012896,4,92,skipped
day_8_5_06_2026_27.4,day_8_5_06_2026_27.4_face000017.jpg,282.992704,2,94,skipped
day_8_5_06_2026_27.4,day_8_5_06_2026_27.4_face000018.jpg,343.985312,1,93,skipped
day_8_5_06_2026_27.4,day_8_5_06_2026_27.4_face000019.jpg,348.993536,28,92,skipped
day_8_5_06_2026_27.5,day_8_5_06_2026_27.5_face000000.jpg,18.99026,1,93,skipped
day_8_5_06_2026_27.5,day_8_5_06_2026_27.5_face000001.jpg,27.988586,1,96,skipped
day_8_5_06_2026_27.5,day_8_5_06_2026_27.5_face000002.jpg,60.999452,3,92,skipped
day_8_5_06_2026_27.5,day_8_5_06_2026_27.5_face000003.jpg,68.995752,9,94,skipped
day_8_5_06_2026_27.5,day_8_5_06_2026_27.5_face000004.jpg,129.981456,99,94,skipped
day_8_5_06_2026_27.5,day_8_5_06_2026_27.5_face000005.jpg,169.050256,7,91,skipped
day_8_5_06_2026_27.5,day_8_5_06_2026_27.5_face000006.jpg,170.05376,81,94,skipped
day_8_5_06_2026_27.5,day_8_5_06_2026_27.5_face000007.jpg,174.998752,5,90,skipped
day_8_5_06_2026_27.5,day_8_5_06_2026_27.5_face000008.jpg,235.00752,91,91,skipped
day_8_5_06_2026_27.5,day_8_5_06_2026_27.5_face000009.jpg,243.969392,2,96,skipped
day_8_5_06_2026_27.5,day_8_5_06_2026_27.5_face000010.jpg,264.994208,1,97,skipped
day_8_5_06_2026_27.5,day_8_5_06_2026_27.5_face000011.jpg,268.016496,2,94,skipped
day_8_5_06_2026_27.5,day_8_5_06_2026_27.5_face000012.jpg,269.02576,62,94,skipped
day_8_5_06_2026_27.5,day_8_5_06_2026_27.5_face000013.jpg,271.995296,99,91,skipped
day_8_5_06_2026_27.5,day_8_5_06_2026_27.5_face000014.jpg,277.984448,2,90,skipped
day_8_5_06_2026_27.5,day_8_5_06_2026_27.5_face000015.jpg,513.003712,1,97,skipped
day_8_5_06_2026_27.5,day_8_5_06_2026_27.5_face000016.jpg,931.031104,1,94,skipped
day_8_5_06_2026_27.5,day_8_5_06_2026_27.5_face000017.jpg,973.04064,1,91,skipped
day_8_5_06_2026_27.7,day_8_5_06_2026_27.7_face000000.jpg,66.079188,89,93,skipped
day_8_5_06_2026_27.7,day_8_5_06_2026_27.7_face000001.jpg,143.998704,2,96,skipped
day_8_5_06_2026_27.7,day_8_5_06_2026_27.7_face000002.jpg,165.968672,89,92,skipped
day_8_5_06_2026_27.7,day_8_5_06_2026_27.7_face000003.jpg,181.984432,61,97,skipped
day_8_5_06_2026_27.7,day_8_5_06_2026_27.7_face000004.jpg,182.990384,69,96,skipped
day_8_5_06_2026_27.7,day_8_5_06_2026_27.7_face000005.jpg,356.058432,21,92,skipped
day_8_5_06_2026_27.7,day_8_5_06_2026_27.7_face000006.jpg,371.99136,2,91,skipped
day_8_5_06_2026_27.7,day_8_5_06_2026_27.7_face000007.jpg,375.974624,99,92,skipped
day_8_5_06_2026_27.8,day_8_5_06_2026_27.8_face000000.jpg,82.05304,2,92,skipped
day_8_5_06_2026_27.8,day_8_5_06_2026_27.8_face000001.jpg,226.042256,3,90,skipped
day_8_5_06_2026_27.8,day_8_5_06_2026_27.8_face000002.jpg,270.063264,12,99,skipped
day_8_5_06_2026_27.8,day_8_5_06_2026_27.8_face000003.jpg,314.02928,1,91,skipped
day_8_5_06_2026_27.8,day_8_5_06_2026_27.8_face000004.jpg,316.01504,42,93,skipped
day_8_5_06_2026_27.8,day_8_5_06_2026_27.8_face000005.jpg,319.027936,3,91,skipped
day_8_5_06_2026_27.8,day_8_5_06_2026_27.8_face000006.jpg,320.019296,80,95,skipped
day_8_5_06_2026_27.8,day_8_5_06_2026_27.8_face000007.jpg,321.032736,46,93,skipped
day_8_5_06_2026_27.8,day_8_5_06_2026_27.8_face000008.jpg,333.045216,1,98,skipped
day_8_5_06_2026_27.8,day_8_5_06_2026_27.8_face000009.jpg,364.045952,17,94,skipped
day_8_5_06_2026_27.8,day_8_5_06_2026_27.8_face000010.jpg,478.016896,2,91,skipped
day_8_5_06_2026_27.8,day_8_5_06_2026_27.8_face000011.jpg,483.0192,10,91,skipped
day_8_5_06_2026_27.8,day_8_5_06_2026_27.8_face000012.jpg,492.021152,7,92,skipped
day_8_5_06_2026_27.8,day_8_5_06_2026_27.8_face000013.jpg,512.045824,21,93,skipped
day_8_5_06_2026_27.8,day_8_5_06_2026_27.8_face000014.jpg,516.966464,1,95,skipped
day_8_5_06_2026_27.8,day_8_5_06_2026_27.8_face000015.jpg,568.033088,1,90,skipped
day_8_5_06_2026_27.8,day_8_5_06_2026_27.8_face000016.jpg,596.026688,1,92,skipped
day_8_5_06_2026_27.8,day_8_5_06_2026_27.8_face000017.jpg,608.043392,3,92,skipped
day_8_5_06_2026_7.10,day_8_5_06_2026_7.10_face000000.jpg,20.993292,93,99,skipped
day_8_5_06_2026_7.10,day_8_5_06_2026_7.10_face000001.jpg,41.97776,16,92,skipped
day_8_5_06_2026_7.10,day_8_5_06_2026_7.10_face000002.jpg,42.98574,1,93,skipped
day_8_5_06_2026_7.10,day_8_5_06_2026_7.10_face000003.jpg,126.00632,30,93,skipped
day_8_5_06_2026_7.10,day_8_5_06_2026_7.10_face000004.jpg,153.005952,3,92,skipped
day_8_5_06_2026_7.10,day_8_5_06_2026_7.10_face000005.jpg,155.006304,2,94,skipped
day_8_5_06_2026_7.10,day_8_5_06_2026_7.10_face000006.jpg,228.003184,99,96,skipped
day_8_5_06_2026_7.10,day_8_5_06_2026_7.10_face000007.jpg,234.018416,1,96,skipped
day_8_5_06_2026_7.10,day_8_5_06_2026_7.10_face000008.jpg,254.007856,23,92,skipped
day_8_5_06_2026_7.10,day_8_5_06_2026_7.10_face000009.jpg,272.008768,24,95,skipped
day_8_5_06_2026_7.10,day_8_5_06_2026_7.10_face000010.jpg,274.003264,87,93,skipped
day_8_5_06_2026_7.10,day_8_5_06_2026_7.10_face000011.jpg,275.007712,99,93,skipped
day_8_5_06_2026_7.10,day_8_5_06_2026_7.10_face000012.jpg,280.012032,9,92,skipped
day_8_5_06_2026_7.10,day_8_5_06_2026_7.10_face000013.jpg,281.979392,97,90,skipped
day_8_5_06_2026_7.10,day_8_5_06_2026_7.10_face000014.jpg,282.984064,17,96,skipped
day_8_5_06_2026_7.10,day_8_5_06_2026_7.10_face000015.jpg,287.00672,99,91,skipped
day_8_5_06_2026_7.10,day_8_5_06_2026_7.10_face000016.jpg,289.009408,99,92,skipped
day_8_5_06_2026_7.10,day_8_5_06_2026_7.10_face000017.jpg,293.021824,13,96,skipped
day_8_5_06_2026_7.10,day_8_5_06_2026_7.10_face000018.jpg,297.006848,7,91,skipped
day_8_5_06_2026_7.10,day_8_5_06_2026_7.10_face000019.jpg,298.009024,100,94,skipped
day_8_5_06_2026_7.10,day_8_5_06_2026_7.10_face000020.jpg,336.989824,1,90,skipped
day_8_5_06_2026_7.10,day_8_5_06_2026_7.10_face000021.jpg,337.979616,39,94,skipped
day_8_5_06_2026_7.10,day_8_5_06_2026_7.10_face000022.jpg,338.988064,99,90,skipped
day_8_5_06_2026_7.10,day_8_5_06_2026_7.10_face000023.jpg,355.000864,36,93,skipped
day_8_5_06_2026_7.10,day_8_5_06_2026_7.10_face000024.jpg,359.004448,99,97,skipped
day_8_5_06_2026_7.10,day_8_5_06_2026_7.10_face000025.jpg,361.001216,1,97,skipped
day_8_5_06_2026_7.10,day_8_5_06_2026_7.10_face000026.jpg,368.978144,38,94,skipped
day_8_5_06_2026_7.10,day_8_5_06_2026_7.10_face000027.jpg,373.974944,87,95,skipped
day_8_5_06_2026_7.10,day_8_5_06_2026_7.10_face000028.jpg,384.982368,2,97,skipped
day_8_5_06_2026_7.10,day_8_5_06_2026_7.10_face000029.jpg,385.986432,93,97,skipped
day_8_5_06_2026_7.10,day_8_5_06_2026_7.10_face000030.jpg,388.982464,1,95,skipped
day_8_5_06_2026_7.10,day_8_5_06_2026_7.10_face000031.jpg,396.987488,22,90,skipped
day_8_5_06_2026_7.10,day_8_5_06_2026_7.10_face000032.jpg,421.005504,1,98,skipped
day_8_5_06_2026_7.11,day_8_5_06_2026_7.11_face000000.jpg,7.063374,2,92,skipped
day_8_5_06_2026_7.11,day_8_5_06_2026_7.11_face000001.jpg,7.980309,6,94,skipped
day_8_5_06_2026_7.11,day_8_5_06_2026_7.11_face000002.jpg,44.007496,2,96,skipped
day_8_5_06_2026_7.11,day_8_5_06_2026_7.11_face000003.jpg,55.01856,1,94,skipped
day_8_5_06_2026_7.11,day_8_5_06_2026_7.11_face000004.jpg,63.029932,91,98,skipped
day_8_5_06_2026_7.11,day_8_5_06_2026_7.11_face000005.jpg,65.029868,90,97,skipped
day_8_5_06_2026_7.11,day_8_5_06_2026_7.11_face000006.jpg,77.029288,5,94,skipped
day_8_5_06_2026_7.11,day_8_5_06_2026_7.11_face000007.jpg,83.009704,99,98,skipped
day_8_5_06_2026_7.11,day_8_5_06_2026_7.11_face000008.jpg,88.000744,52,97,skipped
day_8_5_06_2026_7.11,day_8_5_06_2026_7.11_face000009.jpg,90.024688,2,96,skipped
day_8_5_06_2026_7.11,day_8_5_06_2026_7.11_face000010.jpg,92.021,85,92,skipped
day_8_5_06_2026_7.11,day_8_5_06_2026_7.11_face000011.jpg,96.02528,22,92,skipped
day_8_5_06_2026_7.11,day_8_5_06_2026_7.11_face000012.jpg,98.008456,33,92,skipped
day_8_5_06_2026_7.11,day_8_5_06_2026_7.11_face000013.jpg,116.005472,35,93,skipped
day_8_5_06_2026_7.12,day_8_5_06_2026_7.12_face000000.jpg,2.993958,1,95,skipped
day_8_5_06_2026_7.12,day_8_5_06_2026_7.12_face000001.jpg,9.98095,2,98,skipped
day_8_5_06_2026_7.12,day_8_5_06_2026_7.12_face000002.jpg,14.03506,24,94,skipped
day_8_5_06_2026_7.12,day_8_5_06_2026_7.12_face000003.jpg,19.001876,3,96,skipped
day_8_5_06_2026_7.12,day_8_5_06_2026_7.12_face000004.jpg,29.988464,1,97,skipped
day_8_5_06_2026_7.12,day_8_5_06_2026_7.12_face000005.jpg,46.062048,10,91,skipped
day_8_5_06_2026_7.12,day_8_5_06_2026_7.12_face000006.jpg,52.985692,1,90,skipped
day_8_5_06_2026_7.12,day_8_5_06_2026_7.12_face000007.jpg,96.969648,4,95,skipped
day_8_5_06_2026_7.12,day_8_5_06_2026_7.12_face000008.jpg,97.97316,16,96,skipped
day_8_5_06_2026_7.12,day_8_5_06_2026_7.12_face000009.jpg,100.987616,95,96,skipped
day_8_5_06_2026_7.13,day_8_5_06_2026_7.13_face000000.jpg,13.039744,4,93,skipped
day_8_5_06_2026_7.13,day_8_5_06_2026_7.13_face000001.jpg,16.058976,1,97,skipped
day_8_5_06_2026_7.13,day_8_5_06_2026_7.13_face000002.jpg,16.973018,7,93,skipped
day_8_5_06_2026_7.13,day_8_5_06_2026_7.13_face000003.jpg,18.99628,6,98,skipped
day_8_5_06_2026_7.13,day_8_5_06_2026_7.13_face000004.jpg,21.03962,2,90,skipped
day_8_5_06_2026_7.13,day_8_5_06_2026_7.13_face000005.jpg,23.992388,2,91,skipped
day_8_5_06_2026_7.13,day_8_5_06_2026_7.13_face000006.jpg,26.042362,2,94,skipped
day_8_5_06_2026_7.13,day_8_5_06_2026_7.13_face000007.jpg,27.981242,2,96,skipped
day_8_5_06_2026_7.13,day_8_5_06_2026_7.13_face000008.jpg,31.046838,30,96,skipped
day_8_5_06_2026_7.13,day_8_5_06_2026_7.13_face000009.jpg,32.976974,99,95,skipped
day_8_5_06_2026_7.13,day_8_5_06_2026_7.13_face000010.jpg,33.983956,22,95,skipped
day_8_5_06_2026_7.13,day_8_5_06_2026_7.13_face000011.jpg,37.059348,39,98,skipped
day_8_5_06_2026_7.13,day_8_5_06_2026_7.13_face000012.jpg,39.06998,81,94,skipped
day_8_5_06_2026_7.13,day_8_5_06_2026_7.13_face000013.jpg,40.972188,57,91,skipped
day_8_5_06_2026_7.13,day_8_5_06_2026_7.13_face000014.jpg,54.989288,6,96,skipped
day_8_5_06_2026_7.13,day_8_5_06_2026_7.13_face000015.jpg,101.96828,11,97,skipped
day_8_5_06_2026_7.13,day_8_5_06_2026_7.13_face000016.jpg,103.063264,99,98,skipped
day_8_5_06_2026_7.13,day_8_5_06_2026_7.13_face000017.jpg,135.966896,76,96,skipped
day_8_5_06_2026_7.13,day_8_5_06_2026_7.13_face000018.jpg,145.986896,5,94,skipped
day_8_5_06_2026_7.13,day_8_5_06_2026_7.13_face000019.jpg,148.97464,7,98,skipped
day_8_5_06_2026_7.13,day_8_5_06_2026_7.13_face000020.jpg,149.9792,63,94,skipped
day_8_5_06_2026_7.13,day_8_5_06_2026_7.13_face000021.jpg,153.970192,99,94,skipped
day_8_5_06_2026_7.13,day_8_5_06_2026_7.13_face000022.jpg,162.064304,1,94,skipped
day_8_5_06_2026_7.13,day_8_5_06_2026_7.13_face000023.jpg,187.968,88,91,skipped
day_8_5_06_2026_7.15,day_8_5_06_2026_7.15_face000000.jpg,0.071555,11,91,skipped
day_8_5_06_2026_7.15,day_8_5_06_2026_7.15_face000001.jpg,1.000108,2,95,skipped
day_8_5_06_2026_7.15,day_8_5_06_2026_7.15_face000002.jpg,33.022946,2,90,skipped
day_8_5_06_2026_7.15,day_8_5_06_2026_7.15_face000003.jpg,99.013696,1,92,skipped
day_8_5_06_2026_7.15,day_8_5_06_2026_7.15_face000004.jpg,159.99552,99,96,skipped
day_8_5_06_2026_7.15,day_8_5_06_2026_7.15_face000005.jpg,181.987808,2,90,skipped
day_8_5_06_2026_7.15,day_8_5_06_2026_7.15_face000006.jpg,187.973152,1,95,skipped
day_8_5_06_2026_7.15,day_8_5_06_2026_7.15_face000007.jpg,188.978656,1,95,skipped
day_8_5_06_2026_7.15,day_8_5_06_2026_7.15_face000008.jpg,296.00752,5,91,skipped
day_8_5_06_2026_7.15,day_8_5_06_2026_7.15_face000009.jpg,299.005792,42,94,skipped
day_8_5_06_2026_7.15,day_8_5_06_2026_7.15_face000010.jpg,300.00224,10,95,skipped
day_8_5_06_2026_7.15,day_8_5_06_2026_7.15_face000011.jpg,304.992672,1,91,skipped
day_8_5_06_2026_7.15,day_8_5_06_2026_7.15_face000012.jpg,344.972288,6,91,skipped
day_8_5_06_2026_7.14,day_8_5_06_2026_7.14_face000000.jpg,110.041648,46,98,skipped
day_8_5_06_2026_7.14,day_8_5_06_2026_7.14_face000001.jpg,124.03436,19,99,skipped
day_8_5_06_2026_7.14,day_8_5_06_2026_7.14_face000002.jpg,142.963184,9,94,skipped
day_8_5_06_2026_7.14,day_8_5_06_2026_7.14_face000003.jpg,147.963008,1,92,skipped
day_8_5_06_2026_7.14,day_8_5_06_2026_7.14_face000004.jpg,151.07744,2,90,skipped
day_8_5_06_2026_7.14,day_8_5_06_2026_7.14_face000005.jpg,155.9716,58,92,skipped
day_8_5_06_2026_7.14,day_8_5_06_2026_7.14_face000006.jpg,228.983376,1,90,skipped
day_8_5_06_2026_7.14,day_8_5_06_2026_7.14_face000007.jpg,284.963744,56,97,skipped
day_8_5_06_2026_7.14,day_8_5_06_2026_7.14_face000008.jpg,304.976544,2,94,skipped
day_8_5_06_2026_7.14,day_8_5_06_2026_7.14_face000009.jpg,305.959168,99,92,skipped
day_8_5_06_2026_7.14,day_8_5_06_2026_7.14_face000010.jpg,342.062784,9,91,skipped
day_8_5_06_2026_7.14,day_8_5_06_2026_7.14_face000011.jpg,364.98624,1,93,skipped
day_8_5_06_2026_7.14,day_8_5_06_2026_7.14_face000012.jpg,367.975648,1,93,skipped
day_8_5_06_2026_7.1,day_8_5_06_2026_7.1_face000000.jpg,43.042004,10,97,skipped
day_8_5_06_2026_7.1,day_8_5_06_2026_7.1_face000001.jpg,62.95754,61,95,skipped
day_8_5_06_2026_7.1,day_8_5_06_2026_7.1_face000002.jpg,65.048976,10,94,skipped
day_8_5_06_2026_7.1,day_8_5_06_2026_7.1_face000003.jpg,83.041112,90,93,skipped
day_8_5_06_2026_7.1,day_8_5_06_2026_7.1_face000004.jpg,105.044232,30,91,skipped
day_8_5_06_2026_7.1,day_8_5_06_2026_7.1_face000005.jpg,142.039824,26,92,skipped
day_8_5_06_2026_7.1,day_8_5_06_2026_7.1_face000006.jpg,160.982064,1,97,skipped
day_8_5_06_2026_7.1,day_8_5_06_2026_7.1_face000007.jpg,194.04288,3,97,skipped
day_8_5_06_2026_7.1,day_8_5_06_2026_7.1_face000008.jpg,220.03864,29,99,skipped
day_8_5_06_2026_7.1,day_8_5_06_2026_7.1_face000009.jpg,262.0272,99,94,skipped
day_8_5_06_2026_7.1,day_8_5_06_2026_7.1_face000010.jpg,266.00248,1,96,skipped
day_8_5_06_2026_7.1,day_8_5_06_2026_7.1_face000011.jpg,295.005664,64,93,skipped
day_8_5_06_2026_7.1,day_8_5_06_2026_7.1_face000012.jpg,304.000672,69,98,skipped
day_8_5_06_2026_7.1,day_8_5_06_2026_7.1_face000013.jpg,372.014112,99,98,skipped
day_8_5_06_2026_7.1,day_8_5_06_2026_7.1_face000014.jpg,373.00048,99,92,skipped
day_8_5_06_2026_7.1,day_8_5_06_2026_7.1_face000015.jpg,386.010848,99,96,skipped
day_8_5_06_2026_7.1,day_8_5_06_2026_7.1_face000016.jpg,434.015872,99,98,skipped
day_8_5_06_2026_7.1,day_8_5_06_2026_7.1_face000017.jpg,444.012736,1,93,skipped
day_8_5_06_2026_7.1,day_8_5_06_2026_7.1_face000018.jpg,476.02528,1,95,skipped
day_8_5_06_2026_7.1,day_8_5_06_2026_7.1_face000019.jpg,565.01536,1,90,skipped
day_8_5_06_2026_7.1,day_8_5_06_2026_7.1_face000020.jpg,571.002688,2,95,skipped
day_8_5_06_2026_7.1,day_8_5_06_2026_7.1_face000021.jpg,592.011008,3,97,skipped
day_8_5_06_2026_7.1,day_8_5_06_2026_7.1_face000022.jpg,605.017536,99,91,skipped
day_8_5_06_2026_7.1,day_8_5_06_2026_7.1_face000023.jpg,607.023424,10,97,skipped
day_8_5_06_2026_7.1,day_8_5_06_2026_7.1_face000024.jpg,611.014016,5,96,skipped
day_8_5_06_2026_7.1,day_8_5_06_2026_7.1_face000025.jpg,628.005056,75,91,skipped
day_8_5_06_2026_7.1,day_8_5_06_2026_7.1_face000026.jpg,632.994624,12,93,skipped
day_8_5_06_2026_7.1,day_8_5_06_2026_7.1_face000027.jpg,639.003072,98,96,skipped
day_8_5_06_2026_7.1,day_8_5_06_2026_7.1_face000028.jpg,649.012352,99,95,skipped
day_8_5_06_2026_7.1,day_8_5_06_2026_7.1_face000029.jpg,655.004864,54,96,skipped
day_8_5_06_2026_7.1,day_8_5_06_2026_7.1_face000030.jpg,656.008832,99,91,skipped
day_8_5_06_2026_7.1,day_8_5_06_2026_7.1_face000031.jpg,657.017472,99,95,skipped
day_8_5_06_2026_7.1,day_8_5_06_2026_7.1_face000032.jpg,663.002688,99,91,skipped
day_8_5_06_2026_7.1,day_8_5_06_2026_7.1_face000033.jpg,664.007104,4,92,skipped
day_8_5_06_2026_7.1,day_8_5_06_2026_7.1_face000034.jpg,670.987584,38,91,skipped
day_8_5_06_2026_7.1,day_8_5_06_2026_7.1_face000035.jpg,673.016896,1,93,skipped
day_8_5_06_2026_7.1,day_8_5_06_2026_7.1_face000036.jpg,674.02656,92,92,skipped
day_8_5_06_2026_7.1,day_8_5_06_2026_7.1_face000037.jpg,678.000768,38,96,skipped
day_8_5_06_2026_7.1,day_8_5_06_2026_7.1_face000038.jpg,682.003328,99,94,skipped
day_8_5_06_2026_7.1,day_8_5_06_2026_7.1_face000039.jpg,683.005952,74,94,skipped
day_8_5_06_2026_7.1,day_8_5_06_2026_7.1_face000040.jpg,684.006144,98,99,skipped
day_8_5_06_2026_7.1,day_8_5_06_2026_7.1_face000041.jpg,688.011264,99,91,skipped
day_8_5_06_2026_7.1,day_8_5_06_2026_7.1_face000042.jpg,689.006848,95,93,skipped
day_8_5_06_2026_7.1,day_8_5_06_2026_7.1_face000043.jpg,690.013312,95,92,skipped
day_8_5_06_2026_7.1,day_8_5_06_2026_7.1_face000044.jpg,691.013376,79,97,skipped
day_8_5_06_2026_7.1,day_8_5_06_2026_7.1_face000045.jpg,699.005888,1,95,skipped
day_8_5_06_2026_7.1,day_8_5_06_2026_7.1_face000046.jpg,703.021056,57,96,skipped
day_8_5_06_2026_7.1,day_8_5_06_2026_7.1_face000047.jpg,704.999424,3,95,skipped
day_8_5_06_2026_7.1,day_8_5_06_2026_7.1_face000048.jpg,710.9888,2,96,skipped
day_8_5_06_2026_7.1,day_8_5_06_2026_7.1_face000049.jpg,716.999168,1,91,skipped
day_8_5_06_2026_7.1,day_8_5_06_2026_7.1_face000050.jpg,719.995264,99,94,skipped
day_8_5_06_2026_7.1,day_8_5_06_2026_7.1_face000051.jpg,731.992512,12,93,skipped
day_8_5_06_2026_7.1,day_8_5_06_2026_7.1_face000052.jpg,740.01536,2,92,skipped
day_8_5_06_2026_7.1,day_8_5_06_2026_7.1_face000053.jpg,741.006208,92,97,skipped
day_8_5_06_2026_7.1,day_8_5_06_2026_7.1_face000054.jpg,742.99968,99,90,skipped
day_8_5_06_2026_7.1,day_8_5_06_2026_7.1_face000055.jpg,744.995776,1,92,skipped
day_8_5_06_2026_7.1,day_8_5_06_2026_7.1_face000056.jpg,749.00224,87,91,skipped
day_8_5_06_2026_7.1,day_8_5_06_2026_7.1_face000057.jpg,750.994432,2,93,skipped
day_8_5_06_2026_7.1,day_8_5_06_2026_7.1_face000058.jpg,755.000448,100,90,skipped
day_8_5_06_2026_7.1,day_8_5_06_2026_7.1_face000059.jpg,757.000576,1,94,skipped
day_8_5_06_2026_7.1,day_8_5_06_2026_7.1_face000060.jpg,759.987392,3,98,skipped
day_8_5_06_2026_7.1,day_8_5_06_2026_7.1_face000061.jpg,761.00064,99,92,skipped
day_8_5_06_2026_7.1,day_8_5_06_2026_7.1_face000062.jpg,762.00288,1,91,skipped
day_8_5_06_2026_7.1,day_8_5_06_2026_7.1_face000063.jpg,763.003008,99,96,skipped
day_8_5_06_2026_7.1,day_8_5_06_2026_7.1_face000064.jpg,770.002688,1,97,skipped
day_8_5_06_2026_7.1,day_8_5_06_2026_7.1_face000065.jpg,771.017024,1,90,skipped
day_8_5_06_2026_7.1,day_8_5_06_2026_7.1_face000066.jpg,787.020544,99,96,skipped
day_8_5_06_2026_7.1,day_8_5_06_2026_7.1_face000067.jpg,788.025664,3,90,skipped
day_8_5_06_2026_7.1,day_8_5_06_2026_7.1_face000068.jpg,794.004288,99,96,skipped
day_8_5_06_2026_7.1,day_8_5_06_2026_7.1_face000069.jpg,795.00224,99,95,skipped
day_8_5_06_2026_7.1,day_8_5_06_2026_7.1_face000070.jpg,853.04128,2,96,skipped
day_8_5_06_2026_7.1,day_8_5_06_2026_7.1_face000071.jpg,854.048064,1,90,skipped
day_8_5_06_2026_7.1,day_8_5_06_2026_7.1_face000072.jpg,951.001792,6,97,skipped
day_8_5_06_2026_7.3,day_8_5_06_2026_7.3_face000000.jpg,8.050121,1,93,skipped
day_8_5_06_2026_7.3,day_8_5_06_2026_7.3_face000001.jpg,26.992688,7,91,skipped
day_8_5_06_2026_7.3,day_8_5_06_2026_7.3_face000002.jpg,31.992554,1,91,skipped
day_8_5_06_2026_7.3,day_8_5_06_2026_7.3_face000003.jpg,38.996536,1,95,skipped
day_8_5_06_2026_7.3,day_8_5_06_2026_7.3_face000004.jpg,60.993312,23,94,skipped
day_8_5_06_2026_7.3,day_8_5_06_2026_7.3_face000005.jpg,65.99162,4,91,skipped
day_8_5_06_2026_7.3,day_8_5_06_2026_7.3_face000006.jpg,66.996216,12,97,skipped
day_8_5_06_2026_7.3,day_8_5_06_2026_7.3_face000007.jpg,79.99228,4,93,skipped
day_8_5_06_2026_7.3,day_8_5_06_2026_7.3_face000008.jpg,107.003032,3,94,skipped
day_8_5_06_2026_7.3,day_8_5_06_2026_7.3_face000009.jpg,178.987344,2,92,skipped
day_8_5_06_2026_7.3,day_8_5_06_2026_7.3_face000010.jpg,231.995696,5,93,skipped
day_8_5_06_2026_7.3,day_8_5_06_2026_7.3_face000011.jpg,249.000336,32,94,skipped
day_8_5_06_2026_7.3,day_8_5_06_2026_7.3_face000012.jpg,283.003456,7,91,skipped
day_8_5_06_2026_7.3,day_8_5_06_2026_7.3_face000013.jpg,284.994208,1,94,skipped
day_8_5_06_2026_7.3,day_8_5_06_2026_7.3_face000014.jpg,286.007264,9,92,skipped
day_8_5_06_2026_7.3,day_8_5_06_2026_7.3_face000015.jpg,289.987424,3,96,skipped
day_8_5_06_2026_7.3,day_8_5_06_2026_7.3_face000016.jpg,300.985152,99,96,skipped
day_8_5_06_2026_7.3,day_8_5_06_2026_7.3_face000017.jpg,301.99248,7,94,skipped
day_8_5_06_2026_7.3,day_8_5_06_2026_7.3_face000018.jpg,395.99632,9,91,skipped
day_8_5_06_2026_7.3,day_8_5_06_2026_7.3_face000019.jpg,400.013664,2,90,skipped
day_8_5_06_2026_7.3,day_8_5_06_2026_7.3_face000020.jpg,426.002208,60,91,skipped
day_8_5_06_2026_7.3,day_8_5_06_2026_7.3_face000021.jpg,435.003456,100,93,skipped
day_8_5_06_2026_7.3,day_8_5_06_2026_7.3_face000022.jpg,433.99888,100,95,skipped
day_8_5_06_2026_7.4,day_8_5_06_2026_7.4_face000000.jpg,41.009248,6,92,skipped
day_8_5_06_2026_7.4,day_8_5_06_2026_7.4_face000001.jpg,60.025604,6,96,skipped
day_8_5_06_2026_7.4,day_8_5_06_2026_7.4_face000002.jpg,61.020016,99,96,skipped
day_8_5_06_2026_7.4,day_8_5_06_2026_7.4_face000003.jpg,146.998368,3,96,skipped
day_8_5_06_2026_7.4,day_8_5_06_2026_7.4_face000004.jpg,211.008624,2,97,skipped
day_8_5_06_2026_7.4,day_8_5_06_2026_7.4_face000005.jpg,344.016864,3,90,skipped
day_8_5_06_2026_7.4,day_8_5_06_2026_7.4_face000006.jpg,398.008896,7,96,skipped
day_8_5_06_2026_7.4,day_8_5_06_2026_7.4_face000007.jpg,400.012352,3,92,skipped
day_8_5_06_2026_7.4,day_8_5_06_2026_7.4_face000008.jpg,404.007296,4,97,skipped
day_8_5_06_2026_7.4,day_8_5_06_2026_7.4_face000009.jpg,407.022272,1,95,skipped
day_8_5_06_2026_7.4,day_8_5_06_2026_7.4_face000010.jpg,408.027264,70,99,skipped
day_8_5_06_2026_7.4,day_8_5_06_2026_7.4_face000011.jpg,420.01952,67,93,skipped
day_8_5_06_2026_7.4,day_8_5_06_2026_7.4_face000012.jpg,422.008896,2,91,skipped
day_8_5_06_2026_7.4,day_8_5_06_2026_7.4_face000013.jpg,423.011648,61,94,skipped
day_8_5_06_2026_7.4,day_8_5_06_2026_7.4_face000014.jpg,425.023072,14,98,skipped
day_8_5_06_2026_7.4,day_8_5_06_2026_7.4_face000015.jpg,430.012736,28,98,skipped
day_8_5_06_2026_7.4,day_8_5_06_2026_7.4_face000016.jpg,438.997792,3,95,skipped
day_8_5_06_2026_7.4,day_8_5_06_2026_7.4_face000017.jpg,440.020192,88,97,skipped
day_8_5_06_2026_7.4,day_8_5_06_2026_7.4_face000018.jpg,442.002272,3,90,skipped
day_8_5_06_2026_7.4,day_8_5_06_2026_7.4_face000019.jpg,443.018272,98,92,skipped
day_8_5_06_2026_7.4,day_8_5_06_2026_7.4_face000020.jpg,444.01168,2,98,skipped
day_8_5_06_2026_7.4,day_8_5_06_2026_7.4_face000021.jpg,445.007392,96,90,skipped
day_8_5_06_2026_7.4,day_8_5_06_2026_7.4_face000022.jpg,453.019712,28,93,skipped
day_8_5_06_2026_7.4,day_8_5_06_2026_7.4_face000023.jpg,456.01552,14,95,skipped
day_8_5_06_2026_7.4,day_8_5_06_2026_7.4_face000024.jpg,458.016,68,98,skipped
day_8_5_06_2026_7.4,day_8_5_06_2026_7.4_face000025.jpg,468.011232,1,92,skipped
day_8_5_06_2026_7.4,day_8_5_06_2026_7.4_face000026.jpg,473.011008,4,99,skipped
day_8_5_06_2026_7.4,day_8_5_06_2026_7.4_face000027.jpg,478.99568,1,92,skipped
day_8_5_06_2026_7.4,day_8_5_06_2026_7.4_face000028.jpg,479.996096,1,98,skipped
day_8_5_06_2026_7.4,day_8_5_06_2026_7.4_face000029.jpg,483.024704,93,99,skipped
day_8_5_06_2026_7.4,day_8_5_06_2026_7.4_face000030.jpg,490.010176,1,96,skipped
day_8_5_06_2026_7.4,day_8_5_06_2026_7.4_face000031.jpg,497.006176,99,94,skipped
day_8_5_06_2026_7.4,day_8_5_06_2026_7.4_face000032.jpg,502.010784,96,97,skipped
day_8_5_06_2026_7.4,day_8_5_06_2026_7.4_face000033.jpg,524.010112,1,93,skipped
day_8_5_06_2026_7.4,day_8_5_06_2026_7.4_face000034.jpg,532.018432,12,96,skipped
day_8_5_06_2026_7.4,day_8_5_06_2026_7.4_face000035.jpg,533.016992,11,99,skipped
day_8_5_06_2026_7.4,day_8_5_06_2026_7.4_face000036.jpg,535.026816,99,92,skipped
day_8_5_06_2026_7.4,day_8_5_06_2026_7.4_face000037.jpg,539.01216,94,91,skipped
day_8_5_06_2026_7.4,day_8_5_06_2026_7.4_face000038.jpg,541.013312,98,96,skipped
day_8_5_06_2026_7.4,day_8_5_06_2026_7.4_face000039.jpg,542.021632,78,92,skipped
day_8_5_06_2026_7.4,day_8_5_06_2026_7.4_face000040.jpg,543.034112,82,91,skipped
day_8_5_06_2026_7.4,day_8_5_06_2026_7.4_face000041.jpg,545.020096,98,90,skipped
day_8_5_06_2026_7.4,day_8_5_06_2026_7.4_face000042.jpg,550.0096,78,91,skipped
day_8_5_06_2026_7.4,day_8_5_06_2026_7.4_face000043.jpg,555.003776,88,97,skipped
day_8_5_06_2026_7.4,day_8_5_06_2026_7.4_face000044.jpg,561.013824,99,94,skipped
day_8_5_06_2026_7.4,day_8_5_06_2026_7.4_face000045.jpg,566.020096,89,92,skipped
day_8_5_06_2026_7.4,day_8_5_06_2026_7.4_face000046.jpg,571.013952,78,98,skipped
day_8_5_06_2026_7.4,day_8_5_06_2026_7.4_face000047.jpg,572.022656,82,90,skipped
day_8_5_06_2026_7.4,day_8_5_06_2026_7.4_face000048.jpg,577.010816,1,92,skipped
day_8_5_06_2026_7.4,day_8_5_06_2026_7.4_face000049.jpg,578.016512,93,90,skipped
day_8_5_06_2026_7.4,day_8_5_06_2026_7.4_face000050.jpg,585.006528,9,91,skipped
day_8_5_06_2026_7.4,day_8_5_06_2026_7.4_face000051.jpg,676.018112,10,96,skipped
day_8_5_06_2026_7.4,day_8_5_06_2026_7.4_face000052.jpg,684.020608,1,94,skipped
day_8_5_06_2026_7.4,day_8_5_06_2026_7.4_face000053.jpg,719.013952,1,92,skipped
day_8_5_06_2026_7.4,day_8_5_06_2026_7.4_face000054.jpg,782.032832,6,99,skipped
day_8_5_06_2026_7.4,day_8_5_06_2026_7.4_face000055.jpg,791.019904,6,96,skipped
day_8_5_06_2026_7.4,day_8_5_06_2026_7.4_face000056.jpg,796.02528,1,94,skipped
day_8_5_06_2026_7.4,day_8_5_06_2026_7.4_face000057.jpg,818.00704,1,96,skipped
day_8_5_06_2026_7.4,day_8_5_06_2026_7.4_face000058.jpg,847.011328,31,91,skipped
day_8_5_06_2026_7.4,day_8_5_06_2026_7.4_face000059.jpg,888.014336,5,94,skipped
day_8_5_06_2026_7.4,day_8_5_06_2026_7.4_face000060.jpg,952.005504,10,94,skipped
day_8_5_06_2026_7.4,day_8_5_06_2026_7.4_face000061.jpg,953.0016,1,95,skipped
day_8_5_06_2026_7.4,day_8_5_06_2026_7.4_face000062.jpg,954.000832,13,92,skipped
day_8_5_06_2026_7.4,day_8_5_06_2026_7.4_face000063.jpg,966.020224,87,93,skipped
day_8_5_06_2026_7.4,day_8_5_06_2026_7.4_face000064.jpg,970.006784,4,95,skipped
day_8_5_06_2026_7.4,day_8_5_06_2026_7.4_face000065.jpg,971.016768,2,96,skipped
day_8_5_06_2026_7.4,day_8_5_06_2026_7.4_face000066.jpg,985.008,1,98,skipped
day_8_5_06_2026_7.4,day_8_5_06_2026_7.4_face000067.jpg,1000.97216,1,90,skipped
day_8_5_06_2026_7.4,day_8_5_06_2026_7.4_face000068.jpg,1002.062976,99,95,skipped
day_8_5_06_2026_7.4,day_8_5_06_2026_7.4_face000069.jpg,1021.004032,3,94,skipped
day_8_5_06_2026_7.4,day_8_5_06_2026_7.4_face000070.jpg,1043.059968,7,95,skipped
day_8_5_06_2026_7.5,day_8_5_06_2026_7.5_face000000.jpg,5.03879,4,98,skipped
day_8_5_06_2026_7.5,day_8_5_06_2026_7.5_face000001.jpg,30.043282,18,93,skipped
day_8_5_06_2026_7.5,day_8_5_06_2026_7.5_face000002.jpg,39.05146,2,97,skipped
day_8_5_06_2026_7.5,day_8_5_06_2026_7.5_face000003.jpg,70.051032,1,97,skipped
day_8_5_06_2026_7.5,day_8_5_06_2026_7.5_face000004.jpg,91.036928,99,93,skipped
day_8_5_06_2026_7.5,day_8_5_06_2026_7.5_face000005.jpg,94.03796,24,94,skipped
day_8_5_06_2026_7.6,day_8_5_06_2026_7.6_face000000.jpg,21.04511,2,93,skipped
day_8_5_06_2026_7.6,day_8_5_06_2026_7.6_face000001.jpg,65.048368,1,98,skipped
day_8_5_06_2026_7.6,day_8_5_06_2026_7.6_face000002.jpg,91.0548,26,96,skipped
day_8_5_06_2026_7.6,day_8_5_06_2026_7.6_face000003.jpg,92.047504,99,95,skipped
day_8_5_06_2026_7.6,day_8_5_06_2026_7.6_face000004.jpg,100.981728,1,95,skipped
day_8_5_06_2026_7.6,day_8_5_06_2026_7.6_face000005.jpg,144.962704,13,92,skipped
day_8_5_06_2026_7.6,day_8_5_06_2026_7.6_face000006.jpg,269.98048,99,90,skipped
day_8_5_06_2026_7.6,day_8_5_06_2026_7.6_face000007.jpg,270.972768,99,90,skipped
day_8_5_06_2026_7.6,day_8_5_06_2026_7.6_face000008.jpg,304.004416,67,91,skipped
day_8_5_06_2026_7.6,day_8_5_06_2026_7.6_face000009.jpg,317.995232,3,91,skipped
day_8_5_06_2026_7.6,day_8_5_06_2026_7.6_face000010.jpg,371.00016,1,90,skipped
day_8_5_06_2026_7.6,day_8_5_06_2026_7.6_face000011.jpg,380.999968,15,94,skipped
day_8_5_06_2026_7.6,day_8_5_06_2026_7.6_face000012.jpg,383.000416,34,91,skipped
day_8_5_06_2026_7.6,day_8_5_06_2026_7.6_face000013.jpg,398.018528,2,98,skipped
day_8_5_06_2026_7.6,day_8_5_06_2026_7.6_face000014.jpg,411.009312,84,99,skipped
day_8_5_06_2026_7.6,day_8_5_06_2026_7.6_face000015.jpg,433.000896,24,97,skipped
day_8_5_06_2026_7.6,day_8_5_06_2026_7.6_face000016.jpg,438.005824,27,93,skipped
day_8_5_06_2026_7.6,day_8_5_06_2026_7.6_face000017.jpg,440.005344,44,90,skipped
day_8_5_06_2026_7.6,day_8_5_06_2026_7.6_face000018.jpg,454.059808,5,99,skipped
day_8_5_06_2026_7.6,day_8_5_06_2026_7.6_face000019.jpg,547.021824,4,92,skipped
day_8_5_06_2026_7.6,day_8_5_06_2026_7.6_face000020.jpg,610.003904,1,95,skipped
day_8_5_06_2026_7.7,day_8_5_06_2026_7.7_face000000.jpg,23.981828,68,92,skipped
day_8_5_06_2026_7.7,day_8_5_06_2026_7.7_face000001.jpg,42.061864,3,98,skipped
day_8_5_06_2026_7.7,day_8_5_06_2026_7.7_face000002.jpg,44.023048,1,96,skipped
day_8_5_06_2026_7.7,day_8_5_06_2026_7.7_face000003.jpg,51.05424,1,90,skipped
day_8_5_06_2026_7.7,day_8_5_06_2026_7.7_face000004.jpg,54.053848,45,97,skipped
day_8_5_06_2026_7.7,day_8_5_06_2026_7.7_face000005.jpg,64.050828,8,97,skipped
day_8_5_06_2026_7.7,day_8_5_06_2026_7.7_face000006.jpg,67.032116,10,99,skipped
day_8_5_06_2026_7.7,day_8_5_06_2026_7.7_face000007.jpg,81.974136,13,96,skipped
day_8_5_06_2026_7.7,day_8_5_06_2026_7.7_face000008.jpg,83.068008,7,95,skipped
day_8_5_06_2026_7.7,day_8_5_06_2026_7.7_face000009.jpg,91.058776,9,96,skipped
day_8_5_06_2026_7.7,day_8_5_06_2026_7.7_face000010.jpg,101.95128,98,97,skipped
day_8_5_06_2026_7.7,day_8_5_06_2026_7.7_face000011.jpg,105.99048,97,99,skipped
day_8_5_06_2026_7.7,day_8_5_06_2026_7.7_face000012.jpg,111.047,7,98,skipped
day_8_5_06_2026_7.7,day_8_5_06_2026_7.7_face000013.jpg,119.038824,2,94,skipped
day_8_5_06_2026_7.7,day_8_5_06_2026_7.7_face000014.jpg,153.036992,4,96,skipped
day_8_5_06_2026_7.7,day_8_5_06_2026_7.7_face000015.jpg,155.05216,2,96,skipped
day_8_5_06_2026_7.7,day_8_5_06_2026_7.7_face000016.jpg,162.05584,1,95,skipped
day_8_5_06_2026_7.7,day_8_5_06_2026_7.7_face000017.jpg,182.04624,66,97,skipped
day_8_5_06_2026_7.7,day_8_5_06_2026_7.7_face000018.jpg,188.044912,1,94,skipped
day_8_5_06_2026_7.7,day_8_5_06_2026_7.7_face000019.jpg,219.027888,9,90,skipped
day_8_5_06_2026_7.8,day_8_5_06_2026_7.8_face000000.jpg,6.049335,7,90,skipped
day_8_5_06_2026_7.8,day_8_5_06_2026_7.8_face000001.jpg,7.046834,2,96,skipped
day_8_5_06_2026_7.8,day_8_5_06_2026_7.8_face000002.jpg,117.02996,7,93,skipped
day_8_5_06_2026_7.8,day_8_5_06_2026_7.8_face000003.jpg,166.981616,23,91,skipped
day_8_5_06_2026_7.8,day_8_5_06_2026_7.8_face000004.jpg,244.018512,22,98,skipped
day_8_5_06_2026_7.8,day_8_5_06_2026_7.8_face000005.jpg,274.991104,19,96,skipped
day_8_5_06_2026_7.8,day_8_5_06_2026_7.8_face000006.jpg,279.988736,28,92,skipped
day_8_5_06_2026_7.8,day_8_5_06_2026_7.8_face000007.jpg,290.996736,1,90,skipped
day_8_5_06_2026_7.8,day_8_5_06_2026_7.8_face000008.jpg,319.9824,8,95,skipped
day_8_5_06_2026_7.8,day_8_5_06_2026_7.8_face000009.jpg,329.05392,99,98,skipped
day_8_5_06_2026_7.8,day_8_5_06_2026_7.8_face000010.jpg,330.061952,99,99,skipped
day_8_5_06_2026_7.8,day_8_5_06_2026_7.8_face000011.jpg,333.054912,97,97,skipped
day_8_5_06_2026_7.8,day_8_5_06_2026_7.8_face000012.jpg,334.053472,99,98,skipped
day_8_5_06_2026_7.8,day_8_5_06_2026_7.8_face000013.jpg,335.061056,99,97,skipped
day_8_5_06_2026_7.8,day_8_5_06_2026_7.8_face000014.jpg,337.0568,99,99,skipped
day_8_5_06_2026_7.8,day_8_5_06_2026_7.8_face000015.jpg,351.96704,1,95,skipped
day_8_5_06_2026_7.8,day_8_5_06_2026_7.8_face000016.jpg,372.978432,1,90,skipped
day_8_5_06_2026_7.8,day_8_5_06_2026_7.8_face000017.jpg,388.005728,3,94,skipped
day_8_5_06_2026_7.8,day_8_5_06_2026_7.8_face000018.jpg,390.975584,2,94,skipped
day_8_5_06_2026_7.8,day_8_5_06_2026_7.8_face000019.jpg,391.98096,99,92,skipped
day_8_5_06_2026_7.8,day_8_5_06_2026_7.8_face000020.jpg,451.970912,1,95,skipped
day_8_5_06_2026_7.9,day_8_5_06_2026_7.9_face000000.jpg,58.00378,1,99,skipped
day_8_5_06_2026_7.9,day_8_5_06_2026_7.9_face000001.jpg,97.996672,1,93,skipped
day_8_5_06_2026_7.9,day_8_5_06_2026_7.9_face000002.jpg,100.9984,1,95,skipped
day_8_5_06_2026_7.9,day_8_5_06_2026_7.9_face000003.jpg,101.998504,92,91,skipped
day_8_5_06_2026_7.9,day_8_5_06_2026_7.9_face000004.jpg,103.993296,18,94,skipped
day_8_5_06_2026_7.9,day_8_5_06_2026_7.9_face000005.jpg,104.989936,2,93,skipped
day_8_5_06_2026_7.9,day_8_5_06_2026_7.9_face000006.jpg,181.998768,2,93,skipped
day_8_5_06_2026_7.9,day_8_5_06_2026_7.9_face000007.jpg,188.017632,6,91,skipped
day_8_5_06_2026_7.9,day_8_5_06_2026_7.9_face000008.jpg,189.0212,1,95,skipped
day_8_5_06_2026_7.9,day_8_5_06_2026_7.9_face000009.jpg,193.017712,1,94,skipped
day_8_5_06_2026_7.9,day_8_5_06_2026_7.9_face000010.jpg,194.003056,3,98,skipped
day_8_5_06_2026_7.9,day_8_5_06_2026_7.9_face000011.jpg,197.994176,52,95,skipped
day_8_5_06_2026_7.9,day_8_5_06_2026_7.9_face000012.jpg,259.012064,99,91,skipped
day_8_5_06_2026_7.9,day_8_5_06_2026_7.9_face000013.jpg,283.003872,4,91,skipped
day_8_5_06_2026_7.9,day_8_5_06_2026_7.9_face000014.jpg,284.004096,6,97,skipped
day_8_5_06_2026_7.9,day_8_5_06_2026_7.9_face000015.jpg,295.028032,2,97,skipped
day_8_5_06_2026_7.9,day_8_5_06_2026_7.9_face000016.jpg,317.008608,8,95,skipped
day_8_5_06_2026_7.9,day_8_5_06_2026_7.9_face000017.jpg,525.986976,49,97,skipped
day_8_5_06_2026_7.9,day_8_5_06_2026_7.9_face000018.jpg,546.02912,48,97,skipped
day_8_5_06_2026_7.9,day_8_5_06_2026_7.9_face000019.jpg,548.01632,4,95,skipped
day_8_5_06_2026_7.9,day_8_5_06_2026_7.9_face000020.jpg,549.013376,91,94,skipped
day_8_5_06_2026_7.9,day_8_5_06_2026_7.9_face000021.jpg,634.028928,2,96,skipped
day_8_5_06_2026_7.9,day_8_5_06_2026_7.9_face000022.jpg,635.034688,1,91,skipped
day_8_5_06_2026_7.9,day_8_5_06_2026_7.9_face000023.jpg,657.031936,5,91,skipped
day_8_5_06_2026_7.2,day_8_5_06_2026_7.2_face000000.jpg,1392.965888,65,94,ok
day_8_5_06_2026_7.2,day_8_5_06_2026_7.2_face000001.jpg,1418.042624,2,96,ok
day_8_5_06_2026_7.2,day_8_5_06_2026_7.2_face000002.jpg,1435.037952,1,95,ok
day_8_5_06_2026_7.2,day_8_5_06_2026_7.2_face000003.jpg,1499.052928,1,93,ok
day_8_5_06_2026_7.2,day_8_5_06_2026_7.2_face000004.jpg,1557.04896,29,99,ok
day_8_5_06_2026_7.2,day_8_5_06_2026_7.2_face000005.jpg,1577.95008,1,90,ok
day_8_5_06_2026_7.2,day_8_5_06_2026_7.2_face000006.jpg,1591.040768,1,92,ok
day_8_5_06_2026_18.9,day_8_5_06_2026_18.9_face000000.jpg,1197.01824,2,97,ok
day_8_5_06_2026_18.9,day_8_5_06_2026_18.9_face000001.jpg,1354.007808,43,90,ok
day_8_5_06_2026_18.9,day_8_5_06_2026_18.9_face000002.jpg,1363.99872,44,90,ok
day_8_5_06_2026_18.9,day_8_5_06_2026_18.9_face000003.jpg,1364.995072,52,95,ok
day_8_5_06_2026_18.9,day_8_5_06_2026_18.9_face000004.jpg,1366.005632,16,90,ok
day_8_5_06_2026_18.9,day_8_5_06_2026_18.9_face000005.jpg,1367.010048,83,96,ok
day_8_5_06_2026_18.9,day_8_5_06_2026_18.9_face000006.jpg,1378.013824,3,95,ok
day_8_5_06_2026_18.9,day_8_5_06_2026_18.9_face000007.jpg,1379.0176,17,94,ok
day_8_5_06_2026_18.9,day_8_5_06_2026_18.9_face000008.jpg,1404.020096,3,94,ok
day_8_5_06_2026_18.9,day_8_5_06_2026_18.9_face000009.jpg,1424.011136,2,91,ok
day_8_5_06_2026_18.9,day_8_5_06_2026_18.9_face000010.jpg,1431.019776,1,94,ok
day_8_5_06_2026_18.9,day_8_5_06_2026_18.9_face000011.jpg,1451.009152,1,93,ok
day_8_5_06_2026_18.9,day_8_5_06_2026_18.9_face000012.jpg,1470.004864,99,91,ok
day_8_5_06_2026_18.9,day_8_5_06_2026_18.9_face000013.jpg,1493.988992,2,96,ok
day_8_5_06_2026_18.9,day_8_5_06_2026_18.9_face000014.jpg,1499.995392,81,93,ok
day_8_5_06_2026_18.9,day_8_5_06_2026_18.9_face000015.jpg,1503.002112,4,95,ok
day_8_5_06_2026_18.9,day_8_5_06_2026_18.9_face000016.jpg,1505.003264,38,95,ok
day_8_5_06_2026_18.9,day_8_5_06_2026_18.9_face000017.jpg,1516.020224,6,94,ok
day_8_5_06_2026_18.9,day_8_5_06_2026_18.9_face000018.jpg,1553.997952,1,95,ok
day_8_5_06_2026_18.9,day_8_5_06_2026_18.9_face000019.jpg,1570.994304,22,91,ok
day_8_5_06_2026_18.9,day_8_5_06_2026_18.9_face000020.jpg,1649.977728,13,94,ok
day_8_5_06_2026_18.9,day_8_5_06_2026_18.9_face000021.jpg,1665.06944,8,92,ok
day_8_5_06_2026_18.9,day_8_5_06_2026_18.9_face000022.jpg,1671.989376,95,97,ok
day_8_5_06_2026_18.9,day_8_5_06_2026_18.9_face000023.jpg,1674.999296,87,94,ok
day_8_5_06_2026_18.9,day_8_5_06_2026_18.9_face000024.jpg,1699.004672,99,96,ok
day_8_5_06_2026_18.9,day_8_5_06_2026_18.9_face000025.jpg,1707.976704,99,93,ok
day_8_5_06_2026_18.9,day_8_5_06_2026_18.9_face000026.jpg,1717.96288,99,97,ok
day_8_5_06_2026_18.9,day_8_5_06_2026_18.9_face000027.jpg,1716.988544,96,93,ok
day_8_5_06_2026_18.9,day_8_5_06_2026_18.9_face000028.jpg,1726.9792,7,96,ok
day_8_5_06_2026_18.9,day_8_5_06_2026_18.9_face000029.jpg,1728.011136,94,91,ok
day_8_5_06_2026_18.9,day_8_5_06_2026_18.9_face000030.jpg,1731.010944,4,91,ok
day_8_5_06_2026_18.9,day_8_5_06_2026_18.9_face000031.jpg,1732.034176,1,97,ok
day_8_5_06_2026_18.9,day_8_5_06_2026_18.9_face000032.jpg,1740.058624,1,95,ok
day_8_5_06_2026_18.9,day_8_5_06_2026_18.9_face000033.jpg,1754.998912,1,99,ok
day_8_5_06_2026_30.1,day_8_5_06_2026_30.1_face000000.jpg,48.060908,1,95,ok
day_8_5_06_2026_30.1,day_8_5_06_2026_30.1_face000001.jpg,72.987,98,93,ok
day_8_5_06_2026_30.1,day_8_5_06_2026_30.1_face000002.jpg,78.063952,96,97,ok
day_8_5_06_2026_30.1,day_8_5_06_2026_30.1_face000003.jpg,92.054896,93,97,ok
day_8_5_06_2026_30.1,day_8_5_06_2026_30.1_face000004.jpg,123.965272,1,91,ok
day_8_5_06_2026_30.1,day_8_5_06_2026_30.1_face000005.jpg,147.068976,96,90,ok
day_8_5_06_2026_30.1,day_8_5_06_2026_30.1_face000006.jpg,233.96072,1,91,ok
day_8_5_06_2026_30.1,day_8_5_06_2026_30.1_face000007.jpg,287.96576,2,92,ok
day_8_5_06_2026_30.1,day_8_5_06_2026_30.1_face000008.jpg,389.967456,2,90,ok
day_8_5_06_2026_30.1,day_8_5_06_2026_30.1_face000009.jpg,419.990816,6,95,ok
day_8_5_06_2026_30.1,day_8_5_06_2026_30.1_face000010.jpg,421.033184,11,94,ok
day_8_5_06_2026_30.1,day_8_5_06_2026_30.1_face000011.jpg,463.06944,1,97,ok
day_8_5_06_2026_30.1,day_8_5_06_2026_30.1_face000012.jpg,467.978176,4,92,ok
day_8_5_06_2026_30.1,day_8_5_06_2026_30.1_face000013.jpg,513.981568,2,96,ok
day_8_5_06_2026_30.1,day_8_5_06_2026_30.1_face000014.jpg,514.959808,1,90,ok
day_8_5_06_2026_30.1,day_8_5_06_2026_30.1_face000015.jpg,530.963488,34,90,ok
day_8_5_06_2026_30.1,day_8_5_06_2026_30.1_face000016.jpg,665.9904,65,91,ok
day_8_5_06_2026_30.1,day_8_5_06_2026_30.1_face000017.jpg,672.006336,2,92,ok
day_8_5_06_2026_30.1,day_8_5_06_2026_30.1_face000018.jpg,714.986752,2,95,ok
day_8_5_06_2026_30.1,day_8_5_06_2026_30.1_face000019.jpg,881.989184,1,91,ok
day_8_5_06_2026_30.1,day_8_5_06_2026_30.1_face000020.jpg,885.029568,1,92,ok
day_8_5_06_2026_30.1,day_8_5_06_2026_30.1_face000021.jpg,899.015232,1,92,ok
day_8_5_06_2026_30.1,day_8_5_06_2026_30.1_face000022.jpg,1009.0,3,95,ok
day_8_5_06_2026_30.1,day_8_5_06_2026_30.1_face000023.jpg,1049.991296,31,93,ok
day_8_5_06_2026_30.1,day_8_5_06_2026_30.1_face000024.jpg,1073.99168,11,95,ok
