video_id,source_folder,video_name,original_video_filename,frame_filename,frame_number,timestamp_sec,timestamp_display
day_1_4_28_2026_11.10,day_1_4_28_2026,11.10,11.10.MP4,day_1_4_28_2026_11.10_frame000000.jpg,0,0,0:00:00
day_1_4_28_2026_11.10,day_1_4_28_2026,11.10,11.10.MP4,day_1_4_28_2026_11.10_frame000001.jpg,1,120,0:02:00
day_1_4_28_2026_11.10,day_1_4_28_2026,11.10,11.10.MP4,day_1_4_28_2026_11.10_frame000002.jpg,2,240,0:04:00
day_1_4_28_2026_11.10,day_1_4_28_2026,11.10,11.10.MP4,day_1_4_28_2026_11.10_frame000003.jpg,3,360,0:06:00
day_1_4_28_2026_11.11,day_1_4_28_2026,11.11,11.11.MP4,day_1_4_28_2026_11.11_frame000000.jpg,0,0,0:00:00
day_1_4_28_2026_11.11,day_1_4_28_2026,11.11,11.11.MP4,day_1_4_28_2026_11.11_frame000001.jpg,1,120,0:02:00
day_1_4_28_2026_11.11,day_1_4_28_2026,11.11,11.11.MP4,day_1_4_28_2026_11.11_frame000002.jpg,2,240,0:04:00
day_1_4_28_2026_11.11,day_1_4_28_2026,11.11,11.11.MP4,day_1_4_28_2026_11.11_frame000003.jpg,3,360,0:06:00
day_1_4_28_2026_11.11,day_1_4_28_2026,11.11,11.11.MP4,day_1_4_28_2026_11.11_frame000004.jpg,4,480,0:08:00
day_1_4_28_2026_11.11,day_1_4_28_2026,11.11,11.11.MP4,day_1_4_28_2026_11.11_frame000005.jpg,5,600,0:10:00
day_1_4_28_2026_11.11,day_1_4_28_2026,11.11,11.11.MP4,day_1_4_28_2026_11.11_frame000006.jpg,6,720,0:12:00
day_1_4_28_2026_11.11,day_1_4_28_2026,11.11,11.11.MP4,day_1_4_28_2026_11.11_frame000007.jpg,7,840,0:14:00
day_1_4_28_2026_11.11,day_1_4_28_2026,11.11,11.11.MP4,day_1_4_28_2026_11.11_frame000008.jpg,8,960,0:16:00
day_1_4_28_2026_11.11,day_1_4_28_2026,11.11,11.11.MP4,day_1_4_28_2026_11.11_frame000009.jpg,9,1080,0:18:00
day_1_4_28_2026_11.11,day_1_4_28_2026,11.11,11.11.MP4,day_1_4_28_2026_11.11_frame000010.jpg,10,1200,0:20:00
day_1_4_28_2026_11.11,day_1_4_28_2026,11.11,11.11.MP4,day_1_4_28_2026_11.11_frame000011.jpg,11,1320,0:22:00
day_1_4_28_2026_11.11,day_1_4_28_2026,11.11,11.11.MP4,day_1_4_28_2026_11.11_frame000012.jpg,12,1440,0:24:00
day_1_4_28_2026_11.11,day_1_4_28_2026,11.11,11.11.MP4,day_1_4_28_2026_11.11_frame000013.jpg,13,1560,0:26:00
day_1_4_28_2026_11.12,day_1_4_28_2026,11.12,11.12.MP4,day_1_4_28_2026_11.12_frame000000.jpg,0,0,0:00:00
day_1_4_28_2026_11.12,day_1_4_28_2026,11.12,11.12.MP4,day_1_4_28_2026_11.12_frame000001.jpg,1,120,0:02:00
day_1_4_28_2026_11.12,day_1_4_28_2026,11.12,11.12.MP4,day_1_4_28_2026_11.12_frame000002.jpg,2,240,0:04:00
day_1_4_28_2026_11.12,day_1_4_28_2026,11.12,11.12.MP4,day_1_4_28_2026_11.12_frame000003.jpg,3,360,0:06:00
day_1_4_28_2026_11.13,day_1_4_28_2026,11.13,11.13.MP4,day_1_4_28_2026_11.13_frame000000.jpg,0,0,0:00:00
day_1_4_28_2026_11.13,day_1_4_28_2026,11.13,11.13.MP4,day_1_4_28_2026_11.13_frame000001.jpg,1,120,0:02:00
day_1_4_28_2026_11.13,day_1_4_28_2026,11.13,11.13.MP4,day_1_4_28_2026_11.13_frame000002.jpg,2,240,0:04:00
day_1_4_28_2026_11.13,day_1_4_28_2026,11.13,11.13.MP4,day_1_4_28_2026_11.13_frame000003.jpg,3,360,0:06:00
day_1_4_28_2026_11.13,day_1_4_28_2026,11.13,11.13.MP4,day_1_4_28_2026_11.13_frame000004.jpg,4,480,0:08:00
day_1_4_28_2026_11.13,day_1_4_28_2026,11.13,11.13.MP4,day_1_4_28_2026_11.13_frame000005.jpg,5,600,0:10:00
day_1_4_28_2026_11.13,day_1_4_28_2026,11.13,11.13.MP4,day_1_4_28_2026_11.13_frame000006.jpg,6,720,0:12:00
day_1_4_28_2026_11.13,day_1_4_28_2026,11.13,11.13.MP4,day_1_4_28_2026_11.13_frame000007.jpg,7,840,0:14:00
day_1_4_28_2026_11.13,day_1_4_28_2026,11.13,11.13.MP4,day_1_4_28_2026_11.13_frame000008.jpg,8,960,0:16:00
day_1_4_28_2026_11.14,day_1_4_28_2026,11.14,11.14.MP4,day_1_4_28_2026_11.14_frame000000.jpg,0,0,0:00:00
day_1_4_28_2026_11.14,day_1_4_28_2026,11.14,11.14.MP4,day_1_4_28_2026_11.14_frame000001.jpg,1,120,0:02:00
day_1_4_28_2026_11.14,day_1_4_28_2026,11.14,11.14.MP4,day_1_4_28_2026_11.14_frame000002.jpg,2,240,0:04:00
day_1_4_28_2026_11.14,day_1_4_28_2026,11.14,11.14.MP4,day_1_4_28_2026_11.14_frame000003.jpg,3,360,0:06:00
day_1_4_28_2026_11.14,day_1_4_28_2026,11.14,11.14.MP4,day_1_4_28_2026_11.14_frame000004.jpg,4,480,0:08:00
day_1_4_28_2026_11.14,day_1_4_28_2026,11.14,11.14.MP4,day_1_4_28_2026_11.14_frame000005.jpg,5,600,0:10:00
day_1_4_28_2026_11.14,day_1_4_28_2026,11.14,11.14.MP4,day_1_4_28_2026_11.14_frame000006.jpg,6,720,0:12:00
day_1_4_28_2026_11.14,day_1_4_28_2026,11.14,11.14.MP4,day_1_4_28_2026_11.14_frame000007.jpg,7,840,0:14:00
day_1_4_28_2026_11.14,day_1_4_28_2026,11.14,11.14.MP4,day_1_4_28_2026_11.14_frame000008.jpg,8,960,0:16:00
day_1_4_28_2026_11.14,day_1_4_28_2026,11.14,11.14.MP4,day_1_4_28_2026_11.14_frame000009.jpg,9,1080,0:18:00
day_1_4_28_2026_11.14,day_1_4_28_2026,11.14,11.14.MP4,day_1_4_28_2026_11.14_frame000010.jpg,10,1200,0:20:00
day_1_4_28_2026_11.14,day_1_4_28_2026,11.14,11.14.MP4,day_1_4_28_2026_11.14_frame000011.jpg,11,1320,0:22:00
day_1_4_28_2026_11.14,day_1_4_28_2026,11.14,11.14.MP4,day_1_4_28_2026_11.14_frame000012.jpg,12,1440,0:24:00
day_1_4_28_2026_11.15,day_1_4_28_2026,11.15,11.15.MP4,day_1_4_28_2026_11.15_frame000000.jpg,0,0,0:00:00
day_1_4_28_2026_11.16,day_1_4_28_2026,11.16,11.16.MP4,day_1_4_28_2026_11.16_frame000000.jpg,0,0,0:00:00
day_1_4_28_2026_11.16,day_1_4_28_2026,11.16,11.16.MP4,day_1_4_28_2026_11.16_frame000001.jpg,1,120,0:02:00
day_1_4_28_2026_11.16,day_1_4_28_2026,11.16,11.16.MP4,day_1_4_28_2026_11.16_frame000002.jpg,2,240,0:04:00
day_1_4_28_2026_11.16,day_1_4_28_2026,11.16,11.16.MP4,day_1_4_28_2026_11.16_frame000003.jpg,3,360,0:06:00
day_1_4_28_2026_11.16,day_1_4_28_2026,11.16,11.16.MP4,day_1_4_28_2026_11.16_frame000004.jpg,4,480,0:08:00
day_1_4_28_2026_11.16,day_1_4_28_2026,11.16,11.16.MP4,day_1_4_28_2026_11.16_frame000005.jpg,5,600,0:10:00
day_1_4_28_2026_11.16,day_1_4_28_2026,11.16,11.16.MP4,day_1_4_28_2026_11.16_frame000006.jpg,6,720,0:12:00
day_1_4_28_2026_11.16,day_1_4_28_2026,11.16,11.16.MP4,day_1_4_28_2026_11.16_frame000007.jpg,7,840,0:14:00
day_1_4_28_2026_11.16,day_1_4_28_2026,11.16,11.16.MP4,day_1_4_28_2026_11.16_frame000008.jpg,8,960,0:16:00
day_1_4_28_2026_11.16,day_1_4_28_2026,11.16,11.16.MP4,day_1_4_28_2026_11.16_frame000009.jpg,9,1080,0:18:00
day_1_4_28_2026_11.16,day_1_4_28_2026,11.16,11.16.MP4,day_1_4_28_2026_11.16_frame000010.jpg,10,1200,0:20:00
day_1_4_28_2026_11.16,day_1_4_28_2026,11.16,11.16.MP4,day_1_4_28_2026_11.16_frame000011.jpg,11,1320,0:22:00
day_1_4_28_2026_11.16,day_1_4_28_2026,11.16,11.16.MP4,day_1_4_28_2026_11.16_frame000012.jpg,12,1440,0:24:00
day_1_4_28_2026_11.16,day_1_4_28_2026,11.16,11.16.MP4,day_1_4_28_2026_11.16_frame000013.jpg,13,1560,0:26:00
day_1_4_28_2026_11.16,day_1_4_28_2026,11.16,11.16.MP4,day_1_4_28_2026_11.16_frame000014.jpg,14,1680,0:28:00
day_1_4_28_2026_11.16,day_1_4_28_2026,11.16,11.16.MP4,day_1_4_28_2026_11.16_frame000015.jpg,15,1800,0:30:00
day_1_4_28_2026_11.17,day_1_4_28_2026,11.17,11.17.MP4,day_1_4_28_2026_11.17_frame000000.jpg,0,0,0:00:00
day_1_4_28_2026_11.17,day_1_4_28_2026,11.17,11.17.MP4,day_1_4_28_2026_11.17_frame000001.jpg,1,120,0:02:00
day_1_4_28_2026_11.17,day_1_4_28_2026,11.17,11.17.MP4,day_1_4_28_2026_11.17_frame000002.jpg,2,240,0:04:00
day_1_4_28_2026_11.17,day_1_4_28_2026,11.17,11.17.MP4,day_1_4_28_2026_11.17_frame000003.jpg,3,360,0:06:00
day_1_4_28_2026_11.17,day_1_4_28_2026,11.17,11.17.MP4,day_1_4_28_2026_11.17_frame000004.jpg,4,480,0:08:00
day_1_4_28_2026_11.17,day_1_4_28_2026,11.17,11.17.MP4,day_1_4_28_2026_11.17_frame000005.jpg,5,600,0:10:00
day_1_4_28_2026_11.1,day_1_4_28_2026,11.1,11.1.MP4,day_1_4_28_2026_11.1_frame000000.jpg,0,0,0:00:00
day_1_4_28_2026_11.1,day_1_4_28_2026,11.1,11.1.MP4,day_1_4_28_2026_11.1_frame000001.jpg,1,120,0:02:00
day_1_4_28_2026_11.1,day_1_4_28_2026,11.1,11.1.MP4,day_1_4_28_2026_11.1_frame000002.jpg,2,240,0:04:00
day_1_4_28_2026_11.1,day_1_4_28_2026,11.1,11.1.MP4,day_1_4_28_2026_11.1_frame000003.jpg,3,360,0:06:00
day_1_4_28_2026_11.1,day_1_4_28_2026,11.1,11.1.MP4,day_1_4_28_2026_11.1_frame000004.jpg,4,480,0:08:00
day_1_4_28_2026_11.1,day_1_4_28_2026,11.1,11.1.MP4,day_1_4_28_2026_11.1_frame000005.jpg,5,600,0:10:00
day_1_4_28_2026_11.1,day_1_4_28_2026,11.1,11.1.MP4,day_1_4_28_2026_11.1_frame000006.jpg,6,720,0:12:00
day_1_4_28_2026_11.1,day_1_4_28_2026,11.1,11.1.MP4,day_1_4_28_2026_11.1_frame000007.jpg,7,840,0:14:00
day_1_4_28_2026_11.1,day_1_4_28_2026,11.1,11.1.MP4,day_1_4_28_2026_11.1_frame000008.jpg,8,960,0:16:00
day_1_4_28_2026_11.1,day_1_4_28_2026,11.1,11.1.MP4,day_1_4_28_2026_11.1_frame000009.jpg,9,1080,0:18:00
day_1_4_28_2026_11.1,day_1_4_28_2026,11.1,11.1.MP4,day_1_4_28_2026_11.1_frame000010.jpg,10,1200,0:20:00
day_1_4_28_2026_11.1,day_1_4_28_2026,11.1,11.1.MP4,day_1_4_28_2026_11.1_frame000011.jpg,11,1320,0:22:00
day_1_4_28_2026_11.1,day_1_4_28_2026,11.1,11.1.MP4,day_1_4_28_2026_11.1_frame000012.jpg,12,1440,0:24:00
day_1_4_28_2026_11.1,day_1_4_28_2026,11.1,11.1.MP4,day_1_4_28_2026_11.1_frame000013.jpg,13,1560,0:26:00
day_1_4_28_2026_11.1,day_1_4_28_2026,11.1,11.1.MP4,day_1_4_28_2026_11.1_frame000014.jpg,14,1680,0:28:00
day_1_4_28_2026_11.2,day_1_4_28_2026,11.2,11.2.MP4,day_1_4_28_2026_11.2_frame000000.jpg,0,0,0:00:00
day_1_4_28_2026_11.3,day_1_4_28_2026,11.3,11.3.MP4,day_1_4_28_2026_11.3_frame000000.jpg,0,0,0:00:00
day_1_4_28_2026_11.3,day_1_4_28_2026,11.3,11.3.MP4,day_1_4_28_2026_11.3_frame000001.jpg,1,120,0:02:00
day_1_4_28_2026_11.3,day_1_4_28_2026,11.3,11.3.MP4,day_1_4_28_2026_11.3_frame000002.jpg,2,240,0:04:00
day_1_4_28_2026_11.3,day_1_4_28_2026,11.3,11.3.MP4,day_1_4_28_2026_11.3_frame000003.jpg,3,360,0:06:00
day_1_4_28_2026_11.4,day_1_4_28_2026,11.4,11.4.MP4,day_1_4_28_2026_11.4_frame000000.jpg,0,0,0:00:00
day_1_4_28_2026_11.4,day_1_4_28_2026,11.4,11.4.MP4,day_1_4_28_2026_11.4_frame000001.jpg,1,120,0:02:00
day_1_4_28_2026_11.4,day_1_4_28_2026,11.4,11.4.MP4,day_1_4_28_2026_11.4_frame000002.jpg,2,240,0:04:00
day_1_4_28_2026_11.4,day_1_4_28_2026,11.4,11.4.MP4,day_1_4_28_2026_11.4_frame000003.jpg,3,360,0:06:00
day_1_4_28_2026_11.4,day_1_4_28_2026,11.4,11.4.MP4,day_1_4_28_2026_11.4_frame000004.jpg,4,480,0:08:00
day_1_4_28_2026_11.4,day_1_4_28_2026,11.4,11.4.MP4,day_1_4_28_2026_11.4_frame000005.jpg,5,600,0:10:00
day_1_4_28_2026_11.4,day_1_4_28_2026,11.4,11.4.MP4,day_1_4_28_2026_11.4_frame000006.jpg,6,720,0:12:00
day_1_4_28_2026_11.4,day_1_4_28_2026,11.4,11.4.MP4,day_1_4_28_2026_11.4_frame000007.jpg,7,840,0:14:00
day_1_4_28_2026_11.4,day_1_4_28_2026,11.4,11.4.MP4,day_1_4_28_2026_11.4_frame000008.jpg,8,960,0:16:00
day_1_4_28_2026_11.4,day_1_4_28_2026,11.4,11.4.MP4,day_1_4_28_2026_11.4_frame000009.jpg,9,1080,0:18:00
day_1_4_28_2026_11.4,day_1_4_28_2026,11.4,11.4.MP4,day_1_4_28_2026_11.4_frame000010.jpg,10,1200,0:20:00
day_1_4_28_2026_11.4,day_1_4_28_2026,11.4,11.4.MP4,day_1_4_28_2026_11.4_frame000011.jpg,11,1320,0:22:00
day_1_4_28_2026_11.4,day_1_4_28_2026,11.4,11.4.MP4,day_1_4_28_2026_11.4_frame000012.jpg,12,1440,0:24:00
day_1_4_28_2026_11.4,day_1_4_28_2026,11.4,11.4.MP4,day_1_4_28_2026_11.4_frame000013.jpg,13,1560,0:26:00
day_1_4_28_2026_11.4,day_1_4_28_2026,11.4,11.4.MP4,day_1_4_28_2026_11.4_frame000014.jpg,14,1680,0:28:00
day_1_4_28_2026_11.5,day_1_4_28_2026,11.5,11.5.MP4,day_1_4_28_2026_11.5_frame000000.jpg,0,0,0:00:00
day_1_4_28_2026_11.5,day_1_4_28_2026,11.5,11.5.MP4,day_1_4_28_2026_11.5_frame000001.jpg,1,120,0:02:00
day_1_4_28_2026_11.5,day_1_4_28_2026,11.5,11.5.MP4,day_1_4_28_2026_11.5_frame000002.jpg,2,240,0:04:00
day_1_4_28_2026_11.5,day_1_4_28_2026,11.5,11.5.MP4,day_1_4_28_2026_11.5_frame000003.jpg,3,360,0:06:00
day_1_4_28_2026_11.5,day_1_4_28_2026,11.5,11.5.MP4,day_1_4_28_2026_11.5_frame000004.jpg,4,480,0:08:00
day_1_4_28_2026_11.5,day_1_4_28_2026,11.5,11.5.MP4,day_1_4_28_2026_11.5_frame000005.jpg,5,600,0:10:00
day_1_4_28_2026_11.5,day_1_4_28_2026,11.5,11.5.MP4,day_1_4_28_2026_11.5_frame000006.jpg,6,720,0:12:00
day_1_4_28_2026_11.5,day_1_4_28_2026,11.5,11.5.MP4,day_1_4_28_2026_11.5_frame000007.jpg,7,840,0:14:00
day_1_4_28_2026_11.5,day_1_4_28_2026,11.5,11.5.MP4,day_1_4_28_2026_11.5_frame000008.jpg,8,960,0:16:00
day_1_4_28_2026_11.5,day_1_4_28_2026,11.5,11.5.MP4,day_1_4_28_2026_11.5_frame000009.jpg,9,1080,0:18:00
day_1_4_28_2026_11.5,day_1_4_28_2026,11.5,11.5.MP4,day_1_4_28_2026_11.5_frame000010.jpg,10,1200,0:20:00
day_1_4_28_2026_11.5,day_1_4_28_2026,11.5,11.5.MP4,day_1_4_28_2026_11.5_frame000011.jpg,11,1320,0:22:00
day_1_4_28_2026_11.5,day_1_4_28_2026,11.5,11.5.MP4,day_1_4_28_2026_11.5_frame000012.jpg,12,1440,0:24:00
day_1_4_28_2026_11.5,day_1_4_28_2026,11.5,11.5.MP4,day_1_4_28_2026_11.5_frame000013.jpg,13,1560,0:26:00
day_1_4_28_2026_11.5,day_1_4_28_2026,11.5,11.5.MP4,day_1_4_28_2026_11.5_frame000014.jpg,14,1680,0:28:00
day_1_4_28_2026_11.6,day_1_4_28_2026,11.6,11.6.MP4,day_1_4_28_2026_11.6_frame000000.jpg,0,0,0:00:00
day_1_4_28_2026_11.7,day_1_4_28_2026,11.7,11.7.MP4,day_1_4_28_2026_11.7_frame000000.jpg,0,0,0:00:00
day_1_4_28_2026_11.7,day_1_4_28_2026,11.7,11.7.MP4,day_1_4_28_2026_11.7_frame000001.jpg,1,120,0:02:00
day_1_4_28_2026_11.7,day_1_4_28_2026,11.7,11.7.MP4,day_1_4_28_2026_11.7_frame000002.jpg,2,240,0:04:00
day_1_4_28_2026_11.7,day_1_4_28_2026,11.7,11.7.MP4,day_1_4_28_2026_11.7_frame000003.jpg,3,360,0:06:00
day_1_4_28_2026_11.7,day_1_4_28_2026,11.7,11.7.MP4,day_1_4_28_2026_11.7_frame000004.jpg,4,480,0:08:00
day_1_4_28_2026_11.7,day_1_4_28_2026,11.7,11.7.MP4,day_1_4_28_2026_11.7_frame000005.jpg,5,600,0:10:00
day_1_4_28_2026_11.7,day_1_4_28_2026,11.7,11.7.MP4,day_1_4_28_2026_11.7_frame000006.jpg,6,720,0:12:00
day_1_4_28_2026_11.7,day_1_4_28_2026,11.7,11.7.MP4,day_1_4_28_2026_11.7_frame000007.jpg,7,840,0:14:00
day_1_4_28_2026_11.7,day_1_4_28_2026,11.7,11.7.MP4,day_1_4_28_2026_11.7_frame000008.jpg,8,960,0:16:00
day_1_4_28_2026_11.7,day_1_4_28_2026,11.7,11.7.MP4,day_1_4_28_2026_11.7_frame000009.jpg,9,1080,0:18:00
day_1_4_28_2026_11.7,day_1_4_28_2026,11.7,11.7.MP4,day_1_4_28_2026_11.7_frame000010.jpg,10,1200,0:20:00
day_1_4_28_2026_11.7,day_1_4_28_2026,11.7,11.7.MP4,day_1_4_28_2026_11.7_frame000011.jpg,11,1320,0:22:00
day_1_4_28_2026_11.7,day_1_4_28_2026,11.7,11.7.MP4,day_1_4_28_2026_11.7_frame000012.jpg,12,1440,0:24:00
day_1_4_28_2026_11.7,day_1_4_28_2026,11.7,11.7.MP4,day_1_4_28_2026_11.7_frame000013.jpg,13,1560,0:26:00
day_1_4_28_2026_11.8,day_1_4_28_2026,11.8,11.8.MP4,day_1_4_28_2026_11.8_frame000000.jpg,0,0,0:00:00
day_1_4_28_2026_11.8,day_1_4_28_2026,11.8,11.8.MP4,day_1_4_28_2026_11.8_frame000001.jpg,1,120,0:02:00
day_1_4_28_2026_11.8,day_1_4_28_2026,11.8,11.8.MP4,day_1_4_28_2026_11.8_frame000002.jpg,2,240,0:04:00
day_1_4_28_2026_11.8,day_1_4_28_2026,11.8,11.8.MP4,day_1_4_28_2026_11.8_frame000003.jpg,3,360,0:06:00
day_1_4_28_2026_11.8,day_1_4_28_2026,11.8,11.8.MP4,day_1_4_28_2026_11.8_frame000004.jpg,4,480,0:08:00
day_1_4_28_2026_11.8,day_1_4_28_2026,11.8,11.8.MP4,day_1_4_28_2026_11.8_frame000005.jpg,5,600,0:10:00
day_2_4_29_2026_33.1,day_2_4_29_2026,33.1,33.1.MP4,day_2_4_29_2026_33.1_frame000000.jpg,0,0,0:00:00
day_2_4_29_2026_33.1,day_2_4_29_2026,33.1,33.1.MP4,day_2_4_29_2026_33.1_frame000001.jpg,1,120,0:02:00
day_2_4_29_2026_33.1,day_2_4_29_2026,33.1,33.1.MP4,day_2_4_29_2026_33.1_frame000002.jpg,2,240,0:04:00
day_2_4_29_2026_33.2,day_2_4_29_2026,33.2,33.2.MP4,day_2_4_29_2026_33.2_frame000000.jpg,0,0,0:00:00
day_2_4_29_2026_33.2,day_2_4_29_2026,33.2,33.2.MP4,day_2_4_29_2026_33.2_frame000001.jpg,1,120,0:02:00
day_2_4_29_2026_33.2,day_2_4_29_2026,33.2,33.2.MP4,day_2_4_29_2026_33.2_frame000002.jpg,2,240,0:04:00
day_2_4_29_2026_33.3,day_2_4_29_2026,33.3,33.3.MP4,day_2_4_29_2026_33.3_frame000000.jpg,0,0,0:00:00
day_2_4_29_2026_33.5,day_2_4_29_2026,33.5,33.5.MP4,day_2_4_29_2026_33.5_frame000000.jpg,0,0,0:00:00
day_2_4_29_2026_34.1,day_2_4_29_2026,34.1,34.1.MP4,day_2_4_29_2026_34.1_frame000000.jpg,0,0,0:00:00
day_2_4_29_2026_34.1,day_2_4_29_2026,34.1,34.1.MP4,day_2_4_29_2026_34.1_frame000001.jpg,1,120,0:02:00
day_2_4_29_2026_34.1,day_2_4_29_2026,34.1,34.1.MP4,day_2_4_29_2026_34.1_frame000002.jpg,2,240,0:04:00
day_2_4_29_2026_34.1,day_2_4_29_2026,34.1,34.1.MP4,day_2_4_29_2026_34.1_frame000003.jpg,3,360,0:06:00
day_2_4_29_2026_34.1,day_2_4_29_2026,34.1,34.1.MP4,day_2_4_29_2026_34.1_frame000004.jpg,4,480,0:08:00
day_2_4_29_2026_34.1,day_2_4_29_2026,34.1,34.1.MP4,day_2_4_29_2026_34.1_frame000005.jpg,5,600,0:10:00
day_2_4_29_2026_34.1,day_2_4_29_2026,34.1,34.1.MP4,day_2_4_29_2026_34.1_frame000006.jpg,6,720,0:12:00
day_2_4_29_2026_34.1,day_2_4_29_2026,34.1,34.1.MP4,day_2_4_29_2026_34.1_frame000007.jpg,7,840,0:14:00
day_2_4_29_2026_34.1,day_2_4_29_2026,34.1,34.1.MP4,day_2_4_29_2026_34.1_frame000008.jpg,8,960,0:16:00
day_2_4_29_2026_34.1,day_2_4_29_2026,34.1,34.1.MP4,day_2_4_29_2026_34.1_frame000009.jpg,9,1080,0:18:00
day_2_4_29_2026_34.1,day_2_4_29_2026,34.1,34.1.MP4,day_2_4_29_2026_34.1_frame000010.jpg,10,1200,0:20:00
day_2_4_29_2026_34.1,day_2_4_29_2026,34.1,34.1.MP4,day_2_4_29_2026_34.1_frame000011.jpg,11,1320,0:22:00
day_2_4_29_2026_34.1,day_2_4_29_2026,34.1,34.1.MP4,day_2_4_29_2026_34.1_frame000012.jpg,12,1440,0:24:00
day_2_4_29_2026_34.1,day_2_4_29_2026,34.1,34.1.MP4,day_2_4_29_2026_34.1_frame000013.jpg,13,1560,0:26:00
day_2_4_29_2026_34.1,day_2_4_29_2026,34.1,34.1.MP4,day_2_4_29_2026_34.1_frame000014.jpg,14,1680,0:28:00
day_2_4_29_2026_34.2,day_2_4_29_2026,34.2,34.2.MP4,day_2_4_29_2026_34.2_frame000000.jpg,0,0,0:00:00
day_2_4_29_2026_34.2,day_2_4_29_2026,34.2,34.2.MP4,day_2_4_29_2026_34.2_frame000001.jpg,1,120,0:02:00
day_2_4_29_2026_34.2,day_2_4_29_2026,34.2,34.2.MP4,day_2_4_29_2026_34.2_frame000002.jpg,2,240,0:04:00
day_2_4_29_2026_34.2,day_2_4_29_2026,34.2,34.2.MP4,day_2_4_29_2026_34.2_frame000003.jpg,3,360,0:06:00
day_2_4_29_2026_34.2,day_2_4_29_2026,34.2,34.2.MP4,day_2_4_29_2026_34.2_frame000004.jpg,4,480,0:08:00
day_2_4_29_2026_34.2,day_2_4_29_2026,34.2,34.2.MP4,day_2_4_29_2026_34.2_frame000005.jpg,5,600,0:10:00
day_2_4_29_2026_34.2,day_2_4_29_2026,34.2,34.2.MP4,day_2_4_29_2026_34.2_frame000006.jpg,6,720,0:12:00
day_2_4_29_2026_34.2,day_2_4_29_2026,34.2,34.2.MP4,day_2_4_29_2026_34.2_frame000007.jpg,7,840,0:14:00
day_2_4_29_2026_34.2,day_2_4_29_2026,34.2,34.2.MP4,day_2_4_29_2026_34.2_frame000008.jpg,8,960,0:16:00
day_2_4_29_2026_34.2,day_2_4_29_2026,34.2,34.2.MP4,day_2_4_29_2026_34.2_frame000009.jpg,9,1080,0:18:00
day_2_4_29_2026_34.2,day_2_4_29_2026,34.2,34.2.MP4,day_2_4_29_2026_34.2_frame000010.jpg,10,1200,0:20:00
day_2_4_29_2026_34.2,day_2_4_29_2026,34.2,34.2.MP4,day_2_4_29_2026_34.2_frame000011.jpg,11,1320,0:22:00
day_2_4_29_2026_34.2,day_2_4_29_2026,34.2,34.2.MP4,day_2_4_29_2026_34.2_frame000012.jpg,12,1440,0:24:00
day_2_4_29_2026_34.2,day_2_4_29_2026,34.2,34.2.MP4,day_2_4_29_2026_34.2_frame000013.jpg,13,1560,0:26:00
day_2_4_29_2026_34.2,day_2_4_29_2026,34.2,34.2.MP4,day_2_4_29_2026_34.2_frame000014.jpg,14,1680,0:28:00
day_2_4_29_2026_34.3,day_2_4_29_2026,34.3,34.3.MP4,day_2_4_29_2026_34.3_frame000000.jpg,0,0,0:00:00
day_2_4_29_2026_71.1,day_2_4_29_2026,71.1,71.1.MP4,day_2_4_29_2026_71.1_frame000000.jpg,0,0,0:00:00
day_2_4_29_2026_71.1,day_2_4_29_2026,71.1,71.1.MP4,day_2_4_29_2026_71.1_frame000001.jpg,1,120,0:02:00
day_2_4_29_2026_71.1,day_2_4_29_2026,71.1,71.1.MP4,day_2_4_29_2026_71.1_frame000002.jpg,2,240,0:04:00
day_2_4_29_2026_71.1,day_2_4_29_2026,71.1,71.1.MP4,day_2_4_29_2026_71.1_frame000003.jpg,3,360,0:06:00
day_2_4_29_2026_71.1,day_2_4_29_2026,71.1,71.1.MP4,day_2_4_29_2026_71.1_frame000004.jpg,4,480,0:08:00
day_2_4_29_2026_71.1,day_2_4_29_2026,71.1,71.1.MP4,day_2_4_29_2026_71.1_frame000005.jpg,5,600,0:10:00
day_2_4_29_2026_71.1,day_2_4_29_2026,71.1,71.1.MP4,day_2_4_29_2026_71.1_frame000006.jpg,6,720,0:12:00
day_2_4_29_2026_71.1,day_2_4_29_2026,71.1,71.1.MP4,day_2_4_29_2026_71.1_frame000007.jpg,7,840,0:14:00
day_2_4_29_2026_71.1,day_2_4_29_2026,71.1,71.1.MP4,day_2_4_29_2026_71.1_frame000008.jpg,8,960,0:16:00
day_2_4_29_2026_71.1,day_2_4_29_2026,71.1,71.1.MP4,day_2_4_29_2026_71.1_frame000009.jpg,9,1080,0:18:00
day_2_4_29_2026_71.1,day_2_4_29_2026,71.1,71.1.MP4,day_2_4_29_2026_71.1_frame000010.jpg,10,1200,0:20:00
day_2_4_29_2026_71.1,day_2_4_29_2026,71.1,71.1.MP4,day_2_4_29_2026_71.1_frame000011.jpg,11,1320,0:22:00
day_2_4_29_2026_71.1,day_2_4_29_2026,71.1,71.1.MP4,day_2_4_29_2026_71.1_frame000012.jpg,12,1440,0:24:00
day_2_4_29_2026_71.1,day_2_4_29_2026,71.1,71.1.MP4,day_2_4_29_2026_71.1_frame000013.jpg,13,1560,0:26:00
day_2_4_29_2026_71.1,day_2_4_29_2026,71.1,71.1.MP4,day_2_4_29_2026_71.1_frame000014.jpg,14,1680,0:28:00
day_2_4_29_2026_71.2,day_2_4_29_2026,71.2,71.2.MP4,day_2_4_29_2026_71.2_frame000000.jpg,0,0,0:00:00
day_2_4_29_2026_71.2,day_2_4_29_2026,71.2,71.2.MP4,day_2_4_29_2026_71.2_frame000001.jpg,1,120,0:02:00
day_2_4_29_2026_71.2,day_2_4_29_2026,71.2,71.2.MP4,day_2_4_29_2026_71.2_frame000002.jpg,2,240,0:04:00
day_2_4_29_2026_71.2,day_2_4_29_2026,71.2,71.2.MP4,day_2_4_29_2026_71.2_frame000003.jpg,3,360,0:06:00
day_2_4_29_2026_71.2,day_2_4_29_2026,71.2,71.2.MP4,day_2_4_29_2026_71.2_frame000004.jpg,4,480,0:08:00
day_2_4_29_2026_71.2,day_2_4_29_2026,71.2,71.2.MP4,day_2_4_29_2026_71.2_frame000005.jpg,5,600,0:10:00
day_2_4_29_2026_71.2,day_2_4_29_2026,71.2,71.2.MP4,day_2_4_29_2026_71.2_frame000006.jpg,6,720,0:12:00
day_2_4_29_2026_71.2,day_2_4_29_2026,71.2,71.2.MP4,day_2_4_29_2026_71.2_frame000007.jpg,7,840,0:14:00
day_2_4_29_2026_71.2,day_2_4_29_2026,71.2,71.2.MP4,day_2_4_29_2026_71.2_frame000008.jpg,8,960,0:16:00
day_2_4_29_2026_71.2,day_2_4_29_2026,71.2,71.2.MP4,day_2_4_29_2026_71.2_frame000009.jpg,9,1080,0:18:00
day_2_4_29_2026_71.2,day_2_4_29_2026,71.2,71.2.MP4,day_2_4_29_2026_71.2_frame000010.jpg,10,1200,0:20:00
day_2_4_29_2026_71.2,day_2_4_29_2026,71.2,71.2.MP4,day_2_4_29_2026_71.2_frame000011.jpg,11,1320,0:22:00
day_2_4_29_2026_71.2,day_2_4_29_2026,71.2,71.2.MP4,day_2_4_29_2026_71.2_frame000012.jpg,12,1440,0:24:00
day_2_4_29_2026_71.2,day_2_4_29_2026,71.2,71.2.MP4,day_2_4_29_2026_71.2_frame000013.jpg,13,1560,0:26:00
day_2_4_29_2026_71.2,day_2_4_29_2026,71.2,71.2.MP4,day_2_4_29_2026_71.2_frame000014.jpg,14,1680,0:28:00
day_2_4_29_2026_71.3,day_2_4_29_2026,71.3,71.3.MP4,day_2_4_29_2026_71.3_frame000000.jpg,0,0,0:00:00
day_2_4_29_2026_71.4,day_2_4_29_2026,71.4,71.4.MP4,day_2_4_29_2026_71.4_frame000000.jpg,0,0,0:00:00
day_2_4_29_2026_71.4,day_2_4_29_2026,71.4,71.4.MP4,day_2_4_29_2026_71.4_frame000001.jpg,1,120,0:02:00
day_2_4_29_2026_71.5,day_2_4_29_2026,71.5,71.5.MP4,day_2_4_29_2026_71.5_frame000000.jpg,0,0,0:00:00
day_2_4_29_2026_71.5,day_2_4_29_2026,71.5,71.5.MP4,day_2_4_29_2026_71.5_frame000001.jpg,1,120,0:02:00
day_2_4_29_2026_71.5,day_2_4_29_2026,71.5,71.5.MP4,day_2_4_29_2026_71.5_frame000002.jpg,2,240,0:04:00
day_2_4_29_2026_71.5,day_2_4_29_2026,71.5,71.5.MP4,day_2_4_29_2026_71.5_frame000003.jpg,3,360,0:06:00
day_2_4_29_2026_71.6,day_2_4_29_2026,71.6,71.6.MP4,day_2_4_29_2026_71.6_frame000000.jpg,0,0,0:00:00
day_2_4_29_2026_71.6,day_2_4_29_2026,71.6,71.6.MP4,day_2_4_29_2026_71.6_frame000001.jpg,1,120,0:02:00
day_2_4_29_2026_71.6,day_2_4_29_2026,71.6,71.6.MP4,day_2_4_29_2026_71.6_frame000002.jpg,2,240,0:04:00
day_2_4_29_2026_71.6,day_2_4_29_2026,71.6,71.6.MP4,day_2_4_29_2026_71.6_frame000003.jpg,3,360,0:06:00
day_2_4_29_2026_71.6,day_2_4_29_2026,71.6,71.6.MP4,day_2_4_29_2026_71.6_frame000004.jpg,4,480,0:08:00
day_2_4_29_2026_71.6,day_2_4_29_2026,71.6,71.6.MP4,day_2_4_29_2026_71.6_frame000005.jpg,5,600,0:10:00
day_2_4_29_2026_71.6,day_2_4_29_2026,71.6,71.6.MP4,day_2_4_29_2026_71.6_frame000006.jpg,6,720,0:12:00
day_2_4_29_2026_71.7,day_2_4_29_2026,71.7,71.7.MP4,day_2_4_29_2026_71.7_frame000000.jpg,0,0,0:00:00
day_2_4_29_2026_71.7,day_2_4_29_2026,71.7,71.7.MP4,day_2_4_29_2026_71.7_frame000001.jpg,1,120,0:02:00
day_2_4_29_2026_71.7,day_2_4_29_2026,71.7,71.7.MP4,day_2_4_29_2026_71.7_frame000002.jpg,2,240,0:04:00
day_2_4_29_2026_71.7,day_2_4_29_2026,71.7,71.7.MP4,day_2_4_29_2026_71.7_frame000003.jpg,3,360,0:06:00
day_2_4_29_2026_71.7,day_2_4_29_2026,71.7,71.7.MP4,day_2_4_29_2026_71.7_frame000004.jpg,4,480,0:08:00
day_2_4_29_2026_71.7,day_2_4_29_2026,71.7,71.7.MP4,day_2_4_29_2026_71.7_frame000005.jpg,5,600,0:10:00
day_2_4_29_2026_71.7,day_2_4_29_2026,71.7,71.7.MP4,day_2_4_29_2026_71.7_frame000006.jpg,6,720,0:12:00
day_2_4_29_2026_71.7,day_2_4_29_2026,71.7,71.7.MP4,day_2_4_29_2026_71.7_frame000007.jpg,7,840,0:14:00
day_2_4_29_2026_71.8,day_2_4_29_2026,71.8,71.8.MP4,day_2_4_29_2026_71.8_frame000000.jpg,0,0,0:00:00
day_2_4_29_2026_71.8,day_2_4_29_2026,71.8,71.8.MP4,day_2_4_29_2026_71.8_frame000001.jpg,1,120,0:02:00
day_2_4_29_2026_71.8,day_2_4_29_2026,71.8,71.8.MP4,day_2_4_29_2026_71.8_frame000002.jpg,2,240,0:04:00
day_2_4_29_2026_71.8,day_2_4_29_2026,71.8,71.8.MP4,day_2_4_29_2026_71.8_frame000003.jpg,3,360,0:06:00
day_2_4_29_2026_71.8,day_2_4_29_2026,71.8,71.8.MP4,day_2_4_29_2026_71.8_frame000004.jpg,4,480,0:08:00
day_2_4_29_2026_71.9,day_2_4_29_2026,71.9,71.9.MP4,day_2_4_29_2026_71.9_frame000000.jpg,0,0,0:00:00
day_2_4_29_2026_74.1,day_2_4_29_2026,74.1,74.1.MP4,day_2_4_29_2026_74.1_frame000000.jpg,0,0,0:00:00
day_2_4_29_2026_74.1,day_2_4_29_2026,74.1,74.1.MP4,day_2_4_29_2026_74.1_frame000001.jpg,1,120,0:02:00
day_2_4_29_2026_74.1,day_2_4_29_2026,74.1,74.1.MP4,day_2_4_29_2026_74.1_frame000002.jpg,2,240,0:04:00
day_2_4_29_2026_74.1,day_2_4_29_2026,74.1,74.1.MP4,day_2_4_29_2026_74.1_frame000003.jpg,3,360,0:06:00
day_2_4_29_2026_74.1,day_2_4_29_2026,74.1,74.1.MP4,day_2_4_29_2026_74.1_frame000004.jpg,4,480,0:08:00
day_2_4_29_2026_74.1,day_2_4_29_2026,74.1,74.1.MP4,day_2_4_29_2026_74.1_frame000005.jpg,5,600,0:10:00
day_2_4_29_2026_74.1,day_2_4_29_2026,74.1,74.1.MP4,day_2_4_29_2026_74.1_frame000006.jpg,6,720,0:12:00
day_2_4_29_2026_74.1,day_2_4_29_2026,74.1,74.1.MP4,day_2_4_29_2026_74.1_frame000007.jpg,7,840,0:14:00
day_2_4_29_2026_74.1,day_2_4_29_2026,74.1,74.1.MP4,day_2_4_29_2026_74.1_frame000008.jpg,8,960,0:16:00
day_2_4_29_2026_74.1,day_2_4_29_2026,74.1,74.1.MP4,day_2_4_29_2026_74.1_frame000009.jpg,9,1080,0:18:00
day_2_4_29_2026_74.1,day_2_4_29_2026,74.1,74.1.MP4,day_2_4_29_2026_74.1_frame000010.jpg,10,1200,0:20:00
day_2_4_29_2026_74.1,day_2_4_29_2026,74.1,74.1.MP4,day_2_4_29_2026_74.1_frame000011.jpg,11,1320,0:22:00
day_2_4_29_2026_74.1,day_2_4_29_2026,74.1,74.1.MP4,day_2_4_29_2026_74.1_frame000012.jpg,12,1440,0:24:00
day_2_4_29_2026_74.1,day_2_4_29_2026,74.1,74.1.MP4,day_2_4_29_2026_74.1_frame000013.jpg,13,1560,0:26:00
day_2_4_29_2026_74.2,day_2_4_29_2026,74.2,74.2.MP4,day_2_4_29_2026_74.2_frame000000.jpg,0,0,0:00:00
day_2_4_29_2026_74.2,day_2_4_29_2026,74.2,74.2.MP4,day_2_4_29_2026_74.2_frame000001.jpg,1,120,0:02:00
day_2_4_29_2026_74.2,day_2_4_29_2026,74.2,74.2.MP4,day_2_4_29_2026_74.2_frame000002.jpg,2,240,0:04:00
day_2_4_29_2026_74.2,day_2_4_29_2026,74.2,74.2.MP4,day_2_4_29_2026_74.2_frame000003.jpg,3,360,0:06:00
day_2_4_29_2026_74.2,day_2_4_29_2026,74.2,74.2.MP4,day_2_4_29_2026_74.2_frame000004.jpg,4,480,0:08:00
day_2_4_29_2026_74.2,day_2_4_29_2026,74.2,74.2.MP4,day_2_4_29_2026_74.2_frame000005.jpg,5,600,0:10:00
day_2_4_29_2026_74.3,day_2_4_29_2026,74.3,74.3.MP4,day_2_4_29_2026_74.3_frame000000.jpg,0,0,0:00:00
day_2_4_29_2026_74.3,day_2_4_29_2026,74.3,74.3.MP4,day_2_4_29_2026_74.3_frame000001.jpg,1,120,0:02:00
day_2_4_29_2026_74.4,day_2_4_29_2026,74.4,74.4.MP4,day_2_4_29_2026_74.4_frame000000.jpg,0,0,0:00:00
day_2_4_29_2026_74.4,day_2_4_29_2026,74.4,74.4.MP4,day_2_4_29_2026_74.4_frame000001.jpg,1,120,0:02:00
day_2_4_29_2026_74.4,day_2_4_29_2026,74.4,74.4.MP4,day_2_4_29_2026_74.4_frame000002.jpg,2,240,0:04:00
day_2_4_29_2026_74.4,day_2_4_29_2026,74.4,74.4.MP4,day_2_4_29_2026_74.4_frame000003.jpg,3,360,0:06:00
day_2_4_29_2026_74.4,day_2_4_29_2026,74.4,74.4.MP4,day_2_4_29_2026_74.4_frame000004.jpg,4,480,0:08:00
day_2_4_29_2026_74.4,day_2_4_29_2026,74.4,74.4.MP4,day_2_4_29_2026_74.4_frame000005.jpg,5,600,0:10:00
day_2_4_29_2026_74.4,day_2_4_29_2026,74.4,74.4.MP4,day_2_4_29_2026_74.4_frame000006.jpg,6,720,0:12:00
day_2_4_29_2026_74.4,day_2_4_29_2026,74.4,74.4.MP4,day_2_4_29_2026_74.4_frame000007.jpg,7,840,0:14:00
day_2_4_29_2026_76.1,day_2_4_29_2026,76.1,76.1.MP4,day_2_4_29_2026_76.1_frame000000.jpg,0,0,0:00:00
day_2_4_29_2026_76.1,day_2_4_29_2026,76.1,76.1.MP4,day_2_4_29_2026_76.1_frame000001.jpg,1,120,0:02:00
day_2_4_29_2026_76.1,day_2_4_29_2026,76.1,76.1.MP4,day_2_4_29_2026_76.1_frame000002.jpg,2,240,0:04:00
day_2_4_29_2026_76.1,day_2_4_29_2026,76.1,76.1.MP4,day_2_4_29_2026_76.1_frame000003.jpg,3,360,0:06:00
day_2_4_29_2026_76.1,day_2_4_29_2026,76.1,76.1.MP4,day_2_4_29_2026_76.1_frame000004.jpg,4,480,0:08:00
day_2_4_29_2026_76.1,day_2_4_29_2026,76.1,76.1.MP4,day_2_4_29_2026_76.1_frame000005.jpg,5,600,0:10:00
day_2_4_29_2026_76.1,day_2_4_29_2026,76.1,76.1.MP4,day_2_4_29_2026_76.1_frame000006.jpg,6,720,0:12:00
day_2_4_29_2026_76.1,day_2_4_29_2026,76.1,76.1.MP4,day_2_4_29_2026_76.1_frame000007.jpg,7,840,0:14:00
day_2_4_29_2026_76.1,day_2_4_29_2026,76.1,76.1.MP4,day_2_4_29_2026_76.1_frame000008.jpg,8,960,0:16:00
day_2_4_29_2026_76.2,day_2_4_29_2026,76.2,76.2.MP4,day_2_4_29_2026_76.2_frame000000.jpg,0,0,0:00:00
day_2_4_29_2026_76.2,day_2_4_29_2026,76.2,76.2.MP4,day_2_4_29_2026_76.2_frame000001.jpg,1,120,0:02:00
day_2_4_29_2026_76.3,day_2_4_29_2026,76.3,76.3.MP4,day_2_4_29_2026_76.3_frame000000.jpg,0,0,0:00:00
day_2_4_29_2026_76.3,day_2_4_29_2026,76.3,76.3.MP4,day_2_4_29_2026_76.3_frame000001.jpg,1,120,0:02:00
day_2_4_29_2026_76.3,day_2_4_29_2026,76.3,76.3.MP4,day_2_4_29_2026_76.3_frame000002.jpg,2,240,0:04:00
day_2_4_29_2026_76.3,day_2_4_29_2026,76.3,76.3.MP4,day_2_4_29_2026_76.3_frame000003.jpg,3,360,0:06:00
day_2_4_29_2026_76.3,day_2_4_29_2026,76.3,76.3.MP4,day_2_4_29_2026_76.3_frame000004.jpg,4,480,0:08:00
day_2_4_29_2026_76.3,day_2_4_29_2026,76.3,76.3.MP4,day_2_4_29_2026_76.3_frame000005.jpg,5,600,0:10:00
day_2_4_29_2026_76.3,day_2_4_29_2026,76.3,76.3.MP4,day_2_4_29_2026_76.3_frame000006.jpg,6,720,0:12:00
day_2_4_29_2026_76.3,day_2_4_29_2026,76.3,76.3.MP4,day_2_4_29_2026_76.3_frame000007.jpg,7,840,0:14:00
day_2_4_29_2026_76.3,day_2_4_29_2026,76.3,76.3.MP4,day_2_4_29_2026_76.3_frame000008.jpg,8,960,0:16:00
day_2_4_29_2026_76.3,day_2_4_29_2026,76.3,76.3.MP4,day_2_4_29_2026_76.3_frame000009.jpg,9,1080,0:18:00
day_2_4_29_2026_76.3,day_2_4_29_2026,76.3,76.3.MP4,day_2_4_29_2026_76.3_frame000010.jpg,10,1200,0:20:00
day_2_4_29_2026_76.3,day_2_4_29_2026,76.3,76.3.MP4,day_2_4_29_2026_76.3_frame000011.jpg,11,1320,0:22:00
day_2_4_29_2026_76.3,day_2_4_29_2026,76.3,76.3.MP4,day_2_4_29_2026_76.3_frame000012.jpg,12,1440,0:24:00
day_2_4_29_2026_76.3,day_2_4_29_2026,76.3,76.3.MP4,day_2_4_29_2026_76.3_frame000013.jpg,13,1560,0:26:00
day_2_4_29_2026_76.3,day_2_4_29_2026,76.3,76.3.MP4,day_2_4_29_2026_76.3_frame000014.jpg,14,1680,0:28:00
day_2_4_29_2026_76.4,day_2_4_29_2026,76.4,76.4.MP4,day_2_4_29_2026_76.4_frame000000.jpg,0,0,0:00:00
day_2_4_29_2026_76.5,day_2_4_29_2026,76.5,76.5.MP4,day_2_4_29_2026_76.5_frame000000.jpg,0,0,0:00:00
day_2_4_29_2026_76.5,day_2_4_29_2026,76.5,76.5.MP4,day_2_4_29_2026_76.5_frame000001.jpg,1,120,0:02:00
day_2_4_29_2026_76.5,day_2_4_29_2026,76.5,76.5.MP4,day_2_4_29_2026_76.5_frame000002.jpg,2,240,0:04:00
day_2_4_29_2026_76.5,day_2_4_29_2026,76.5,76.5.MP4,day_2_4_29_2026_76.5_frame000003.jpg,3,360,0:06:00
day_2_4_29_2026_76.5,day_2_4_29_2026,76.5,76.5.MP4,day_2_4_29_2026_76.5_frame000004.jpg,4,480,0:08:00
day_2_4_29_2026_76.5,day_2_4_29_2026,76.5,76.5.MP4,day_2_4_29_2026_76.5_frame000005.jpg,5,600,0:10:00
day_2_4_29_2026_76.5,day_2_4_29_2026,76.5,76.5.MP4,day_2_4_29_2026_76.5_frame000006.jpg,6,720,0:12:00
day_2_4_29_2026_76.5,day_2_4_29_2026,76.5,76.5.MP4,day_2_4_29_2026_76.5_frame000007.jpg,7,840,0:14:00
day_2_4_29_2026_76.6,day_2_4_29_2026,76.6,76.6.MP4,day_2_4_29_2026_76.6_frame000000.jpg,0,0,0:00:00
day_2_4_29_2026_76.6,day_2_4_29_2026,76.6,76.6.MP4,day_2_4_29_2026_76.6_frame000001.jpg,1,120,0:02:00
day_2_4_29_2026_76.6,day_2_4_29_2026,76.6,76.6.MP4,day_2_4_29_2026_76.6_frame000002.jpg,2,240,0:04:00
day_2_4_29_2026_76.6,day_2_4_29_2026,76.6,76.6.MP4,day_2_4_29_2026_76.6_frame000003.jpg,3,360,0:06:00
day_2_4_29_2026_76.6,day_2_4_29_2026,76.6,76.6.MP4,day_2_4_29_2026_76.6_frame000004.jpg,4,480,0:08:00
day_2_4_29_2026_76.6,day_2_4_29_2026,76.6,76.6.MP4,day_2_4_29_2026_76.6_frame000005.jpg,5,600,0:10:00
day_2_4_29_2026_76.6,day_2_4_29_2026,76.6,76.6.MP4,day_2_4_29_2026_76.6_frame000006.jpg,6,720,0:12:00
day_2_4_29_2026_76.7,day_2_4_29_2026,76.7,76.7.MP4,day_2_4_29_2026_76.7_frame000000.jpg,0,0,0:00:00
day_2_4_29_2026_76.7,day_2_4_29_2026,76.7,76.7.MP4,day_2_4_29_2026_76.7_frame000001.jpg,1,120,0:02:00
day_2_4_29_2026_76.8,day_2_4_29_2026,76.8,76.8.MP4,day_2_4_29_2026_76.8_frame000000.jpg,0,0,0:00:00
day_2_4_29_2026_76.8,day_2_4_29_2026,76.8,76.8.MP4,day_2_4_29_2026_76.8_frame000001.jpg,1,120,0:02:00
day_2_4_29_2026_76.8,day_2_4_29_2026,76.8,76.8.MP4,day_2_4_29_2026_76.8_frame000002.jpg,2,240,0:04:00
day_2_4_29_2026_76.8,day_2_4_29_2026,76.8,76.8.MP4,day_2_4_29_2026_76.8_frame000003.jpg,3,360,0:06:00
day_2_4_29_2026_76.8,day_2_4_29_2026,76.8,76.8.MP4,day_2_4_29_2026_76.8_frame000004.jpg,4,480,0:08:00
day_3_4_30_2026_Itinerary_37.1,day_3_4_30_2026_Itinerary,37.1,37.1.MP4,day_3_4_30_2026_Itinerary_37.1_frame000000.jpg,0,0,0:00:00
day_3_4_30_2026_Itinerary_37.2,day_3_4_30_2026_Itinerary,37.2,37.2.MP4,day_3_4_30_2026_Itinerary_37.2_frame000000.jpg,0,0,0:00:00
day_3_4_30_2026_Itinerary_37.3,day_3_4_30_2026_Itinerary,37.3,37.3.MP4,day_3_4_30_2026_Itinerary_37.3_frame000000.jpg,0,0,0:00:00
day_3_4_30_2026_Itinerary_37.3,day_3_4_30_2026_Itinerary,37.3,37.3.MP4,day_3_4_30_2026_Itinerary_37.3_frame000001.jpg,1,120,0:02:00
day_3_4_30_2026_Itinerary_37.3,day_3_4_30_2026_Itinerary,37.3,37.3.MP4,day_3_4_30_2026_Itinerary_37.3_frame000002.jpg,2,240,0:04:00
day_3_4_30_2026_Itinerary_37.3,day_3_4_30_2026_Itinerary,37.3,37.3.MP4,day_3_4_30_2026_Itinerary_37.3_frame000003.jpg,3,360,0:06:00
day_3_4_30_2026_Itinerary_37.3,day_3_4_30_2026_Itinerary,37.3,37.3.MP4,day_3_4_30_2026_Itinerary_37.3_frame000004.jpg,4,480,0:08:00
day_3_4_30_2026_Itinerary_37.3,day_3_4_30_2026_Itinerary,37.3,37.3.MP4,day_3_4_30_2026_Itinerary_37.3_frame000005.jpg,5,600,0:10:00
day_3_4_30_2026_Itinerary_37.3,day_3_4_30_2026_Itinerary,37.3,37.3.MP4,day_3_4_30_2026_Itinerary_37.3_frame000006.jpg,6,720,0:12:00
day_3_4_30_2026_Itinerary_37.4,day_3_4_30_2026_Itinerary,37.4,37.4.MP4,day_3_4_30_2026_Itinerary_37.4_frame000000.jpg,0,0,0:00:00
day_3_4_30_2026_Itinerary_37.4,day_3_4_30_2026_Itinerary,37.4,37.4.MP4,day_3_4_30_2026_Itinerary_37.4_frame000001.jpg,1,120,0:02:00
day_3_4_30_2026_Itinerary_37.4,day_3_4_30_2026_Itinerary,37.4,37.4.MP4,day_3_4_30_2026_Itinerary_37.4_frame000002.jpg,2,240,0:04:00
day_3_4_30_2026_Itinerary_37.4,day_3_4_30_2026_Itinerary,37.4,37.4.MP4,day_3_4_30_2026_Itinerary_37.4_frame000003.jpg,3,360,0:06:00
day_3_4_30_2026_Itinerary_37.4,day_3_4_30_2026_Itinerary,37.4,37.4.MP4,day_3_4_30_2026_Itinerary_37.4_frame000004.jpg,4,480,0:08:00
day_3_4_30_2026_Itinerary_37.4,day_3_4_30_2026_Itinerary,37.4,37.4.MP4,day_3_4_30_2026_Itinerary_37.4_frame000005.jpg,5,600,0:10:00
day_3_4_30_2026_Itinerary_37.4,day_3_4_30_2026_Itinerary,37.4,37.4.MP4,day_3_4_30_2026_Itinerary_37.4_frame000006.jpg,6,720,0:12:00
day_3_4_30_2026_Itinerary_37.5,day_3_4_30_2026_Itinerary,37.5,37.5.MP4,day_3_4_30_2026_Itinerary_37.5_frame000000.jpg,0,0,0:00:00
day_3_4_30_2026_Itinerary_37.5,day_3_4_30_2026_Itinerary,37.5,37.5.MP4,day_3_4_30_2026_Itinerary_37.5_frame000001.jpg,1,120,0:02:00
day_3_4_30_2026_Itinerary_37.5,day_3_4_30_2026_Itinerary,37.5,37.5.MP4,day_3_4_30_2026_Itinerary_37.5_frame000002.jpg,2,240,0:04:00
day_3_4_30_2026_Itinerary_37.5,day_3_4_30_2026_Itinerary,37.5,37.5.MP4,day_3_4_30_2026_Itinerary_37.5_frame000003.jpg,3,360,0:06:00
day_3_4_30_2026_Itinerary_37.5,day_3_4_30_2026_Itinerary,37.5,37.5.MP4,day_3_4_30_2026_Itinerary_37.5_frame000004.jpg,4,480,0:08:00
day_3_4_30_2026_Itinerary_37.5,day_3_4_30_2026_Itinerary,37.5,37.5.MP4,day_3_4_30_2026_Itinerary_37.5_frame000005.jpg,5,600,0:10:00
day_3_4_30_2026_Itinerary_37.5,day_3_4_30_2026_Itinerary,37.5,37.5.MP4,day_3_4_30_2026_Itinerary_37.5_frame000006.jpg,6,720,0:12:00
day_3_4_30_2026_Itinerary_37.6,day_3_4_30_2026_Itinerary,37.6,37.6.MP4,day_3_4_30_2026_Itinerary_37.6_frame000000.jpg,0,0,0:00:00
day_3_4_30_2026_Itinerary_37.6,day_3_4_30_2026_Itinerary,37.6,37.6.MP4,day_3_4_30_2026_Itinerary_37.6_frame000001.jpg,1,120,0:02:00
day_3_4_30_2026_Itinerary_37.6,day_3_4_30_2026_Itinerary,37.6,37.6.MP4,day_3_4_30_2026_Itinerary_37.6_frame000002.jpg,2,240,0:04:00
day_3_4_30_2026_Itinerary_37.6,day_3_4_30_2026_Itinerary,37.6,37.6.MP4,day_3_4_30_2026_Itinerary_37.6_frame000003.jpg,3,360,0:06:00
day_3_4_30_2026_Itinerary_37.6,day_3_4_30_2026_Itinerary,37.6,37.6.MP4,day_3_4_30_2026_Itinerary_37.6_frame000004.jpg,4,480,0:08:00
day_3_4_30_2026_Itinerary_37.6,day_3_4_30_2026_Itinerary,37.6,37.6.MP4,day_3_4_30_2026_Itinerary_37.6_frame000005.jpg,5,600,0:10:00
day_3_4_30_2026_Itinerary_37.6,day_3_4_30_2026_Itinerary,37.6,37.6.MP4,day_3_4_30_2026_Itinerary_37.6_frame000006.jpg,6,720,0:12:00
day_3_4_30_2026_Itinerary_37.7,day_3_4_30_2026_Itinerary,37.7,37.7.MP4,day_3_4_30_2026_Itinerary_37.7_frame000000.jpg,0,0,0:00:00
day_3_4_30_2026_Itinerary_37.7,day_3_4_30_2026_Itinerary,37.7,37.7.MP4,day_3_4_30_2026_Itinerary_37.7_frame000001.jpg,1,120,0:02:00
day_3_4_30_2026_Itinerary_37.7,day_3_4_30_2026_Itinerary,37.7,37.7.MP4,day_3_4_30_2026_Itinerary_37.7_frame000002.jpg,2,240,0:04:00
day_3_4_30_2026_Itinerary_37.7,day_3_4_30_2026_Itinerary,37.7,37.7.MP4,day_3_4_30_2026_Itinerary_37.7_frame000003.jpg,3,360,0:06:00
day_3_4_30_2026_Itinerary_37.7,day_3_4_30_2026_Itinerary,37.7,37.7.MP4,day_3_4_30_2026_Itinerary_37.7_frame000004.jpg,4,480,0:08:00
day_3_4_30_2026_Itinerary_37.7,day_3_4_30_2026_Itinerary,37.7,37.7.MP4,day_3_4_30_2026_Itinerary_37.7_frame000005.jpg,5,600,0:10:00
day_3_4_30_2026_Itinerary_40.10,day_3_4_30_2026_Itinerary,40.10,40.10.MP4,day_3_4_30_2026_Itinerary_40.10_frame000000.jpg,0,0,0:00:00
day_3_4_30_2026_Itinerary_40.10,day_3_4_30_2026_Itinerary,40.10,40.10.MP4,day_3_4_30_2026_Itinerary_40.10_frame000001.jpg,1,120,0:02:00
day_3_4_30_2026_Itinerary_40.11,day_3_4_30_2026_Itinerary,40.11,40.11.MP4,day_3_4_30_2026_Itinerary_40.11_frame000000.jpg,0,0,0:00:00
day_3_4_30_2026_Itinerary_40.11,day_3_4_30_2026_Itinerary,40.11,40.11.MP4,day_3_4_30_2026_Itinerary_40.11_frame000001.jpg,1,120,0:02:00
day_3_4_30_2026_Itinerary_40.12,day_3_4_30_2026_Itinerary,40.12,40.12.MP4,day_3_4_30_2026_Itinerary_40.12_frame000000.jpg,0,0,0:00:00
day_3_4_30_2026_Itinerary_40.13,day_3_4_30_2026_Itinerary,40.13,40.13.MP4,day_3_4_30_2026_Itinerary_40.13_frame000000.jpg,0,0,0:00:00
day_3_4_30_2026_Itinerary_40.14,day_3_4_30_2026_Itinerary,40.14,40.14.MP4,day_3_4_30_2026_Itinerary_40.14_frame000000.jpg,0,0,0:00:00
day_3_4_30_2026_Itinerary_40.14,day_3_4_30_2026_Itinerary,40.14,40.14.MP4,day_3_4_30_2026_Itinerary_40.14_frame000001.jpg,1,120,0:02:00
day_3_4_30_2026_Itinerary_40.15,day_3_4_30_2026_Itinerary,40.15,40.15.MP4,day_3_4_30_2026_Itinerary_40.15_frame000000.jpg,0,0,0:00:00
day_3_4_30_2026_Itinerary_40.16,day_3_4_30_2026_Itinerary,40.16,40.16.MP4,day_3_4_30_2026_Itinerary_40.16_frame000000.jpg,0,0,0:00:00
day_3_4_30_2026_Itinerary_40.16,day_3_4_30_2026_Itinerary,40.16,40.16.MP4,day_3_4_30_2026_Itinerary_40.16_frame000001.jpg,1,120,0:02:00
day_3_4_30_2026_Itinerary_40.17,day_3_4_30_2026_Itinerary,40.17,40.17.MP4,day_3_4_30_2026_Itinerary_40.17_frame000000.jpg,0,0,0:00:00
day_3_4_30_2026_Itinerary_40.18,day_3_4_30_2026_Itinerary,40.18,40.18.MP4,day_3_4_30_2026_Itinerary_40.18_frame000000.jpg,0,0,0:00:00
day_3_4_30_2026_Itinerary_40.19,day_3_4_30_2026_Itinerary,40.19,40.19.MP4,day_3_4_30_2026_Itinerary_40.19_frame000000.jpg,0,0,0:00:00
day_3_4_30_2026_Itinerary_40.1,day_3_4_30_2026_Itinerary,40.1,40.1.MP4,day_3_4_30_2026_Itinerary_40.1_frame000000.jpg,0,0,0:00:00
day_3_4_30_2026_Itinerary_40.1,day_3_4_30_2026_Itinerary,40.1,40.1.MP4,day_3_4_30_2026_Itinerary_40.1_frame000001.jpg,1,120,0:02:00
day_3_4_30_2026_Itinerary_40.1,day_3_4_30_2026_Itinerary,40.1,40.1.MP4,day_3_4_30_2026_Itinerary_40.1_frame000002.jpg,2,240,0:04:00
day_3_4_30_2026_Itinerary_40.20,day_3_4_30_2026_Itinerary,40.20,40.20.MP4,day_3_4_30_2026_Itinerary_40.20_frame000000.jpg,0,0,0:00:00
day_3_4_30_2026_Itinerary_40.21,day_3_4_30_2026_Itinerary,40.21,40.21.MP4,day_3_4_30_2026_Itinerary_40.21_frame000000.jpg,0,0,0:00:00
day_3_4_30_2026_Itinerary_40.21,day_3_4_30_2026_Itinerary,40.21,40.21.MP4,day_3_4_30_2026_Itinerary_40.21_frame000001.jpg,1,120,0:02:00
day_3_4_30_2026_Itinerary_40.21,day_3_4_30_2026_Itinerary,40.21,40.21.MP4,day_3_4_30_2026_Itinerary_40.21_frame000002.jpg,2,240,0:04:00
day_3_4_30_2026_Itinerary_40.21,day_3_4_30_2026_Itinerary,40.21,40.21.MP4,day_3_4_30_2026_Itinerary_40.21_frame000003.jpg,3,360,0:06:00
day_3_4_30_2026_Itinerary_40.21,day_3_4_30_2026_Itinerary,40.21,40.21.MP4,day_3_4_30_2026_Itinerary_40.21_frame000004.jpg,4,480,0:08:00
day_3_4_30_2026_Itinerary_40.21,day_3_4_30_2026_Itinerary,40.21,40.21.MP4,day_3_4_30_2026_Itinerary_40.21_frame000005.jpg,5,600,0:10:00
day_3_4_30_2026_Itinerary_40.21,day_3_4_30_2026_Itinerary,40.21,40.21.MP4,day_3_4_30_2026_Itinerary_40.21_frame000006.jpg,6,720,0:12:00
day_3_4_30_2026_Itinerary_40.22,day_3_4_30_2026_Itinerary,40.22,40.22.MP4,day_3_4_30_2026_Itinerary_40.22_frame000000.jpg,0,0,0:00:00
day_3_4_30_2026_Itinerary_40.2,day_3_4_30_2026_Itinerary,40.2,40.2.MP4,day_3_4_30_2026_Itinerary_40.2_frame000000.jpg,0,0,0:00:00
day_3_4_30_2026_Itinerary_40.2,day_3_4_30_2026_Itinerary,40.2,40.2.MP4,day_3_4_30_2026_Itinerary_40.2_frame000001.jpg,1,120,0:02:00
day_3_4_30_2026_Itinerary_40.2,day_3_4_30_2026_Itinerary,40.2,40.2.MP4,day_3_4_30_2026_Itinerary_40.2_frame000002.jpg,2,240,0:04:00
day_3_4_30_2026_Itinerary_40.2,day_3_4_30_2026_Itinerary,40.2,40.2.MP4,day_3_4_30_2026_Itinerary_40.2_frame000003.jpg,3,360,0:06:00
day_3_4_30_2026_Itinerary_40.3,day_3_4_30_2026_Itinerary,40.3,40.3.MP4,day_3_4_30_2026_Itinerary_40.3_frame000000.jpg,0,0,0:00:00
day_3_4_30_2026_Itinerary_40.4,day_3_4_30_2026_Itinerary,40.4,40.4.MP4,day_3_4_30_2026_Itinerary_40.4_frame000000.jpg,0,0,0:00:00
day_3_4_30_2026_Itinerary_40.5,day_3_4_30_2026_Itinerary,40.5,40.5.MP4,day_3_4_30_2026_Itinerary_40.5_frame000000.jpg,0,0,0:00:00
day_3_4_30_2026_Itinerary_40.6,day_3_4_30_2026_Itinerary,40.6,40.6.MP4,day_3_4_30_2026_Itinerary_40.6_frame000000.jpg,0,0,0:00:00
day_3_4_30_2026_Itinerary_40.6,day_3_4_30_2026_Itinerary,40.6,40.6.MP4,day_3_4_30_2026_Itinerary_40.6_frame000001.jpg,1,120,0:02:00
day_3_4_30_2026_Itinerary_40.6,day_3_4_30_2026_Itinerary,40.6,40.6.MP4,day_3_4_30_2026_Itinerary_40.6_frame000002.jpg,2,240,0:04:00
day_3_4_30_2026_Itinerary_40.6,day_3_4_30_2026_Itinerary,40.6,40.6.MP4,day_3_4_30_2026_Itinerary_40.6_frame000003.jpg,3,360,0:06:00
day_3_4_30_2026_Itinerary_40.6,day_3_4_30_2026_Itinerary,40.6,40.6.MP4,day_3_4_30_2026_Itinerary_40.6_frame000004.jpg,4,480,0:08:00
day_3_4_30_2026_Itinerary_40.7,day_3_4_30_2026_Itinerary,40.7,40.7.MP4,day_3_4_30_2026_Itinerary_40.7_frame000000.jpg,0,0,0:00:00
day_3_4_30_2026_Itinerary_40.7,day_3_4_30_2026_Itinerary,40.7,40.7.MP4,day_3_4_30_2026_Itinerary_40.7_frame000001.jpg,1,120,0:02:00
day_3_4_30_2026_Itinerary_40.8,day_3_4_30_2026_Itinerary,40.8,40.8.MP4,day_3_4_30_2026_Itinerary_40.8_frame000000.jpg,0,0,0:00:00
day_3_4_30_2026_Itinerary_40.9,day_3_4_30_2026_Itinerary,40.9,40.9.MP4,day_3_4_30_2026_Itinerary_40.9_frame000000.jpg,0,0,0:00:00
day_3_4_30_2026_Itinerary_40.9,day_3_4_30_2026_Itinerary,40.9,40.9.MP4,day_3_4_30_2026_Itinerary_40.9_frame000001.jpg,1,120,0:02:00
day_3_4_30_2026_Itinerary_41.10,day_3_4_30_2026_Itinerary,41.10,41.10.MP4,day_3_4_30_2026_Itinerary_41.10_frame000000.jpg,0,0,0:00:00
day_3_4_30_2026_Itinerary_41.11,day_3_4_30_2026_Itinerary,41.11,41.11.MP4,day_3_4_30_2026_Itinerary_41.11_frame000000.jpg,0,0,0:00:00
day_3_4_30_2026_Itinerary_41.12,day_3_4_30_2026_Itinerary,41.12,41.12.MP4,day_3_4_30_2026_Itinerary_41.12_frame000000.jpg,0,0,0:00:00
day_3_4_30_2026_Itinerary_41.1,day_3_4_30_2026_Itinerary,41.1,41.1.MP4,day_3_4_30_2026_Itinerary_41.1_frame000000.jpg,0,0,0:00:00
day_3_4_30_2026_Itinerary_41.2,day_3_4_30_2026_Itinerary,41.2,41.2.MP4,day_3_4_30_2026_Itinerary_41.2_frame000000.jpg,0,0,0:00:00
day_3_4_30_2026_Itinerary_41.3,day_3_4_30_2026_Itinerary,41.3,41.3.MP4,day_3_4_30_2026_Itinerary_41.3_frame000000.jpg,0,0,0:00:00
day_3_4_30_2026_Itinerary_41.4,day_3_4_30_2026_Itinerary,41.4,41.4.MP4,day_3_4_30_2026_Itinerary_41.4_frame000000.jpg,0,0,0:00:00
day_3_4_30_2026_Itinerary_41.5,day_3_4_30_2026_Itinerary,41.5,41.5.MP4,day_3_4_30_2026_Itinerary_41.5_frame000000.jpg,0,0,0:00:00
day_3_4_30_2026_Itinerary_41.6,day_3_4_30_2026_Itinerary,41.6,41.6.MP4,day_3_4_30_2026_Itinerary_41.6_frame000000.jpg,0,0,0:00:00
day_3_4_30_2026_Itinerary_41.7,day_3_4_30_2026_Itinerary,41.7,41.7.MP4,day_3_4_30_2026_Itinerary_41.7_frame000000.jpg,0,0,0:00:00
day_3_4_30_2026_Itinerary_41.8,day_3_4_30_2026_Itinerary,41.8,41.8.MP4,day_3_4_30_2026_Itinerary_41.8_frame000000.jpg,0,0,0:00:00
day_3_4_30_2026_Itinerary_41.9,day_3_4_30_2026_Itinerary,41.9,41.9.MP4,day_3_4_30_2026_Itinerary_41.9_frame000000.jpg,0,0,0:00:00
day_3_4_30_2026_Itinerary_41.9,day_3_4_30_2026_Itinerary,41.9,41.9.MP4,day_3_4_30_2026_Itinerary_41.9_frame000001.jpg,1,120,0:02:00
day_3_4_30_2026_Itinerary_60.10,day_3_4_30_2026_Itinerary,60.10,60.10.MP4,day_3_4_30_2026_Itinerary_60.10_frame000000.jpg,0,0,0:00:00
day_3_4_30_2026_Itinerary_60.10,day_3_4_30_2026_Itinerary,60.10,60.10.MP4,day_3_4_30_2026_Itinerary_60.10_frame000001.jpg,1,120,0:02:00
day_3_4_30_2026_Itinerary_60.10,day_3_4_30_2026_Itinerary,60.10,60.10.MP4,day_3_4_30_2026_Itinerary_60.10_frame000002.jpg,2,240,0:04:00
day_3_4_30_2026_Itinerary_60.10,day_3_4_30_2026_Itinerary,60.10,60.10.MP4,day_3_4_30_2026_Itinerary_60.10_frame000003.jpg,3,360,0:06:00
day_3_4_30_2026_Itinerary_60.11,day_3_4_30_2026_Itinerary,60.11,60.11.MP4,day_3_4_30_2026_Itinerary_60.11_frame000000.jpg,0,0,0:00:00
day_3_4_30_2026_Itinerary_60.14,day_3_4_30_2026_Itinerary,60.14,60.14.MP4,day_3_4_30_2026_Itinerary_60.14_frame000000.jpg,0,0,0:00:00
day_3_4_30_2026_Itinerary_60.14,day_3_4_30_2026_Itinerary,60.14,60.14.MP4,day_3_4_30_2026_Itinerary_60.14_frame000001.jpg,1,120,0:02:00
day_3_4_30_2026_Itinerary_60.18,day_3_4_30_2026_Itinerary,60.18,60.18.MP4,day_3_4_30_2026_Itinerary_60.18_frame000000.jpg,0,0,0:00:00
day_3_4_30_2026_Itinerary_60.18,day_3_4_30_2026_Itinerary,60.18,60.18.MP4,day_3_4_30_2026_Itinerary_60.18_frame000001.jpg,1,120,0:02:00
day_3_4_30_2026_Itinerary_60.18,day_3_4_30_2026_Itinerary,60.18,60.18.MP4,day_3_4_30_2026_Itinerary_60.18_frame000002.jpg,2,240,0:04:00
day_3_4_30_2026_Itinerary_60.19,day_3_4_30_2026_Itinerary,60.19,60.19.MP4,day_3_4_30_2026_Itinerary_60.19_frame000000.jpg,0,0,0:00:00
day_3_4_30_2026_Itinerary_60.1,day_3_4_30_2026_Itinerary,60.1,60.1.MP4,day_3_4_30_2026_Itinerary_60.1_frame000000.jpg,0,0,0:00:00
day_3_4_30_2026_Itinerary_60.1,day_3_4_30_2026_Itinerary,60.1,60.1.MP4,day_3_4_30_2026_Itinerary_60.1_frame000001.jpg,1,120,0:02:00
day_3_4_30_2026_Itinerary_60.1,day_3_4_30_2026_Itinerary,60.1,60.1.MP4,day_3_4_30_2026_Itinerary_60.1_frame000002.jpg,2,240,0:04:00
day_3_4_30_2026_Itinerary_60.1,day_3_4_30_2026_Itinerary,60.1,60.1.MP4,day_3_4_30_2026_Itinerary_60.1_frame000003.jpg,3,360,0:06:00
day_3_4_30_2026_Itinerary_60.1,day_3_4_30_2026_Itinerary,60.1,60.1.MP4,day_3_4_30_2026_Itinerary_60.1_frame000004.jpg,4,480,0:08:00
day_3_4_30_2026_Itinerary_60.1,day_3_4_30_2026_Itinerary,60.1,60.1.MP4,day_3_4_30_2026_Itinerary_60.1_frame000005.jpg,5,600,0:10:00
day_3_4_30_2026_Itinerary_60.1,day_3_4_30_2026_Itinerary,60.1,60.1.MP4,day_3_4_30_2026_Itinerary_60.1_frame000006.jpg,6,720,0:12:00
day_3_4_30_2026_Itinerary_60.2,day_3_4_30_2026_Itinerary,60.2,60.2.MP4,day_3_4_30_2026_Itinerary_60.2_frame000000.jpg,0,0,0:00:00
day_3_4_30_2026_Itinerary_60.3,day_3_4_30_2026_Itinerary,60.3,60.3.MP4,day_3_4_30_2026_Itinerary_60.3_frame000000.jpg,0,0,0:00:00
day_3_4_30_2026_Itinerary_60.4,day_3_4_30_2026_Itinerary,60.4,60.4.MP4,day_3_4_30_2026_Itinerary_60.4_frame000000.jpg,0,0,0:00:00
day_3_4_30_2026_Itinerary_60.5,day_3_4_30_2026_Itinerary,60.5,60.5.MP4,day_3_4_30_2026_Itinerary_60.5_frame000000.jpg,0,0,0:00:00
day_3_4_30_2026_Itinerary_60.6,day_3_4_30_2026_Itinerary,60.6,60.6.MP4,day_3_4_30_2026_Itinerary_60.6_frame000000.jpg,0,0,0:00:00
day_3_4_30_2026_Itinerary_60.7,day_3_4_30_2026_Itinerary,60.7,60.7.MP4,day_3_4_30_2026_Itinerary_60.7_frame000000.jpg,0,0,0:00:00
day_3_4_30_2026_Itinerary_60.9,day_3_4_30_2026_Itinerary,60.9,60.9.MP4,day_3_4_30_2026_Itinerary_60.9_frame000000.jpg,0,0,0:00:00
day_3_4_30_2026_Itinerary_60.9,day_3_4_30_2026_Itinerary,60.9,60.9.MP4,day_3_4_30_2026_Itinerary_60.9_frame000001.jpg,1,120,0:02:00
day_3_4_30_2026_Itinerary_60.9,day_3_4_30_2026_Itinerary,60.9,60.9.MP4,day_3_4_30_2026_Itinerary_60.9_frame000002.jpg,2,240,0:04:00
day_3_4_30_2026_Itinerary_60.9,day_3_4_30_2026_Itinerary,60.9,60.9.MP4,day_3_4_30_2026_Itinerary_60.9_frame000003.jpg,3,360,0:06:00
day_3_4_30_2026_Itinerary_77.1,day_3_4_30_2026_Itinerary,77.1,77.1.MP4,day_3_4_30_2026_Itinerary_77.1_frame000000.jpg,0,0,0:00:00
day_3_4_30_2026_Itinerary_77.1,day_3_4_30_2026_Itinerary,77.1,77.1.MP4,day_3_4_30_2026_Itinerary_77.1_frame000001.jpg,1,120,0:02:00
day_3_4_30_2026_Itinerary_77.1,day_3_4_30_2026_Itinerary,77.1,77.1.MP4,day_3_4_30_2026_Itinerary_77.1_frame000002.jpg,2,240,0:04:00
day_3_4_30_2026_Itinerary_77.1,day_3_4_30_2026_Itinerary,77.1,77.1.MP4,day_3_4_30_2026_Itinerary_77.1_frame000003.jpg,3,360,0:06:00
day_3_4_30_2026_Itinerary_77.1,day_3_4_30_2026_Itinerary,77.1,77.1.MP4,day_3_4_30_2026_Itinerary_77.1_frame000004.jpg,4,480,0:08:00
day_3_4_30_2026_Itinerary_77.2,day_3_4_30_2026_Itinerary,77.2,77.2.MP4,day_3_4_30_2026_Itinerary_77.2_frame000000.jpg,0,0,0:00:00
day_3_4_30_2026_Itinerary_77.2,day_3_4_30_2026_Itinerary,77.2,77.2.MP4,day_3_4_30_2026_Itinerary_77.2_frame000001.jpg,1,120,0:02:00
day_3_4_30_2026_Itinerary_77.2,day_3_4_30_2026_Itinerary,77.2,77.2.MP4,day_3_4_30_2026_Itinerary_77.2_frame000002.jpg,2,240,0:04:00
day_3_4_30_2026_Itinerary_77.2,day_3_4_30_2026_Itinerary,77.2,77.2.MP4,day_3_4_30_2026_Itinerary_77.2_frame000003.jpg,3,360,0:06:00
day_3_4_30_2026_Itinerary_77.2,day_3_4_30_2026_Itinerary,77.2,77.2.MP4,day_3_4_30_2026_Itinerary_77.2_frame000004.jpg,4,480,0:08:00
day_3_4_30_2026_Itinerary_77.2,day_3_4_30_2026_Itinerary,77.2,77.2.MP4,day_3_4_30_2026_Itinerary_77.2_frame000005.jpg,5,600,0:10:00
day_3_4_30_2026_Itinerary_77.2,day_3_4_30_2026_Itinerary,77.2,77.2.MP4,day_3_4_30_2026_Itinerary_77.2_frame000006.jpg,6,720,0:12:00
day_3_4_30_2026_Itinerary_77.3,day_3_4_30_2026_Itinerary,77.3,77.3.MP4,day_3_4_30_2026_Itinerary_77.3_frame000000.jpg,0,0,0:00:00
day_3_4_30_2026_Itinerary_77.3,day_3_4_30_2026_Itinerary,77.3,77.3.MP4,day_3_4_30_2026_Itinerary_77.3_frame000001.jpg,1,120,0:02:00
day_3_4_30_2026_Itinerary_77.3,day_3_4_30_2026_Itinerary,77.3,77.3.MP4,day_3_4_30_2026_Itinerary_77.3_frame000002.jpg,2,240,0:04:00
day_3_4_30_2026_Itinerary_77.4,day_3_4_30_2026_Itinerary,77.4,77.4.MP4,day_3_4_30_2026_Itinerary_77.4_frame000000.jpg,0,0,0:00:00
day_3_4_30_2026_Itinerary_77.4,day_3_4_30_2026_Itinerary,77.4,77.4.MP4,day_3_4_30_2026_Itinerary_77.4_frame000001.jpg,1,120,0:02:00
day_3_4_30_2026_Itinerary_77.4,day_3_4_30_2026_Itinerary,77.4,77.4.MP4,day_3_4_30_2026_Itinerary_77.4_frame000002.jpg,2,240,0:04:00
day_3_4_30_2026_Itinerary_77.4,day_3_4_30_2026_Itinerary,77.4,77.4.MP4,day_3_4_30_2026_Itinerary_77.4_frame000003.jpg,3,360,0:06:00
day_3_4_30_2026_Itinerary_77.4,day_3_4_30_2026_Itinerary,77.4,77.4.MP4,day_3_4_30_2026_Itinerary_77.4_frame000004.jpg,4,480,0:08:00
day_3_4_30_2026_Itinerary_77.4,day_3_4_30_2026_Itinerary,77.4,77.4.MP4,day_3_4_30_2026_Itinerary_77.4_frame000005.jpg,5,600,0:10:00
day_3_4_30_2026_Itinerary_77.4,day_3_4_30_2026_Itinerary,77.4,77.4.MP4,day_3_4_30_2026_Itinerary_77.4_frame000006.jpg,6,720,0:12:00
day_3_4_30_2026_Itinerary_77.5,day_3_4_30_2026_Itinerary,77.5,77.5.MP4,day_3_4_30_2026_Itinerary_77.5_frame000000.jpg,0,0,0:00:00
day_3_4_30_2026_Itinerary_77.5,day_3_4_30_2026_Itinerary,77.5,77.5.MP4,day_3_4_30_2026_Itinerary_77.5_frame000001.jpg,1,120,0:02:00
day_3_4_30_2026_Itinerary_77.5,day_3_4_30_2026_Itinerary,77.5,77.5.MP4,day_3_4_30_2026_Itinerary_77.5_frame000002.jpg,2,240,0:04:00
day_3_4_30_2026_Itinerary_77.5,day_3_4_30_2026_Itinerary,77.5,77.5.MP4,day_3_4_30_2026_Itinerary_77.5_frame000003.jpg,3,360,0:06:00
day_3_4_30_2026_Itinerary_77.5,day_3_4_30_2026_Itinerary,77.5,77.5.MP4,day_3_4_30_2026_Itinerary_77.5_frame000004.jpg,4,480,0:08:00
day_3_4_30_2026_Itinerary_77.5,day_3_4_30_2026_Itinerary,77.5,77.5.MP4,day_3_4_30_2026_Itinerary_77.5_frame000005.jpg,5,600,0:10:00
day_3_4_30_2026_Itinerary_77.5,day_3_4_30_2026_Itinerary,77.5,77.5.MP4,day_3_4_30_2026_Itinerary_77.5_frame000006.jpg,6,720,0:12:00
day_3_4_30_2026_Itinerary_77.6,day_3_4_30_2026_Itinerary,77.6,77.6.MP4,day_3_4_30_2026_Itinerary_77.6_frame000000.jpg,0,0,0:00:00
day_3_4_30_2026_Itinerary_77.6,day_3_4_30_2026_Itinerary,77.6,77.6.MP4,day_3_4_30_2026_Itinerary_77.6_frame000001.jpg,1,120,0:02:00
day_3_4_30_2026_Itinerary_77.6,day_3_4_30_2026_Itinerary,77.6,77.6.MP4,day_3_4_30_2026_Itinerary_77.6_frame000002.jpg,2,240,0:04:00
day_3_4_30_2026_Itinerary_77.6,day_3_4_30_2026_Itinerary,77.6,77.6.MP4,day_3_4_30_2026_Itinerary_77.6_frame000003.jpg,3,360,0:06:00
day_3_4_30_2026_Itinerary_77.6,day_3_4_30_2026_Itinerary,77.6,77.6.MP4,day_3_4_30_2026_Itinerary_77.6_frame000004.jpg,4,480,0:08:00
day_3_4_30_2026_Itinerary_77.6,day_3_4_30_2026_Itinerary,77.6,77.6.MP4,day_3_4_30_2026_Itinerary_77.6_frame000005.jpg,5,600,0:10:00
day_3_4_30_2026_Itinerary_77.6,day_3_4_30_2026_Itinerary,77.6,77.6.MP4,day_3_4_30_2026_Itinerary_77.6_frame000006.jpg,6,720,0:12:00
day_3_4_30_2026_Itinerary_77.7,day_3_4_30_2026_Itinerary,77.7,77.7.MP4,day_3_4_30_2026_Itinerary_77.7_frame000000.jpg,0,0,0:00:00
day_3_4_30_2026_Itinerary_77.7,day_3_4_30_2026_Itinerary,77.7,77.7.MP4,day_3_4_30_2026_Itinerary_77.7_frame000001.jpg,1,120,0:02:00
day_3_4_30_2026_Itinerary_77.8,day_3_4_30_2026_Itinerary,77.8,77.8.MP4,day_3_4_30_2026_Itinerary_77.8_frame000000.jpg,0,0,0:00:00
day_3_4_30_2026_Itinerary_77.8,day_3_4_30_2026_Itinerary,77.8,77.8.MP4,day_3_4_30_2026_Itinerary_77.8_frame000001.jpg,1,120,0:02:00
day_3_4_30_2026_Itinerary_77.8,day_3_4_30_2026_Itinerary,77.8,77.8.MP4,day_3_4_30_2026_Itinerary_77.8_frame000002.jpg,2,240,0:04:00
day_3_4_30_2026_Itinerary_77.8,day_3_4_30_2026_Itinerary,77.8,77.8.MP4,day_3_4_30_2026_Itinerary_77.8_frame000003.jpg,3,360,0:06:00
day_3_4_30_2026_Itinerary_77.8,day_3_4_30_2026_Itinerary,77.8,77.8.MP4,day_3_4_30_2026_Itinerary_77.8_frame000004.jpg,4,480,0:08:00
day_3_4_30_2026_Itinerary_77.8,day_3_4_30_2026_Itinerary,77.8,77.8.MP4,day_3_4_30_2026_Itinerary_77.8_frame000005.jpg,5,600,0:10:00
day_3_4_30_2026_Itinerary_77.8,day_3_4_30_2026_Itinerary,77.8,77.8.MP4,day_3_4_30_2026_Itinerary_77.8_frame000006.jpg,6,720,0:12:00
day_3_4_30_2026_Itinerary_77.9,day_3_4_30_2026_Itinerary,77.9,77.9.MP4,day_3_4_30_2026_Itinerary_77.9_frame000000.jpg,0,0,0:00:00
day_3_4_30_2026_Itinerary_77.9,day_3_4_30_2026_Itinerary,77.9,77.9.MP4,day_3_4_30_2026_Itinerary_77.9_frame000001.jpg,1,120,0:02:00
day_4_5_01_2026_38.1,day_4_5_01_2026,38.1,38.1.MP4,day_4_5_01_2026_38.1_frame000000.jpg,0,0,0:00:00
day_4_5_01_2026_38.1,day_4_5_01_2026,38.1,38.1.MP4,day_4_5_01_2026_38.1_frame000001.jpg,1,120,0:02:00
day_4_5_01_2026_38.1,day_4_5_01_2026,38.1,38.1.MP4,day_4_5_01_2026_38.1_frame000002.jpg,2,240,0:04:00
day_4_5_01_2026_38.1,day_4_5_01_2026,38.1,38.1.MP4,day_4_5_01_2026_38.1_frame000003.jpg,3,360,0:06:00
day_4_5_01_2026_38.2,day_4_5_01_2026,38.2,38.2.MP4,day_4_5_01_2026_38.2_frame000000.jpg,0,0,0:00:00
day_4_5_01_2026_38.2,day_4_5_01_2026,38.2,38.2.MP4,day_4_5_01_2026_38.2_frame000001.jpg,1,120,0:02:00
day_4_5_01_2026_38.2,day_4_5_01_2026,38.2,38.2.MP4,day_4_5_01_2026_38.2_frame000002.jpg,2,240,0:04:00
day_4_5_01_2026_38.2,day_4_5_01_2026,38.2,38.2.MP4,day_4_5_01_2026_38.2_frame000003.jpg,3,360,0:06:00
day_4_5_01_2026_38.2,day_4_5_01_2026,38.2,38.2.MP4,day_4_5_01_2026_38.2_frame000004.jpg,4,480,0:08:00
day_4_5_01_2026_38.3,day_4_5_01_2026,38.3,38.3.MP4,day_4_5_01_2026_38.3_frame000000.jpg,0,0,0:00:00
day_4_5_01_2026_38.3,day_4_5_01_2026,38.3,38.3.MP4,day_4_5_01_2026_38.3_frame000001.jpg,1,120,0:02:00
day_4_5_01_2026_38.3,day_4_5_01_2026,38.3,38.3.MP4,day_4_5_01_2026_38.3_frame000002.jpg,2,240,0:04:00
day_4_5_01_2026_38.3,day_4_5_01_2026,38.3,38.3.MP4,day_4_5_01_2026_38.3_frame000003.jpg,3,360,0:06:00
day_4_5_01_2026_38.3,day_4_5_01_2026,38.3,38.3.MP4,day_4_5_01_2026_38.3_frame000004.jpg,4,480,0:08:00
day_4_5_01_2026_38.3,day_4_5_01_2026,38.3,38.3.MP4,day_4_5_01_2026_38.3_frame000005.jpg,5,600,0:10:00
day_4_5_01_2026_38.3,day_4_5_01_2026,38.3,38.3.MP4,day_4_5_01_2026_38.3_frame000006.jpg,6,720,0:12:00
day_4_5_01_2026_38.4,day_4_5_01_2026,38.4,38.4.MP4,day_4_5_01_2026_38.4_frame000000.jpg,0,0,0:00:00
day_4_5_01_2026_38.4,day_4_5_01_2026,38.4,38.4.MP4,day_4_5_01_2026_38.4_frame000001.jpg,1,120,0:02:00
day_4_5_01_2026_51.1,day_4_5_01_2026,51.1,51.1.MP4,day_4_5_01_2026_51.1_frame000000.jpg,0,0,0:00:00
day_4_5_01_2026_51.1,day_4_5_01_2026,51.1,51.1.MP4,day_4_5_01_2026_51.1_frame000001.jpg,1,120,0:02:00
day_4_5_01_2026_51.1,day_4_5_01_2026,51.1,51.1.MP4,day_4_5_01_2026_51.1_frame000002.jpg,2,240,0:04:00
day_4_5_01_2026_51.1,day_4_5_01_2026,51.1,51.1.MP4,day_4_5_01_2026_51.1_frame000003.jpg,3,360,0:06:00
day_4_5_01_2026_51.1,day_4_5_01_2026,51.1,51.1.MP4,day_4_5_01_2026_51.1_frame000004.jpg,4,480,0:08:00
day_4_5_01_2026_51.1,day_4_5_01_2026,51.1,51.1.MP4,day_4_5_01_2026_51.1_frame000005.jpg,5,600,0:10:00
day_4_5_01_2026_51.1,day_4_5_01_2026,51.1,51.1.MP4,day_4_5_01_2026_51.1_frame000006.jpg,6,720,0:12:00
day_4_5_01_2026_51.2,day_4_5_01_2026,51.2,51.2.MP4,day_4_5_01_2026_51.2_frame000000.jpg,0,0,0:00:00
day_4_5_01_2026_51.2,day_4_5_01_2026,51.2,51.2.MP4,day_4_5_01_2026_51.2_frame000001.jpg,1,120,0:02:00
day_4_5_01_2026_51.2,day_4_5_01_2026,51.2,51.2.MP4,day_4_5_01_2026_51.2_frame000002.jpg,2,240,0:04:00
day_4_5_01_2026_51.3,day_4_5_01_2026,51.3,51.3.MP4,day_4_5_01_2026_51.3_frame000000.jpg,0,0,0:00:00
day_4_5_01_2026_51.3,day_4_5_01_2026,51.3,51.3.MP4,day_4_5_01_2026_51.3_frame000001.jpg,1,120,0:02:00
day_4_5_01_2026_51.3,day_4_5_01_2026,51.3,51.3.MP4,day_4_5_01_2026_51.3_frame000002.jpg,2,240,0:04:00
day_4_5_01_2026_51.3,day_4_5_01_2026,51.3,51.3.MP4,day_4_5_01_2026_51.3_frame000003.jpg,3,360,0:06:00
day_4_5_01_2026_51.3,day_4_5_01_2026,51.3,51.3.MP4,day_4_5_01_2026_51.3_frame000004.jpg,4,480,0:08:00
day_4_5_01_2026_51.3,day_4_5_01_2026,51.3,51.3.MP4,day_4_5_01_2026_51.3_frame000005.jpg,5,600,0:10:00
day_4_5_01_2026_51.3,day_4_5_01_2026,51.3,51.3.MP4,day_4_5_01_2026_51.3_frame000006.jpg,6,720,0:12:00
day_4_5_01_2026_51.4,day_4_5_01_2026,51.4,51.4.MP4,day_4_5_01_2026_51.4_frame000000.jpg,0,0,0:00:00
day_4_5_01_2026_51.4,day_4_5_01_2026,51.4,51.4.MP4,day_4_5_01_2026_51.4_frame000001.jpg,1,120,0:02:00
day_4_5_01_2026_51.4,day_4_5_01_2026,51.4,51.4.MP4,day_4_5_01_2026_51.4_frame000002.jpg,2,240,0:04:00
day_4_5_01_2026_51.4,day_4_5_01_2026,51.4,51.4.MP4,day_4_5_01_2026_51.4_frame000003.jpg,3,360,0:06:00
day_4_5_01_2026_51.4,day_4_5_01_2026,51.4,51.4.MP4,day_4_5_01_2026_51.4_frame000004.jpg,4,480,0:08:00
day_4_5_01_2026_51.4,day_4_5_01_2026,51.4,51.4.MP4,day_4_5_01_2026_51.4_frame000005.jpg,5,600,0:10:00
day_4_5_01_2026_51.4,day_4_5_01_2026,51.4,51.4.MP4,day_4_5_01_2026_51.4_frame000006.jpg,6,720,0:12:00
day_4_5_01_2026_51.5,day_4_5_01_2026,51.5,51.5.MP4,day_4_5_01_2026_51.5_frame000000.jpg,0,0,0:00:00
day_4_5_01_2026_51.6,day_4_5_01_2026,51.6,51.6.MP4,day_4_5_01_2026_51.6_frame000000.jpg,0,0,0:00:00
day_4_5_01_2026_51.6,day_4_5_01_2026,51.6,51.6.MP4,day_4_5_01_2026_51.6_frame000001.jpg,1,120,0:02:00
day_4_5_01_2026_51.6,day_4_5_01_2026,51.6,51.6.MP4,day_4_5_01_2026_51.6_frame000002.jpg,2,240,0:04:00
day_4_5_01_2026_51.6,day_4_5_01_2026,51.6,51.6.MP4,day_4_5_01_2026_51.6_frame000003.jpg,3,360,0:06:00
day_4_5_01_2026_51.6,day_4_5_01_2026,51.6,51.6.MP4,day_4_5_01_2026_51.6_frame000004.jpg,4,480,0:08:00
day_4_5_01_2026_51.6,day_4_5_01_2026,51.6,51.6.MP4,day_4_5_01_2026_51.6_frame000005.jpg,5,600,0:10:00
day_4_5_01_2026_51.6,day_4_5_01_2026,51.6,51.6.MP4,day_4_5_01_2026_51.6_frame000006.jpg,6,720,0:12:00
day_4_5_01_2026_51.7,day_4_5_01_2026,51.7,51.7.MP4,day_4_5_01_2026_51.7_frame000000.jpg,0,0,0:00:00
day_4_5_01_2026_51.7,day_4_5_01_2026,51.7,51.7.MP4,day_4_5_01_2026_51.7_frame000001.jpg,1,120,0:02:00
day_4_5_01_2026_51.7,day_4_5_01_2026,51.7,51.7.MP4,day_4_5_01_2026_51.7_frame000002.jpg,2,240,0:04:00
day_4_5_01_2026_58.10,day_4_5_01_2026,58.10,58.10.MP4,day_4_5_01_2026_58.10_frame000000.jpg,0,0,0:00:00
day_4_5_01_2026_58.10,day_4_5_01_2026,58.10,58.10.MP4,day_4_5_01_2026_58.10_frame000001.jpg,1,120,0:02:00
day_4_5_01_2026_58.10,day_4_5_01_2026,58.10,58.10.MP4,day_4_5_01_2026_58.10_frame000002.jpg,2,240,0:04:00
day_4_5_01_2026_58.10,day_4_5_01_2026,58.10,58.10.MP4,day_4_5_01_2026_58.10_frame000003.jpg,3,360,0:06:00
day_4_5_01_2026_58.10,day_4_5_01_2026,58.10,58.10.MP4,day_4_5_01_2026_58.10_frame000004.jpg,4,480,0:08:00
day_4_5_01_2026_58.10,day_4_5_01_2026,58.10,58.10.MP4,day_4_5_01_2026_58.10_frame000005.jpg,5,600,0:10:00
day_4_5_01_2026_58.10,day_4_5_01_2026,58.10,58.10.MP4,day_4_5_01_2026_58.10_frame000006.jpg,6,720,0:12:00
day_4_5_01_2026_58.11,day_4_5_01_2026,58.11,58.11.MP4,day_4_5_01_2026_58.11_frame000000.jpg,0,0,0:00:00
day_4_5_01_2026_58.11,day_4_5_01_2026,58.11,58.11.MP4,day_4_5_01_2026_58.11_frame000001.jpg,1,120,0:02:00
day_4_5_01_2026_58.11,day_4_5_01_2026,58.11,58.11.MP4,day_4_5_01_2026_58.11_frame000002.jpg,2,240,0:04:00
day_4_5_01_2026_58.11,day_4_5_01_2026,58.11,58.11.MP4,day_4_5_01_2026_58.11_frame000003.jpg,3,360,0:06:00
day_4_5_01_2026_58.11,day_4_5_01_2026,58.11,58.11.MP4,day_4_5_01_2026_58.11_frame000004.jpg,4,480,0:08:00
day_4_5_01_2026_58.11,day_4_5_01_2026,58.11,58.11.MP4,day_4_5_01_2026_58.11_frame000005.jpg,5,600,0:10:00
day_4_5_01_2026_58.11,day_4_5_01_2026,58.11,58.11.MP4,day_4_5_01_2026_58.11_frame000006.jpg,6,720,0:12:00
day_4_5_01_2026_58.12,day_4_5_01_2026,58.12,58.12.MP4,day_4_5_01_2026_58.12_frame000000.jpg,0,0,0:00:00
day_4_5_01_2026_58.12,day_4_5_01_2026,58.12,58.12.MP4,day_4_5_01_2026_58.12_frame000001.jpg,1,120,0:02:00
day_4_5_01_2026_58.12,day_4_5_01_2026,58.12,58.12.MP4,day_4_5_01_2026_58.12_frame000002.jpg,2,240,0:04:00
day_4_5_01_2026_58.12,day_4_5_01_2026,58.12,58.12.MP4,day_4_5_01_2026_58.12_frame000003.jpg,3,360,0:06:00
day_4_5_01_2026_58.12,day_4_5_01_2026,58.12,58.12.MP4,day_4_5_01_2026_58.12_frame000004.jpg,4,480,0:08:00
day_4_5_01_2026_58.12,day_4_5_01_2026,58.12,58.12.MP4,day_4_5_01_2026_58.12_frame000005.jpg,5,600,0:10:00
day_4_5_01_2026_58.1,day_4_5_01_2026,58.1,58.1.MP4,day_4_5_01_2026_58.1_frame000000.jpg,0,0,0:00:00
day_4_5_01_2026_58.1,day_4_5_01_2026,58.1,58.1.MP4,day_4_5_01_2026_58.1_frame000001.jpg,1,120,0:02:00
day_4_5_01_2026_58.1,day_4_5_01_2026,58.1,58.1.MP4,day_4_5_01_2026_58.1_frame000002.jpg,2,240,0:04:00
day_4_5_01_2026_58.1,day_4_5_01_2026,58.1,58.1.MP4,day_4_5_01_2026_58.1_frame000003.jpg,3,360,0:06:00
day_4_5_01_2026_58.1,day_4_5_01_2026,58.1,58.1.MP4,day_4_5_01_2026_58.1_frame000004.jpg,4,480,0:08:00
day_4_5_01_2026_58.2,day_4_5_01_2026,58.2,58.2.MP4,day_4_5_01_2026_58.2_frame000000.jpg,0,0,0:00:00
day_4_5_01_2026_58.2,day_4_5_01_2026,58.2,58.2.MP4,day_4_5_01_2026_58.2_frame000001.jpg,1,120,0:02:00
day_4_5_01_2026_58.2,day_4_5_01_2026,58.2,58.2.MP4,day_4_5_01_2026_58.2_frame000002.jpg,2,240,0:04:00
day_4_5_01_2026_58.2,day_4_5_01_2026,58.2,58.2.MP4,day_4_5_01_2026_58.2_frame000003.jpg,3,360,0:06:00
day_4_5_01_2026_58.2,day_4_5_01_2026,58.2,58.2.MP4,day_4_5_01_2026_58.2_frame000004.jpg,4,480,0:08:00
day_4_5_01_2026_58.2,day_4_5_01_2026,58.2,58.2.MP4,day_4_5_01_2026_58.2_frame000005.jpg,5,600,0:10:00
day_4_5_01_2026_58.2,day_4_5_01_2026,58.2,58.2.MP4,day_4_5_01_2026_58.2_frame000006.jpg,6,720,0:12:00
day_4_5_01_2026_58.3,day_4_5_01_2026,58.3,58.3.MP4,day_4_5_01_2026_58.3_frame000000.jpg,0,0,0:00:00
day_4_5_01_2026_58.3,day_4_5_01_2026,58.3,58.3.MP4,day_4_5_01_2026_58.3_frame000001.jpg,1,120,0:02:00
day_4_5_01_2026_58.3,day_4_5_01_2026,58.3,58.3.MP4,day_4_5_01_2026_58.3_frame000002.jpg,2,240,0:04:00
day_4_5_01_2026_58.3,day_4_5_01_2026,58.3,58.3.MP4,day_4_5_01_2026_58.3_frame000003.jpg,3,360,0:06:00
day_4_5_01_2026_58.3,day_4_5_01_2026,58.3,58.3.MP4,day_4_5_01_2026_58.3_frame000004.jpg,4,480,0:08:00
day_4_5_01_2026_58.3,day_4_5_01_2026,58.3,58.3.MP4,day_4_5_01_2026_58.3_frame000005.jpg,5,600,0:10:00
day_4_5_01_2026_58.3,day_4_5_01_2026,58.3,58.3.MP4,day_4_5_01_2026_58.3_frame000006.jpg,6,720,0:12:00
day_4_5_01_2026_58.4,day_4_5_01_2026,58.4,58.4.MP4,day_4_5_01_2026_58.4_frame000000.jpg,0,0,0:00:00
day_4_5_01_2026_58.4,day_4_5_01_2026,58.4,58.4.MP4,day_4_5_01_2026_58.4_frame000001.jpg,1,120,0:02:00
day_4_5_01_2026_58.4,day_4_5_01_2026,58.4,58.4.MP4,day_4_5_01_2026_58.4_frame000002.jpg,2,240,0:04:00
day_4_5_01_2026_58.5,day_4_5_01_2026,58.5,58.5.MP4,day_4_5_01_2026_58.5_frame000000.jpg,0,0,0:00:00
day_4_5_01_2026_58.5,day_4_5_01_2026,58.5,58.5.MP4,day_4_5_01_2026_58.5_frame000001.jpg,1,120,0:02:00
day_4_5_01_2026_58.5,day_4_5_01_2026,58.5,58.5.MP4,day_4_5_01_2026_58.5_frame000002.jpg,2,240,0:04:00
day_4_5_01_2026_58.5,day_4_5_01_2026,58.5,58.5.MP4,day_4_5_01_2026_58.5_frame000003.jpg,3,360,0:06:00
day_4_5_01_2026_58.5,day_4_5_01_2026,58.5,58.5.MP4,day_4_5_01_2026_58.5_frame000004.jpg,4,480,0:08:00
day_4_5_01_2026_58.5,day_4_5_01_2026,58.5,58.5.MP4,day_4_5_01_2026_58.5_frame000005.jpg,5,600,0:10:00
day_4_5_01_2026_58.5,day_4_5_01_2026,58.5,58.5.MP4,day_4_5_01_2026_58.5_frame000006.jpg,6,720,0:12:00
day_4_5_01_2026_58.6,day_4_5_01_2026,58.6,58.6.MP4,day_4_5_01_2026_58.6_frame000000.jpg,0,0,0:00:00
day_4_5_01_2026_58.6,day_4_5_01_2026,58.6,58.6.MP4,day_4_5_01_2026_58.6_frame000001.jpg,1,120,0:02:00
day_4_5_01_2026_58.6,day_4_5_01_2026,58.6,58.6.MP4,day_4_5_01_2026_58.6_frame000002.jpg,2,240,0:04:00
day_4_5_01_2026_58.6,day_4_5_01_2026,58.6,58.6.MP4,day_4_5_01_2026_58.6_frame000003.jpg,3,360,0:06:00
day_4_5_01_2026_58.6,day_4_5_01_2026,58.6,58.6.MP4,day_4_5_01_2026_58.6_frame000004.jpg,4,480,0:08:00
day_4_5_01_2026_58.6,day_4_5_01_2026,58.6,58.6.MP4,day_4_5_01_2026_58.6_frame000005.jpg,5,600,0:10:00
day_4_5_01_2026_58.6,day_4_5_01_2026,58.6,58.6.MP4,day_4_5_01_2026_58.6_frame000006.jpg,6,720,0:12:00
day_4_5_01_2026_58.7,day_4_5_01_2026,58.7,58.7.MP4,day_4_5_01_2026_58.7_frame000000.jpg,0,0,0:00:00
day_4_5_01_2026_58.8,day_4_5_01_2026,58.8,58.8.MP4,day_4_5_01_2026_58.8_frame000000.jpg,0,0,0:00:00
day_4_5_01_2026_58.8,day_4_5_01_2026,58.8,58.8.MP4,day_4_5_01_2026_58.8_frame000001.jpg,1,120,0:02:00
day_4_5_01_2026_58.8,day_4_5_01_2026,58.8,58.8.MP4,day_4_5_01_2026_58.8_frame000002.jpg,2,240,0:04:00
day_4_5_01_2026_58.8,day_4_5_01_2026,58.8,58.8.MP4,day_4_5_01_2026_58.8_frame000003.jpg,3,360,0:06:00
day_4_5_01_2026_58.8,day_4_5_01_2026,58.8,58.8.MP4,day_4_5_01_2026_58.8_frame000004.jpg,4,480,0:08:00
day_4_5_01_2026_58.8,day_4_5_01_2026,58.8,58.8.MP4,day_4_5_01_2026_58.8_frame000005.jpg,5,600,0:10:00
day_4_5_01_2026_58.8,day_4_5_01_2026,58.8,58.8.MP4,day_4_5_01_2026_58.8_frame000006.jpg,6,720,0:12:00
day_4_5_01_2026_58.9,day_4_5_01_2026,58.9,58.9.MP4,day_4_5_01_2026_58.9_frame000000.jpg,0,0,0:00:00
day_4_5_01_2026_58.9,day_4_5_01_2026,58.9,58.9.MP4,day_4_5_01_2026_58.9_frame000001.jpg,1,120,0:02:00
day_4_5_01_2026_58.9,day_4_5_01_2026,58.9,58.9.MP4,day_4_5_01_2026_58.9_frame000002.jpg,2,240,0:04:00
day_4_5_01_2026_58.9,day_4_5_01_2026,58.9,58.9.MP4,day_4_5_01_2026_58.9_frame000003.jpg,3,360,0:06:00
day_4_5_01_2026_58.9,day_4_5_01_2026,58.9,58.9.MP4,day_4_5_01_2026_58.9_frame000004.jpg,4,480,0:08:00
day_4_5_01_2026_58.9,day_4_5_01_2026,58.9,58.9.MP4,day_4_5_01_2026_58.9_frame000005.jpg,5,600,0:10:00
day_4_5_01_2026_58.9,day_4_5_01_2026,58.9,58.9.MP4,day_4_5_01_2026_58.9_frame000006.jpg,6,720,0:12:00
day_4_5_01_2026_59.10,day_4_5_01_2026,59.10,59.10.MP4,day_4_5_01_2026_59.10_frame000000.jpg,0,0,0:00:00
day_4_5_01_2026_59.10,day_4_5_01_2026,59.10,59.10.MP4,day_4_5_01_2026_59.10_frame000001.jpg,1,120,0:02:00
day_4_5_01_2026_59.10,day_4_5_01_2026,59.10,59.10.MP4,day_4_5_01_2026_59.10_frame000002.jpg,2,240,0:04:00
day_4_5_01_2026_59.10,day_4_5_01_2026,59.10,59.10.MP4,day_4_5_01_2026_59.10_frame000003.jpg,3,360,0:06:00
day_4_5_01_2026_59.10,day_4_5_01_2026,59.10,59.10.MP4,day_4_5_01_2026_59.10_frame000004.jpg,4,480,0:08:00
day_4_5_01_2026_59.10,day_4_5_01_2026,59.10,59.10.MP4,day_4_5_01_2026_59.10_frame000005.jpg,5,600,0:10:00
day_4_5_01_2026_59.10,day_4_5_01_2026,59.10,59.10.MP4,day_4_5_01_2026_59.10_frame000006.jpg,6,720,0:12:00
day_4_5_01_2026_59.11,day_4_5_01_2026,59.11,59.11.MP4,day_4_5_01_2026_59.11_frame000000.jpg,0,0,0:00:00
day_4_5_01_2026_59.2,day_4_5_01_2026,59.2,59.2.MP4,day_4_5_01_2026_59.2_frame000000.jpg,0,0,0:00:00
day_4_5_01_2026_59.2,day_4_5_01_2026,59.2,59.2.MP4,day_4_5_01_2026_59.2_frame000001.jpg,1,120,0:02:00
day_4_5_01_2026_59.2,day_4_5_01_2026,59.2,59.2.MP4,day_4_5_01_2026_59.2_frame000002.jpg,2,240,0:04:00
day_4_5_01_2026_59.3,day_4_5_01_2026,59.3,59.3.MP4,day_4_5_01_2026_59.3_frame000000.jpg,0,0,0:00:00
day_4_5_01_2026_59.3,day_4_5_01_2026,59.3,59.3.MP4,day_4_5_01_2026_59.3_frame000001.jpg,1,120,0:02:00
day_4_5_01_2026_59.3,day_4_5_01_2026,59.3,59.3.MP4,day_4_5_01_2026_59.3_frame000002.jpg,2,240,0:04:00
day_4_5_01_2026_59.3,day_4_5_01_2026,59.3,59.3.MP4,day_4_5_01_2026_59.3_frame000003.jpg,3,360,0:06:00
day_4_5_01_2026_59.3,day_4_5_01_2026,59.3,59.3.MP4,day_4_5_01_2026_59.3_frame000004.jpg,4,480,0:08:00
day_4_5_01_2026_59.3,day_4_5_01_2026,59.3,59.3.MP4,day_4_5_01_2026_59.3_frame000005.jpg,5,600,0:10:00
day_4_5_01_2026_59.3,day_4_5_01_2026,59.3,59.3.MP4,day_4_5_01_2026_59.3_frame000006.jpg,6,720,0:12:00
day_4_5_01_2026_59.4,day_4_5_01_2026,59.4,59.4.MP4,day_4_5_01_2026_59.4_frame000000.jpg,0,0,0:00:00
day_4_5_01_2026_59.5,day_4_5_01_2026,59.5,59.5.MP4,day_4_5_01_2026_59.5_frame000000.jpg,0,0,0:00:00
day_4_5_01_2026_59.6,day_4_5_01_2026,59.6,59.6.MP4,day_4_5_01_2026_59.6_frame000000.jpg,0,0,0:00:00
day_4_5_01_2026_59.6,day_4_5_01_2026,59.6,59.6.MP4,day_4_5_01_2026_59.6_frame000001.jpg,1,120,0:02:00
day_4_5_01_2026_59.6,day_4_5_01_2026,59.6,59.6.MP4,day_4_5_01_2026_59.6_frame000002.jpg,2,240,0:04:00
day_4_5_01_2026_59.6,day_4_5_01_2026,59.6,59.6.MP4,day_4_5_01_2026_59.6_frame000003.jpg,3,360,0:06:00
day_4_5_01_2026_59.6,day_4_5_01_2026,59.6,59.6.MP4,day_4_5_01_2026_59.6_frame000004.jpg,4,480,0:08:00
day_4_5_01_2026_59.6,day_4_5_01_2026,59.6,59.6.MP4,day_4_5_01_2026_59.6_frame000005.jpg,5,600,0:10:00
day_4_5_01_2026_59.6,day_4_5_01_2026,59.6,59.6.MP4,day_4_5_01_2026_59.6_frame000006.jpg,6,720,0:12:00
day_4_5_01_2026_59.7,day_4_5_01_2026,59.7,59.7.MP4,day_4_5_01_2026_59.7_frame000000.jpg,0,0,0:00:00
day_4_5_01_2026_59.7,day_4_5_01_2026,59.7,59.7.MP4,day_4_5_01_2026_59.7_frame000001.jpg,1,120,0:02:00
day_4_5_01_2026_59.7,day_4_5_01_2026,59.7,59.7.MP4,day_4_5_01_2026_59.7_frame000002.jpg,2,240,0:04:00
day_4_5_01_2026_59.7,day_4_5_01_2026,59.7,59.7.MP4,day_4_5_01_2026_59.7_frame000003.jpg,3,360,0:06:00
day_4_5_01_2026_59.7,day_4_5_01_2026,59.7,59.7.MP4,day_4_5_01_2026_59.7_frame000004.jpg,4,480,0:08:00
day_4_5_01_2026_59.7,day_4_5_01_2026,59.7,59.7.MP4,day_4_5_01_2026_59.7_frame000005.jpg,5,600,0:10:00
day_4_5_01_2026_59.7,day_4_5_01_2026,59.7,59.7.MP4,day_4_5_01_2026_59.7_frame000006.jpg,6,720,0:12:00
day_4_5_01_2026_59.8,day_4_5_01_2026,59.8,59.8.MP4,day_4_5_01_2026_59.8_frame000000.jpg,0,0,0:00:00
day_4_5_01_2026_59.9,day_4_5_01_2026,59.9,59.9.MP4,day_4_5_01_2026_59.9_frame000000.jpg,0,0,0:00:00
day_4_5_01_2026_59.9,day_4_5_01_2026,59.9,59.9.MP4,day_4_5_01_2026_59.9_frame000001.jpg,1,120,0:02:00
day_4_5_01_2026_59.9,day_4_5_01_2026,59.9,59.9.MP4,day_4_5_01_2026_59.9_frame000002.jpg,2,240,0:04:00
day_4_5_01_2026_59.9,day_4_5_01_2026,59.9,59.9.MP4,day_4_5_01_2026_59.9_frame000003.jpg,3,360,0:06:00
day_4_5_01_2026_59.9,day_4_5_01_2026,59.9,59.9.MP4,day_4_5_01_2026_59.9_frame000004.jpg,4,480,0:08:00
day_4_5_01_2026_59.9,day_4_5_01_2026,59.9,59.9.MP4,day_4_5_01_2026_59.9_frame000005.jpg,5,600,0:10:00
day_4_5_01_2026_59.9,day_4_5_01_2026,59.9,59.9.MP4,day_4_5_01_2026_59.9_frame000006.jpg,6,720,0:12:00
day_4_5_01_2026_64.1,day_4_5_01_2026,64.1,64.1.MP4,day_4_5_01_2026_64.1_frame000000.jpg,0,0,0:00:00
day_4_5_01_2026_64.1,day_4_5_01_2026,64.1,64.1.MP4,day_4_5_01_2026_64.1_frame000001.jpg,1,120,0:02:00
day_4_5_01_2026_64.2,day_4_5_01_2026,64.2,64.2.MP4,day_4_5_01_2026_64.2_frame000000.jpg,0,0,0:00:00
day_4_5_01_2026_64.2,day_4_5_01_2026,64.2,64.2.MP4,day_4_5_01_2026_64.2_frame000001.jpg,1,120,0:02:00
day_4_5_01_2026_64.2,day_4_5_01_2026,64.2,64.2.MP4,day_4_5_01_2026_64.2_frame000002.jpg,2,240,0:04:00
day_4_5_01_2026_64.2,day_4_5_01_2026,64.2,64.2.MP4,day_4_5_01_2026_64.2_frame000003.jpg,3,360,0:06:00
day_4_5_01_2026_64.2,day_4_5_01_2026,64.2,64.2.MP4,day_4_5_01_2026_64.2_frame000004.jpg,4,480,0:08:00
day_4_5_01_2026_64.2,day_4_5_01_2026,64.2,64.2.MP4,day_4_5_01_2026_64.2_frame000005.jpg,5,600,0:10:00
day_4_5_01_2026_64.3,day_4_5_01_2026,64.3,64.3.MP4,day_4_5_01_2026_64.3_frame000000.jpg,0,0,0:00:00
day_4_5_01_2026_64.3,day_4_5_01_2026,64.3,64.3.MP4,day_4_5_01_2026_64.3_frame000001.jpg,1,120,0:02:00
day_4_5_01_2026_64.3,day_4_5_01_2026,64.3,64.3.MP4,day_4_5_01_2026_64.3_frame000002.jpg,2,240,0:04:00
day_4_5_01_2026_64.3,day_4_5_01_2026,64.3,64.3.MP4,day_4_5_01_2026_64.3_frame000003.jpg,3,360,0:06:00
day_4_5_01_2026_64.3,day_4_5_01_2026,64.3,64.3.MP4,day_4_5_01_2026_64.3_frame000004.jpg,4,480,0:08:00
day_4_5_01_2026_64.3,day_4_5_01_2026,64.3,64.3.MP4,day_4_5_01_2026_64.3_frame000005.jpg,5,600,0:10:00
day_4_5_01_2026_64.3,day_4_5_01_2026,64.3,64.3.MP4,day_4_5_01_2026_64.3_frame000006.jpg,6,720,0:12:00
day_4_5_01_2026_64.4,day_4_5_01_2026,64.4,64.4.MP4,day_4_5_01_2026_64.4_frame000000.jpg,0,0,0:00:00
day_4_5_01_2026_64.4,day_4_5_01_2026,64.4,64.4.MP4,day_4_5_01_2026_64.4_frame000001.jpg,1,120,0:02:00
day_4_5_01_2026_64.4,day_4_5_01_2026,64.4,64.4.MP4,day_4_5_01_2026_64.4_frame000002.jpg,2,240,0:04:00
day_4_5_01_2026_64.4,day_4_5_01_2026,64.4,64.4.MP4,day_4_5_01_2026_64.4_frame000003.jpg,3,360,0:06:00
day_4_5_01_2026_64.4,day_4_5_01_2026,64.4,64.4.MP4,day_4_5_01_2026_64.4_frame000004.jpg,4,480,0:08:00
day_4_5_01_2026_64.4,day_4_5_01_2026,64.4,64.4.MP4,day_4_5_01_2026_64.4_frame000005.jpg,5,600,0:10:00
day_4_5_01_2026_64.4,day_4_5_01_2026,64.4,64.4.MP4,day_4_5_01_2026_64.4_frame000006.jpg,6,720,0:12:00
day_4_5_01_2026_64.5,day_4_5_01_2026,64.5,64.5.MP4,day_4_5_01_2026_64.5_frame000000.jpg,0,0,0:00:00
day_4_5_01_2026_64.5,day_4_5_01_2026,64.5,64.5.MP4,day_4_5_01_2026_64.5_frame000001.jpg,1,120,0:02:00
day_4_5_01_2026_64.5,day_4_5_01_2026,64.5,64.5.MP4,day_4_5_01_2026_64.5_frame000002.jpg,2,240,0:04:00
day_4_5_01_2026_64.5,day_4_5_01_2026,64.5,64.5.MP4,day_4_5_01_2026_64.5_frame000003.jpg,3,360,0:06:00
day_4_5_01_2026_64.5,day_4_5_01_2026,64.5,64.5.MP4,day_4_5_01_2026_64.5_frame000004.jpg,4,480,0:08:00
day_4_5_01_2026_64.5,day_4_5_01_2026,64.5,64.5.MP4,day_4_5_01_2026_64.5_frame000005.jpg,5,600,0:10:00
day_4_5_01_2026_64.5,day_4_5_01_2026,64.5,64.5.MP4,day_4_5_01_2026_64.5_frame000006.jpg,6,720,0:12:00
day_4_5_01_2026_64.6,day_4_5_01_2026,64.6,64.6.MP4,day_4_5_01_2026_64.6_frame000000.jpg,0,0,0:00:00
day_4_5_01_2026_64.6,day_4_5_01_2026,64.6,64.6.MP4,day_4_5_01_2026_64.6_frame000001.jpg,1,120,0:02:00
day_4_5_01_2026_64.6,day_4_5_01_2026,64.6,64.6.MP4,day_4_5_01_2026_64.6_frame000002.jpg,2,240,0:04:00
day_4_5_01_2026_64.6,day_4_5_01_2026,64.6,64.6.MP4,day_4_5_01_2026_64.6_frame000003.jpg,3,360,0:06:00
day_4_5_01_2026_64.6,day_4_5_01_2026,64.6,64.6.MP4,day_4_5_01_2026_64.6_frame000004.jpg,4,480,0:08:00
day_4_5_01_2026_64.6,day_4_5_01_2026,64.6,64.6.MP4,day_4_5_01_2026_64.6_frame000005.jpg,5,600,0:10:00
day_4_5_01_2026_64.6,day_4_5_01_2026,64.6,64.6.MP4,day_4_5_01_2026_64.6_frame000006.jpg,6,720,0:12:00
day_4_5_01_2026_64.7,day_4_5_01_2026,64.7,64.7.MP4,day_4_5_01_2026_64.7_frame000000.jpg,0,0,0:00:00
day_5_5_03_2026_52.1,day_5_5_03_2026,52.1,52.1.MP4,day_5_5_03_2026_52.1_frame000000.jpg,0,0,0:00:00
day_5_5_03_2026_52.1,day_5_5_03_2026,52.1,52.1.MP4,day_5_5_03_2026_52.1_frame000001.jpg,1,120,0:02:00
day_5_5_03_2026_52.1,day_5_5_03_2026,52.1,52.1.MP4,day_5_5_03_2026_52.1_frame000002.jpg,2,240,0:04:00
day_5_5_03_2026_52.1,day_5_5_03_2026,52.1,52.1.MP4,day_5_5_03_2026_52.1_frame000003.jpg,3,360,0:06:00
day_5_5_03_2026_52.1,day_5_5_03_2026,52.1,52.1.MP4,day_5_5_03_2026_52.1_frame000004.jpg,4,480,0:08:00
day_5_5_03_2026_52.1,day_5_5_03_2026,52.1,52.1.MP4,day_5_5_03_2026_52.1_frame000005.jpg,5,600,0:10:00
day_5_5_03_2026_52.1,day_5_5_03_2026,52.1,52.1.MP4,day_5_5_03_2026_52.1_frame000006.jpg,6,720,0:12:00
day_5_5_03_2026_52.1,day_5_5_03_2026,52.1,52.1.MP4,day_5_5_03_2026_52.1_frame000007.jpg,7,840,0:14:00
day_5_5_03_2026_52.1,day_5_5_03_2026,52.1,52.1.MP4,day_5_5_03_2026_52.1_frame000008.jpg,8,960,0:16:00
day_5_5_03_2026_52.2,day_5_5_03_2026,52.2,52.2.MP4,day_5_5_03_2026_52.2_frame000000.jpg,0,0,0:00:00
day_5_5_03_2026_52.2,day_5_5_03_2026,52.2,52.2.MP4,day_5_5_03_2026_52.2_frame000001.jpg,1,120,0:02:00
day_5_5_03_2026_52.2,day_5_5_03_2026,52.2,52.2.MP4,day_5_5_03_2026_52.2_frame000002.jpg,2,240,0:04:00
day_5_5_03_2026_52.2,day_5_5_03_2026,52.2,52.2.MP4,day_5_5_03_2026_52.2_frame000003.jpg,3,360,0:06:00
day_5_5_03_2026_52.2,day_5_5_03_2026,52.2,52.2.MP4,day_5_5_03_2026_52.2_frame000004.jpg,4,480,0:08:00
day_5_5_03_2026_52.2,day_5_5_03_2026,52.2,52.2.MP4,day_5_5_03_2026_52.2_frame000005.jpg,5,600,0:10:00
day_5_5_03_2026_52.2,day_5_5_03_2026,52.2,52.2.MP4,day_5_5_03_2026_52.2_frame000006.jpg,6,720,0:12:00
day_5_5_03_2026_52.2,day_5_5_03_2026,52.2,52.2.MP4,day_5_5_03_2026_52.2_frame000007.jpg,7,840,0:14:00
day_5_5_03_2026_52.2,day_5_5_03_2026,52.2,52.2.MP4,day_5_5_03_2026_52.2_frame000008.jpg,8,960,0:16:00
day_5_5_03_2026_52.2,day_5_5_03_2026,52.2,52.2.MP4,day_5_5_03_2026_52.2_frame000009.jpg,9,1080,0:18:00
day_5_5_03_2026_52.3,day_5_5_03_2026,52.3,52.3.MP4,day_5_5_03_2026_52.3_frame000000.jpg,0,0,0:00:00
day_5_5_03_2026_52.3,day_5_5_03_2026,52.3,52.3.MP4,day_5_5_03_2026_52.3_frame000001.jpg,1,120,0:02:00
day_5_5_03_2026_52.3,day_5_5_03_2026,52.3,52.3.MP4,day_5_5_03_2026_52.3_frame000002.jpg,2,240,0:04:00
day_5_5_03_2026_52.3,day_5_5_03_2026,52.3,52.3.MP4,day_5_5_03_2026_52.3_frame000003.jpg,3,360,0:06:00
day_5_5_03_2026_52.3,day_5_5_03_2026,52.3,52.3.MP4,day_5_5_03_2026_52.3_frame000004.jpg,4,480,0:08:00
day_5_5_03_2026_52.3,day_5_5_03_2026,52.3,52.3.MP4,day_5_5_03_2026_52.3_frame000005.jpg,5,600,0:10:00
day_5_5_03_2026_52.3,day_5_5_03_2026,52.3,52.3.MP4,day_5_5_03_2026_52.3_frame000006.jpg,6,720,0:12:00
day_5_5_03_2026_52.3,day_5_5_03_2026,52.3,52.3.MP4,day_5_5_03_2026_52.3_frame000007.jpg,7,840,0:14:00
day_5_5_03_2026_52.3,day_5_5_03_2026,52.3,52.3.MP4,day_5_5_03_2026_52.3_frame000008.jpg,8,960,0:16:00
day_5_5_03_2026_52.3,day_5_5_03_2026,52.3,52.3.MP4,day_5_5_03_2026_52.3_frame000009.jpg,9,1080,0:18:00
day_5_5_03_2026_52.4,day_5_5_03_2026,52.4,52.4.MP4,day_5_5_03_2026_52.4_frame000000.jpg,0,0,0:00:00
day_5_5_03_2026_52.4,day_5_5_03_2026,52.4,52.4.MP4,day_5_5_03_2026_52.4_frame000001.jpg,1,120,0:02:00
day_5_5_03_2026_52.4,day_5_5_03_2026,52.4,52.4.MP4,day_5_5_03_2026_52.4_frame000002.jpg,2,240,0:04:00
day_5_5_03_2026_52.4,day_5_5_03_2026,52.4,52.4.MP4,day_5_5_03_2026_52.4_frame000003.jpg,3,360,0:06:00
day_5_5_03_2026_52.4,day_5_5_03_2026,52.4,52.4.MP4,day_5_5_03_2026_52.4_frame000004.jpg,4,480,0:08:00
day_5_5_03_2026_52.4,day_5_5_03_2026,52.4,52.4.MP4,day_5_5_03_2026_52.4_frame000005.jpg,5,600,0:10:00
day_5_5_03_2026_52.4,day_5_5_03_2026,52.4,52.4.MP4,day_5_5_03_2026_52.4_frame000006.jpg,6,720,0:12:00
day_5_5_03_2026_52.4,day_5_5_03_2026,52.4,52.4.MP4,day_5_5_03_2026_52.4_frame000007.jpg,7,840,0:14:00
day_5_5_03_2026_52.4,day_5_5_03_2026,52.4,52.4.MP4,day_5_5_03_2026_52.4_frame000008.jpg,8,960,0:16:00
day_5_5_03_2026_52.4,day_5_5_03_2026,52.4,52.4.MP4,day_5_5_03_2026_52.4_frame000009.jpg,9,1080,0:18:00
day_5_5_03_2026_52.5,day_5_5_03_2026,52.5,52.5.MP4,day_5_5_03_2026_52.5_frame000000.jpg,0,0,0:00:00
day_5_5_03_2026_52.5,day_5_5_03_2026,52.5,52.5.MP4,day_5_5_03_2026_52.5_frame000001.jpg,1,120,0:02:00
day_5_5_03_2026_52.5,day_5_5_03_2026,52.5,52.5.MP4,day_5_5_03_2026_52.5_frame000002.jpg,2,240,0:04:00
day_5_5_03_2026_52.5,day_5_5_03_2026,52.5,52.5.MP4,day_5_5_03_2026_52.5_frame000003.jpg,3,360,0:06:00
day_5_5_03_2026_52.5,day_5_5_03_2026,52.5,52.5.MP4,day_5_5_03_2026_52.5_frame000004.jpg,4,480,0:08:00
day_5_5_03_2026_52.5,day_5_5_03_2026,52.5,52.5.MP4,day_5_5_03_2026_52.5_frame000005.jpg,5,600,0:10:00
day_5_5_03_2026_52.5,day_5_5_03_2026,52.5,52.5.MP4,day_5_5_03_2026_52.5_frame000006.jpg,6,720,0:12:00
day_5_5_03_2026_52.5,day_5_5_03_2026,52.5,52.5.MP4,day_5_5_03_2026_52.5_frame000007.jpg,7,840,0:14:00
day_5_5_03_2026_52.5,day_5_5_03_2026,52.5,52.5.MP4,day_5_5_03_2026_52.5_frame000008.jpg,8,960,0:16:00
day_5_5_03_2026_52.5,day_5_5_03_2026,52.5,52.5.MP4,day_5_5_03_2026_52.5_frame000009.jpg,9,1080,0:18:00
day_5_5_03_2026_52.6,day_5_5_03_2026,52.6,52.6.MP4,day_5_5_03_2026_52.6_frame000000.jpg,0,0,0:00:00
day_5_5_03_2026_52.6,day_5_5_03_2026,52.6,52.6.MP4,day_5_5_03_2026_52.6_frame000001.jpg,1,120,0:02:00
day_5_5_03_2026_52.6,day_5_5_03_2026,52.6,52.6.MP4,day_5_5_03_2026_52.6_frame000002.jpg,2,240,0:04:00
day_5_5_03_2026_52.6,day_5_5_03_2026,52.6,52.6.MP4,day_5_5_03_2026_52.6_frame000003.jpg,3,360,0:06:00
day_5_5_03_2026_52.6,day_5_5_03_2026,52.6,52.6.MP4,day_5_5_03_2026_52.6_frame000004.jpg,4,480,0:08:00
day_5_5_03_2026_52.6,day_5_5_03_2026,52.6,52.6.MP4,day_5_5_03_2026_52.6_frame000005.jpg,5,600,0:10:00
day_5_5_03_2026_52.6,day_5_5_03_2026,52.6,52.6.MP4,day_5_5_03_2026_52.6_frame000006.jpg,6,720,0:12:00
day_5_5_03_2026_52.6,day_5_5_03_2026,52.6,52.6.MP4,day_5_5_03_2026_52.6_frame000007.jpg,7,840,0:14:00
day_5_5_03_2026_52.6,day_5_5_03_2026,52.6,52.6.MP4,day_5_5_03_2026_52.6_frame000008.jpg,8,960,0:16:00
day_5_5_03_2026_52.6,day_5_5_03_2026,52.6,52.6.MP4,day_5_5_03_2026_52.6_frame000009.jpg,9,1080,0:18:00
day_5_5_03_2026_66.1,day_5_5_03_2026,66.1,66.1.MP4,day_5_5_03_2026_66.1_frame000000.jpg,0,0,0:00:00
day_5_5_03_2026_66.1,day_5_5_03_2026,66.1,66.1.MP4,day_5_5_03_2026_66.1_frame000001.jpg,1,120,0:02:00
day_5_5_03_2026_66.1,day_5_5_03_2026,66.1,66.1.MP4,day_5_5_03_2026_66.1_frame000002.jpg,2,240,0:04:00
day_5_5_03_2026_66.1,day_5_5_03_2026,66.1,66.1.MP4,day_5_5_03_2026_66.1_frame000003.jpg,3,360,0:06:00
day_5_5_03_2026_66.1,day_5_5_03_2026,66.1,66.1.MP4,day_5_5_03_2026_66.1_frame000004.jpg,4,480,0:08:00
day_5_5_03_2026_66.1,day_5_5_03_2026,66.1,66.1.MP4,day_5_5_03_2026_66.1_frame000005.jpg,5,600,0:10:00
day_5_5_03_2026_66.1,day_5_5_03_2026,66.1,66.1.MP4,day_5_5_03_2026_66.1_frame000006.jpg,6,720,0:12:00
day_5_5_03_2026_66.1,day_5_5_03_2026,66.1,66.1.MP4,day_5_5_03_2026_66.1_frame000007.jpg,7,840,0:14:00
day_5_5_03_2026_66.1,day_5_5_03_2026,66.1,66.1.MP4,day_5_5_03_2026_66.1_frame000008.jpg,8,960,0:16:00
day_5_5_03_2026_66.1,day_5_5_03_2026,66.1,66.1.MP4,day_5_5_03_2026_66.1_frame000009.jpg,9,1080,0:18:00
day_5_5_03_2026_66.2,day_5_5_03_2026,66.2,66.2.MP4,day_5_5_03_2026_66.2_frame000000.jpg,0,0,0:00:00
day_5_5_03_2026_66.2,day_5_5_03_2026,66.2,66.2.MP4,day_5_5_03_2026_66.2_frame000001.jpg,1,120,0:02:00
day_5_5_03_2026_66.2,day_5_5_03_2026,66.2,66.2.MP4,day_5_5_03_2026_66.2_frame000002.jpg,2,240,0:04:00
day_5_5_03_2026_66.2,day_5_5_03_2026,66.2,66.2.MP4,day_5_5_03_2026_66.2_frame000003.jpg,3,360,0:06:00
day_5_5_03_2026_66.2,day_5_5_03_2026,66.2,66.2.MP4,day_5_5_03_2026_66.2_frame000004.jpg,4,480,0:08:00
day_5_5_03_2026_66.2,day_5_5_03_2026,66.2,66.2.MP4,day_5_5_03_2026_66.2_frame000005.jpg,5,600,0:10:00
day_5_5_03_2026_66.2,day_5_5_03_2026,66.2,66.2.MP4,day_5_5_03_2026_66.2_frame000006.jpg,6,720,0:12:00
day_5_5_03_2026_66.2,day_5_5_03_2026,66.2,66.2.MP4,day_5_5_03_2026_66.2_frame000007.jpg,7,840,0:14:00
day_5_5_03_2026_66.2,day_5_5_03_2026,66.2,66.2.MP4,day_5_5_03_2026_66.2_frame000008.jpg,8,960,0:16:00
day_5_5_03_2026_66.2,day_5_5_03_2026,66.2,66.2.MP4,day_5_5_03_2026_66.2_frame000009.jpg,9,1080,0:18:00
day_5_5_03_2026_66.3,day_5_5_03_2026,66.3,66.3.MP4,day_5_5_03_2026_66.3_frame000000.jpg,0,0,0:00:00
day_5_5_03_2026_66.3,day_5_5_03_2026,66.3,66.3.MP4,day_5_5_03_2026_66.3_frame000001.jpg,1,120,0:02:00
day_5_5_03_2026_66.3,day_5_5_03_2026,66.3,66.3.MP4,day_5_5_03_2026_66.3_frame000002.jpg,2,240,0:04:00
day_5_5_03_2026_66.3,day_5_5_03_2026,66.3,66.3.MP4,day_5_5_03_2026_66.3_frame000003.jpg,3,360,0:06:00
day_5_5_03_2026_66.3,day_5_5_03_2026,66.3,66.3.MP4,day_5_5_03_2026_66.3_frame000004.jpg,4,480,0:08:00
day_5_5_03_2026_66.3,day_5_5_03_2026,66.3,66.3.MP4,day_5_5_03_2026_66.3_frame000005.jpg,5,600,0:10:00
day_5_5_03_2026_66.3,day_5_5_03_2026,66.3,66.3.MP4,day_5_5_03_2026_66.3_frame000006.jpg,6,720,0:12:00
day_5_5_03_2026_66.3,day_5_5_03_2026,66.3,66.3.MP4,day_5_5_03_2026_66.3_frame000007.jpg,7,840,0:14:00
day_5_5_03_2026_66.3,day_5_5_03_2026,66.3,66.3.MP4,day_5_5_03_2026_66.3_frame000008.jpg,8,960,0:16:00
day_5_5_03_2026_66.3,day_5_5_03_2026,66.3,66.3.MP4,day_5_5_03_2026_66.3_frame000009.jpg,9,1080,0:18:00
day_5_5_03_2026_66.4,day_5_5_03_2026,66.4,66.4.MP4,day_5_5_03_2026_66.4_frame000000.jpg,0,0,0:00:00
day_5_5_03_2026_66.5,day_5_5_03_2026,66.5,66.5.MP4,day_5_5_03_2026_66.5_frame000000.jpg,0,0,0:00:00
day_5_5_03_2026_66.6,day_5_5_03_2026,66.6,66.6.MP4,day_5_5_03_2026_66.6_frame000000.jpg,0,0,0:00:00
day_5_5_03_2026_66.6,day_5_5_03_2026,66.6,66.6.MP4,day_5_5_03_2026_66.6_frame000001.jpg,1,120,0:02:00
day_5_5_03_2026_66.6,day_5_5_03_2026,66.6,66.6.MP4,day_5_5_03_2026_66.6_frame000002.jpg,2,240,0:04:00
day_5_5_03_2026_66.6,day_5_5_03_2026,66.6,66.6.MP4,day_5_5_03_2026_66.6_frame000003.jpg,3,360,0:06:00
day_5_5_03_2026_66.6,day_5_5_03_2026,66.6,66.6.MP4,day_5_5_03_2026_66.6_frame000004.jpg,4,480,0:08:00
day_5_5_03_2026_68.1,day_5_5_03_2026,68.1,68.1.MP4,day_5_5_03_2026_68.1_frame000000.jpg,0,0,0:00:00
day_5_5_03_2026_68.1,day_5_5_03_2026,68.1,68.1.MP4,day_5_5_03_2026_68.1_frame000001.jpg,1,120,0:02:00
day_5_5_03_2026_68.1,day_5_5_03_2026,68.1,68.1.MP4,day_5_5_03_2026_68.1_frame000002.jpg,2,240,0:04:00
day_5_5_03_2026_68.1,day_5_5_03_2026,68.1,68.1.MP4,day_5_5_03_2026_68.1_frame000003.jpg,3,360,0:06:00
day_5_5_03_2026_68.1,day_5_5_03_2026,68.1,68.1.MP4,day_5_5_03_2026_68.1_frame000004.jpg,4,480,0:08:00
day_5_5_03_2026_68.1,day_5_5_03_2026,68.1,68.1.MP4,day_5_5_03_2026_68.1_frame000005.jpg,5,600,0:10:00
day_5_5_03_2026_68.1,day_5_5_03_2026,68.1,68.1.MP4,day_5_5_03_2026_68.1_frame000006.jpg,6,720,0:12:00
day_5_5_03_2026_68.1,day_5_5_03_2026,68.1,68.1.MP4,day_5_5_03_2026_68.1_frame000007.jpg,7,840,0:14:00
day_5_5_03_2026_68.1,day_5_5_03_2026,68.1,68.1.MP4,day_5_5_03_2026_68.1_frame000008.jpg,8,960,0:16:00
day_5_5_03_2026_68.1,day_5_5_03_2026,68.1,68.1.MP4,day_5_5_03_2026_68.1_frame000009.jpg,9,1080,0:18:00
day_5_5_03_2026_68.2,day_5_5_03_2026,68.2,68.2.MP4,day_5_5_03_2026_68.2_frame000000.jpg,0,0,0:00:00
day_5_5_03_2026_68.2,day_5_5_03_2026,68.2,68.2.MP4,day_5_5_03_2026_68.2_frame000001.jpg,1,120,0:02:00
day_5_5_03_2026_68.2,day_5_5_03_2026,68.2,68.2.MP4,day_5_5_03_2026_68.2_frame000002.jpg,2,240,0:04:00
day_5_5_03_2026_68.2,day_5_5_03_2026,68.2,68.2.MP4,day_5_5_03_2026_68.2_frame000003.jpg,3,360,0:06:00
day_5_5_03_2026_68.2,day_5_5_03_2026,68.2,68.2.MP4,day_5_5_03_2026_68.2_frame000004.jpg,4,480,0:08:00
day_5_5_03_2026_68.2,day_5_5_03_2026,68.2,68.2.MP4,day_5_5_03_2026_68.2_frame000005.jpg,5,600,0:10:00
day_5_5_03_2026_68.2,day_5_5_03_2026,68.2,68.2.MP4,day_5_5_03_2026_68.2_frame000006.jpg,6,720,0:12:00
day_5_5_03_2026_68.2,day_5_5_03_2026,68.2,68.2.MP4,day_5_5_03_2026_68.2_frame000007.jpg,7,840,0:14:00
day_5_5_03_2026_68.2,day_5_5_03_2026,68.2,68.2.MP4,day_5_5_03_2026_68.2_frame000008.jpg,8,960,0:16:00
day_5_5_03_2026_68.2,day_5_5_03_2026,68.2,68.2.MP4,day_5_5_03_2026_68.2_frame000009.jpg,9,1080,0:18:00
day_5_5_03_2026_68.3,day_5_5_03_2026,68.3,68.3.MP4,day_5_5_03_2026_68.3_frame000000.jpg,0,0,0:00:00
day_5_5_03_2026_68.3,day_5_5_03_2026,68.3,68.3.MP4,day_5_5_03_2026_68.3_frame000001.jpg,1,120,0:02:00
day_5_5_03_2026_68.3,day_5_5_03_2026,68.3,68.3.MP4,day_5_5_03_2026_68.3_frame000002.jpg,2,240,0:04:00
day_5_5_03_2026_68.3,day_5_5_03_2026,68.3,68.3.MP4,day_5_5_03_2026_68.3_frame000003.jpg,3,360,0:06:00
day_5_5_03_2026_68.3,day_5_5_03_2026,68.3,68.3.MP4,day_5_5_03_2026_68.3_frame000004.jpg,4,480,0:08:00
day_5_5_03_2026_68.3,day_5_5_03_2026,68.3,68.3.MP4,day_5_5_03_2026_68.3_frame000005.jpg,5,600,0:10:00
day_5_5_03_2026_68.3,day_5_5_03_2026,68.3,68.3.MP4,day_5_5_03_2026_68.3_frame000006.jpg,6,720,0:12:00
day_5_5_03_2026_68.3,day_5_5_03_2026,68.3,68.3.MP4,day_5_5_03_2026_68.3_frame000007.jpg,7,840,0:14:00
day_5_5_03_2026_68.4,day_5_5_03_2026,68.4,68.4.MP4,day_5_5_03_2026_68.4_frame000000.jpg,0,0,0:00:00
day_5_5_03_2026_68.4,day_5_5_03_2026,68.4,68.4.MP4,day_5_5_03_2026_68.4_frame000001.jpg,1,120,0:02:00
day_5_5_03_2026_68.4,day_5_5_03_2026,68.4,68.4.MP4,day_5_5_03_2026_68.4_frame000002.jpg,2,240,0:04:00
day_5_5_03_2026_68.4,day_5_5_03_2026,68.4,68.4.MP4,day_5_5_03_2026_68.4_frame000003.jpg,3,360,0:06:00
day_5_5_03_2026_68.4,day_5_5_03_2026,68.4,68.4.MP4,day_5_5_03_2026_68.4_frame000004.jpg,4,480,0:08:00
day_5_5_03_2026_68.4,day_5_5_03_2026,68.4,68.4.MP4,day_5_5_03_2026_68.4_frame000005.jpg,5,600,0:10:00
day_5_5_03_2026_68.4,day_5_5_03_2026,68.4,68.4.MP4,day_5_5_03_2026_68.4_frame000006.jpg,6,720,0:12:00
day_5_5_03_2026_68.4,day_5_5_03_2026,68.4,68.4.MP4,day_5_5_03_2026_68.4_frame000007.jpg,7,840,0:14:00
day_5_5_03_2026_68.4,day_5_5_03_2026,68.4,68.4.MP4,day_5_5_03_2026_68.4_frame000008.jpg,8,960,0:16:00
day_5_5_03_2026_68.4,day_5_5_03_2026,68.4,68.4.MP4,day_5_5_03_2026_68.4_frame000009.jpg,9,1080,0:18:00
day_5_5_03_2026_68.5,day_5_5_03_2026,68.5,68.5.MP4,day_5_5_03_2026_68.5_frame000000.jpg,0,0,0:00:00
day_5_5_03_2026_68.5,day_5_5_03_2026,68.5,68.5.MP4,day_5_5_03_2026_68.5_frame000001.jpg,1,120,0:02:00
day_5_5_03_2026_68.5,day_5_5_03_2026,68.5,68.5.MP4,day_5_5_03_2026_68.5_frame000002.jpg,2,240,0:04:00
day_5_5_03_2026_68.5,day_5_5_03_2026,68.5,68.5.MP4,day_5_5_03_2026_68.5_frame000003.jpg,3,360,0:06:00
day_5_5_03_2026_68.5,day_5_5_03_2026,68.5,68.5.MP4,day_5_5_03_2026_68.5_frame000004.jpg,4,480,0:08:00
day_5_5_03_2026_68.5,day_5_5_03_2026,68.5,68.5.MP4,day_5_5_03_2026_68.5_frame000005.jpg,5,600,0:10:00
day_5_5_03_2026_68.5,day_5_5_03_2026,68.5,68.5.MP4,day_5_5_03_2026_68.5_frame000006.jpg,6,720,0:12:00
day_5_5_03_2026_68.5,day_5_5_03_2026,68.5,68.5.MP4,day_5_5_03_2026_68.5_frame000007.jpg,7,840,0:14:00
day_5_5_03_2026_68.5,day_5_5_03_2026,68.5,68.5.MP4,day_5_5_03_2026_68.5_frame000008.jpg,8,960,0:16:00
day_5_5_03_2026_68.5,day_5_5_03_2026,68.5,68.5.MP4,day_5_5_03_2026_68.5_frame000009.jpg,9,1080,0:18:00
day_5_5_03_2026_68.6,day_5_5_03_2026,68.6,68.6.MP4,day_5_5_03_2026_68.6_frame000000.jpg,0,0,0:00:00
day_5_5_03_2026_68.6,day_5_5_03_2026,68.6,68.6.MP4,day_5_5_03_2026_68.6_frame000001.jpg,1,120,0:02:00
day_5_5_03_2026_68.6,day_5_5_03_2026,68.6,68.6.MP4,day_5_5_03_2026_68.6_frame000002.jpg,2,240,0:04:00
day_5_5_03_2026_68.6,day_5_5_03_2026,68.6,68.6.MP4,day_5_5_03_2026_68.6_frame000003.jpg,3,360,0:06:00
day_5_5_03_2026_68.6,day_5_5_03_2026,68.6,68.6.MP4,day_5_5_03_2026_68.6_frame000004.jpg,4,480,0:08:00
day_5_5_03_2026_68.6,day_5_5_03_2026,68.6,68.6.MP4,day_5_5_03_2026_68.6_frame000005.jpg,5,600,0:10:00
day_5_5_03_2026_68.6,day_5_5_03_2026,68.6,68.6.MP4,day_5_5_03_2026_68.6_frame000006.jpg,6,720,0:12:00
day_5_5_03_2026_68.6,day_5_5_03_2026,68.6,68.6.MP4,day_5_5_03_2026_68.6_frame000007.jpg,7,840,0:14:00
day_5_5_03_2026_68.6,day_5_5_03_2026,68.6,68.6.MP4,day_5_5_03_2026_68.6_frame000008.jpg,8,960,0:16:00
day_5_5_03_2026_68.6,day_5_5_03_2026,68.6,68.6.MP4,day_5_5_03_2026_68.6_frame000009.jpg,9,1080,0:18:00
day_5_5_03_2026_68.8,day_5_5_03_2026,68.8,68.8.MP4,day_5_5_03_2026_68.8_frame000000.jpg,0,0,0:00:00
day_5_5_03_2026_68.8,day_5_5_03_2026,68.8,68.8.MP4,day_5_5_03_2026_68.8_frame000001.jpg,1,120,0:02:00
day_5_5_03_2026_68.8,day_5_5_03_2026,68.8,68.8.MP4,day_5_5_03_2026_68.8_frame000002.jpg,2,240,0:04:00
day_5_5_03_2026_68.8,day_5_5_03_2026,68.8,68.8.MP4,day_5_5_03_2026_68.8_frame000003.jpg,3,360,0:06:00
day_5_5_03_2026_68.8,day_5_5_03_2026,68.8,68.8.MP4,day_5_5_03_2026_68.8_frame000004.jpg,4,480,0:08:00
day_5_5_03_2026_68.8,day_5_5_03_2026,68.8,68.8.MP4,day_5_5_03_2026_68.8_frame000005.jpg,5,600,0:10:00
day_5_5_03_2026_68.8,day_5_5_03_2026,68.8,68.8.MP4,day_5_5_03_2026_68.8_frame000006.jpg,6,720,0:12:00
day_5_5_03_2026_68.8,day_5_5_03_2026,68.8,68.8.MP4,day_5_5_03_2026_68.8_frame000007.jpg,7,840,0:14:00
day_5_5_03_2026_68.8,day_5_5_03_2026,68.8,68.8.MP4,day_5_5_03_2026_68.8_frame000008.jpg,8,960,0:16:00
day_5_5_03_2026_68.8,day_5_5_03_2026,68.8,68.8.MP4,day_5_5_03_2026_68.8_frame000009.jpg,9,1080,0:18:00
