lon,lat,highway,point_id,osrm_travel_distance,itinerary_id
77.26662995000001,28.66633775,residential,0,,1
77.26203770000001,28.66752845,residential,54,619.7,1
77.2663675,28.66156375,residential,835,1140.4,1
77.27089805,28.6610559,residential,92,623.2,1
77.27269355,28.6619393,residential,672,245.1,1
77.27316395,28.65656885,tertiary,262,821.2,1
77.26598945,28.65805475,residential,618,932.8,1
77.2685008,28.65387525,residential,512,1384.7,1
77.26956135,28.64609065,residential,188,1065.9,1
77.2709259,28.648677,residential,640,509.7,1
77.2719878,28.6434007,residential,711,800.7,1
77.27421495,28.63826115,residential,975,1354.2,1
77.2745951,28.63557135,residential,453,454.7,1
77.2720438,28.632325100000003,unclassified,435,626.6,1
77.2816913,28.6255769,residential,374,1482.3,1
77.28279445000001,28.62689065,residential,617,240.1,1
77.2850013,28.62810395,residential,230,337.8,1
77.28316865,28.63044805,residential,11,410.5,1
77.28864785,28.6336064,residential,362,858.8,1
77.29934499999999,28.6400266,residential,624,1418.4,1
77.29887744999999,28.6427334,residential,291,530.7,1
77.30057504999999,28.64780235,residential,25,909.2,1
77.30425995,28.64865375,secondary,788,608.5,1
77.302466,28.64986195,residential,264,468.9,1
77.31102440000001,28.65059575,residential,242,1180.7,1
77.3140579,28.65466105,residential,290,736.1,1
77.30748795,28.65890075,residential,608,1472.1,2
77.30615929999999,28.65939845,residential,997,306.7,2
77.30787815,28.6624613,residential,544,708.8,2
77.3090081,28.6634362,residential,652,224.9,2
77.31743525,28.6607536,residential,281,1338.2,2
77.3166355,28.66308145,residential,152,412.5,2
77.31960425,28.66635105,residential,958,613.5,2
77.31890064999999,28.66664295,residential,227,90.8,2
77.3199923,28.6671033,residential,690,161.1,2
77.31634695,28.6674375,residential,175,790.4,2
77.3155409,28.6687049,residential,995,840.8,2
77.31215515,28.6662568,tertiary,935,890.1,2
77.29444225,28.66486975,residential,8,1985.1,2
77.29249444999999,28.664273,residential,420,229.4,2
77.28903935,28.66753295,tertiary,287,593.8,2
77.28663845,28.66418845,residential,612,582.5,2
77.28625224999999,28.65843125,tertiary,208,862.7,2
77.28491155,28.655036,residential,809,540.6,2
77.28455305,28.6528453,residential,425,383.9,2
77.28524785,28.647404799999997,residential,495,703.4,2
77.28990245,28.6549274,residential,960,1210.7,2
77.29079114999999,28.65677905,residential,106,291.6,2
77.2948362,28.65286165,residential,185,771.1,2
77.295083,28.65170315,residential,506,130.8,2
77.29219245,28.65940185,residential,883,962.4,2
77.2787385,28.66458905,residential,577,1981.4,2
77.27848125,28.66301345,residential,245,263.1,2
77.28029755,28.67319635,primary,504,1942.0,3
77.27388450000001,28.67192345,trunk,345,720.1,3
77.27253540000001,28.68410155,residential,101,2309.1,3
77.27355850000001,28.68698755,residential,85,488.9,3
77.2732934,28.6936642,residential,891,983.7,3
77.2734238,28.69522515,residential,887,390.8,3
77.27351189999999,28.6960134,residential,144,522.5,3
77.26501719999999,28.6908872,residential,186,1640.4,3
77.26157055,28.69109705,residential,566,453.0,3
77.26116145,28.69273465,residential,61,539.3,3
77.2635794,28.69435165,residential,475,424.3,3
77.25648559999999,28.69601775,residential,792,863.8,3
77.25864285,28.69919555,residential,142,465.8,3
77.25459190000001,28.69057155,residential,105,1251.4,3
77.2575812,28.6876742,residential,219,544.1,3
77.25680274999999,28.68611775,residential,77,356.9,3
77.25643685,28.6848129,residential,542,310.2,3
77.2597919,28.68740645,residential,785,519.1,3
77.2504185,28.703485899999997,residential,70,2965.0,3
77.2555467,28.70700375,residential,137,1295.1,3
77.26331455,28.70716135,tertiary,486,1333.6,4
77.2650419,28.70393395,residential,455,425.5,4
77.26520984999999,28.70437405,residential,238,298.5,4
77.26704319999999,28.7037306,residential,915,411.1,4
77.2627927,28.70362145,trunk,334,625.0,4
77.2717729,28.70705195,tertiary,938,1080.4,4
77.27680055,28.709733550000003,tertiary,656,702.6,4
77.28240495,28.7137686,residential,131,1039.9,4
77.28501745,28.71881855,residential,387,836.9,4
77.28680349999999,28.72025285,residential,952,334.4,4
77.28731755,28.7236635,residential,163,416.6,4
77.28240295,28.7282627,residential,768,1040.4,4
77.28042185000001,28.72897055,residential,874,263.3,4
77.27958530000001,28.7251707,residential,184,588.3,4
77.2755809,28.719424250000003,residential,42,1104.7,4
77.27103155,28.72536875,residential,878,977.1,4
77.26852685,28.7258785,residential,667,386.4,4
77.26785385,28.72874535,residential,580,489.1,4
77.26390065000001,28.7288236,residential,72,403.6,4
77.2624731,28.73032545,residential,787,389.5,4
77.2623709,28.73292075,residential,737,410.8,4
77.27315114999999,28.7339616,residential,594,1404.6,4
77.26630130000001,28.7222103,residential,884,1609.7,4
77.2587025,28.70485595,residential,399,2550.2,4
77.28517695,28.70408035,residential,114,3317.1,5
77.289913,28.70625835,residential,490,684.9,5
77.2874041,28.7095847,residential,924,905.1,5
77.30575185000001,28.70108135,residential,807,3281.6,5
77.30207535,28.6963245,residential,573,885.8,5
77.30512454999999,28.69090995,residential,682,897.6,5
77.3086903,28.691647850000003,residential,147,406.2,5
77.31141285000001,28.68216275,residential,713,1356.6,5
77.31562635,28.6848782,residential,732,817.6,5
77.32462475,28.6902235,residential,678,1153.6,5
77.3285384,28.6871035,residential,384,638.8,5
77.32439525000001,28.69443105,residential,460,1446.2,5
77.3070523,28.67555405,residential,407,4162.0,5
77.29279045,28.6752607,residential,207,1553.9,6
77.2931942,28.67957665,residential,422,824.8,6
77.29863435,28.6791377,residential,141,681.4,6
77.28810179999999,28.6832348,residential,209,1564.2,6
77.28672355,28.68245745,residential,378,216.7,6
77.28500765000001,28.6805204,residential,643,346.5,6
77.28217985,28.68089845,residential,880,350.1,6
77.27989640000001,28.6796653,residential,363,345.1,6
77.2834692,28.68650325,residential,30,1241.9,6
77.25202045,28.6726447,residential,585,4889.1,6
77.22435265,28.66385745,residential,946,3497.5,6
77.21552685,28.66268935,secondary,881,1176.1,6
77.21212585,28.6622201,residential,192,407.9,6
77.2109785,28.66060455,residential,280,239.4,6
77.20712359999999,28.663173899999997,secondary,999,992.6,6
77.20712595,28.6727788,tertiary,934,1189.5,6
77.19607264999999,28.68166525,residential,421,1803.6,7
77.1942408,28.6780507,residential,412,633.7,7
77.1997174,28.68873585,residential,861,1711.9,7
77.206164,28.68695705,tertiary,37,984.6,7
77.19631185,28.69314225,residential,829,1500.4,7
77.1803942,28.708432,residential,991,2867.2,7
77.1810938,28.7087832,residential,773,110.5,7
77.17852755,28.7119096,residential,197,1213.0,7
77.1783081,28.71454895,residential,637,548.2,7
77.16938329999999,28.7219664,residential,60,2146.7,7
77.16716095000001,28.7281154,residential,23,961.9,7
77.16711275,28.73113155,residential,531,458.9,7
77.1633407,28.7257057,residential,145,963.0,7
77.1572615,28.7238122,residential,781,1498.4,7
77.1593123,28.71814785,residential,127,1376.6,7
77.15714255,28.71457565,residential,17,619.0,7
77.16588229999999,28.7052816,residential,968,1493.1,8
77.16961475,28.699311,residential,24,1232.8,8
77.1697447,28.69224025,residential,923,1268.1,8
77.1765499,28.69111365,secondary,929,882.4,8
77.18280465000001,28.69256595,residential,18,791.5,8
77.17609304999999,28.7003155,residential,317,1426.9,8
77.174251,28.68862655,residential,121,2034.7,8
77.1692436,28.68656225,residential,247,1074.6,8
77.1702669,28.678250050000003,residential,908,1479.1,8
77.174779,28.67928915,residential,644,531.5,8
77.16424430000001,28.67388,tertiary,270,1416.2,8
77.16185014999999,28.672270150000003,residential,623,577.4,8
77.15962585,28.67481095,residential,395,443.3,8
77.15524160000001,28.6747463,residential,916,537.2,8
77.1511884,28.68073455,secondary,261,1035.1,8
77.14503024999999,28.68370055,residential,742,987.0,8
77.1414942,28.67733155,tertiary,394,1245.6,8
77.13382404999999,28.67294485,residential,540,1235.9,8
77.1321822,28.67209495,residential,730,220.3,8
77.12488640000001,28.671106100000003,residential,646,885.7,9
77.11379005,28.66484005,residential,328,1741.8,9
77.11107104999999,28.661976000000003,residential,549,739.0,9
77.1031081,28.6628387,residential,590,932.2,9
77.10116049999999,28.657464150000003,residential,820,1332.8,9
77.09695625,28.65376535,residential,790,991.8,9
77.09964725,28.64892505,residential,830,824.9,9
77.10545095,28.64938925,residential,903,659.2,9
77.10438725,28.64271585,tertiary,971,986.6,9
77.1017468,28.640146450000003,residential,834,508.6,9
77.09732895,28.6378841,residential,917,535.1,9
77.09757335,28.63590075,residential,312,491.5,9
77.09941505,28.63563065,residential,218,211.7,9
77.0998573,28.63369415,residential,34,373.2,9
77.09552255,28.626637799999997,residential,289,1232.6,9
77.08832045,28.63241115,residential,292,1341.1,9
77.0870212,28.63473615,residential,900,676.6,9
77.0818682,28.6337777,residential,994,614.9,9
77.07804695,28.63011445,primary,626,1434.8,9
77.06571765,28.6247978,residential,57,2055.6,9
77.06581745,28.62301835,residential,716,274.8,9
77.06750165,28.6230375,residential,629,361.7,9
77.06913355,28.6263845,primary,890,573.3,9
77.06181655,28.634641199999997,tertiary,178,1739.5,10
77.05904294999999,28.6438082,residential,731,1223.9,10
77.0591539,28.6474581,residential,814,405.3,10
77.06364635,28.65318315,residential,726,1071.8,10
77.0674853,28.6520868,residential,360,686.7,10
77.05858215,28.66311375,residential,655,1875.1,10
77.05647195,28.6588788,residential,198,691.1,10
77.0564675,28.658566,residential,44,34.7,10
77.05202940000001,28.66379055,primary,38,961.6,10
77.06194794999999,28.6692244,residential,74,1511.3,10
77.07207145000001,28.67529665,residential,265,1474.5,10
77.07850205,28.6782172,residential,278,1090.7,10
77.07970885,28.67019735,tertiary,234,1101.1,10
77.0835158,28.66867905,residential,664,670.5,10
77.0849415,28.669462350000003,residential,568,230.5,10
77.08589845,28.66888385,residential,564,182.6,10
77.0932507,28.6659114,residential,951,1329.8,10
77.0913508,28.65998675,residential,232,839.9,10
77.08960795,28.65512915,tertiary,108,586.1,10
77.0897443,28.6483687,residential,494,1064.0,10
77.0892831,28.6447342,residential,750,442.1,10
77.0891744,28.643603,tertiary,517,176.6,10
77.0956003,28.644477199999997,residential,852,827.0,11
77.0983587,28.644429799999997,residential,67,350.1,11
77.11164435,28.6317557,tertiary,91,2433.3,11
77.11467175,28.6355319,residential,641,1008.6,11
77.11564475,28.62181625,residential,853,1952.7,11
77.10279854999999,28.6048293,residential,858,3227.9,11
77.09726905,28.592358,residential,909,2017.6,11
77.0960427,28.5904067,residential,28,376.4,11
77.0952858,28.5904197,residential,277,74.1,11
77.09007885,28.58467135,tertiary,681,1057.6,11
77.0885409,28.58195985,residential,579,437.4,11
77.0854201,28.5934944,residential,65,1638.9,11
77.08884735000001,28.5934025,residential,950,460.1,11
77.08286104999999,28.5981372,residential,385,973.5,11
77.07676935,28.60079035,residential,649,863.2,11
77.07693125,28.6042279,residential,239,464.8,11
77.0784428,28.604065,residential,557,300.4,11
77.0836779,28.60456945,residential,275,824.4,11
77.0838436,28.6111723,residential,358,1099.6,12
77.07224285000001,28.61043115,residential,268,1237.2,12
77.07064345,28.6124979,residential,769,384.6,12
77.06688615,28.612345849999997,residential,368,389.3,12
77.06699695,28.6158955,residential,548,507.3,12
77.0725913,28.6148824,residential,591,822.3,12
77.06674965,28.60670725,residential,467,1517.0,12
77.05576925,28.60738695,residential,926,1188.1,12
77.05618365000001,28.6137912,residential,894,881.0,12
77.0571095,28.6142351,residential,442,198.6,12
77.05308475,28.6169511,residential,869,727.1,12
77.0508133,28.61821885,residential,31,366.1,12
77.05308175,28.622493,residential,483,1298.7,12
77.05384995,28.62235675,residential,279,459.6,12
77.048913,28.62765085,residential,932,1143.9,12
77.047523,28.6268912,residential,157,219.8,12
77.03413225,28.62152785,residential,708,1735.5,12
77.0335851,28.62112845,residential,947,100.3,12
77.03390635,28.6203323,residential,939,121.0,12
77.03431125,28.6193752,secondary,224,547.3,12
77.0301092,28.618166,residential,555,515.4,12
77.02619825,28.616045550000003,residential,986,715.1,12
77.02343400000001,28.61683265,residential,428,477.2,12
77.0301336,28.6217297,tertiary,480,1219.7,12
77.02990395,28.62780045,residential,348,874.6,12
77.03059185000001,28.6313836,residential,113,677.5,12
77.03139005,28.63665365,residential,161,794.5,13
77.03451285,28.63536225,residential,705,445.9,13
77.03839245,28.6423937,residential,33,1150.6,13
77.05379445,28.64422425,residential,824,1725.4,13
77.03544785,28.6501108,tertiary,569,2547.0,13
77.0348263,28.65847615,residential,158,1293.1,13
77.04066785,28.66060225,residential,914,804.5,13
77.025664,28.6513952,residential,322,2694.0,13
77.01897405,28.63596445,residential,177,2719.4,13
77.01619085,28.63469955,residential,97,406.8,13
77.02173695,28.6324437,residential,772,784.1,13
77.0107798,28.6334119,residential,36,1161.4,13
77.0049669,28.626019,residential,616,1601.8,13
76.99691965,28.6321947,residential,534,1376.9,13
76.9953734,28.62572695,residential,251,954.5,14
76.9870847,28.61314405,residential,816,2474.4,14
76.98872829999999,28.6135067,residential,286,423.7,14
76.98320104999999,28.6078311,residential,620,1203.6,14
76.98983995,28.60287875,residential,863,1438.1,14
76.9988661,28.6028183,residential,343,1052.7,14
77.0044576,28.60022085,residential,529,808.1,14
77.00521165,28.595995700000003,residential,892,589.0,14
76.9966899,28.5928498,residential,699,1252.6,14
76.9958053,28.59297945,residential,943,95.7,14
76.98481534999999,28.591695,residential,949,1498.0,14
76.97704125,28.589148,residential,832,1388.5,14
76.9794485,28.5864616,residential,372,579.6,14
76.9797665,28.59492215,tertiary,128,1512.0,14
76.96662004999999,28.6050763,residential,489,2561.4,14
76.96385475,28.6068856,residential,756,468.4,14
76.9693895,28.61173945,residential,40,1088.6,14
76.9692388,28.6143759,residential,595,381.3,14
76.95042305000001,28.6267044,tertiary,691,2590.3,15
76.94240694999999,28.6251082,residential,64,927.9,15
76.96190055,28.62749465,residential,462,2741.6,15
76.96276725,28.62788505,tertiary,107,130.2,15
76.97148315,28.631073,residential,122,1012.6,15
76.97368990000001,28.631293300000003,residential,945,287.6,15
76.9516285,28.65589835,residential,452,4447.7,15
76.94227839999999,28.66515045,residential,445,1743.6,15
76.94316405000001,28.66558535,residential,565,768.0,15
76.97845095,28.6659962,residential,129,4637.7,15
76.97412510000001,28.68218865,residential,461,2268.0,16
76.97473690000001,28.6811067,residential,811,193.5,16
76.96277710000001,28.6900399,residential,447,2714.1,16
76.9694274,28.6938473,tertiary,990,1610.0,16
76.9740252,28.70502365,tertiary,710,2011.8,16
76.98882025,28.7044252,tertiary,889,1691.5,16
76.99121794999999,28.6992574,residential,408,816.7,16
76.99009434999999,28.6997031,residential,784,157.1,16
76.99936124999999,28.6963457,residential,304,1348.2,16
76.99793755,28.69384,residential,967,549.7,16
77.02755275,28.68941415,residential,758,3009.2,16
77.0264042,28.6872105,residential,910,914.8,16
77.03227179999999,28.69911395,residential,688,2147.9,16
77.03762,28.69864495,residential,779,1020.4,17
77.044107,28.7030535,residential,551,1074.3,17
77.0395027,28.70593965,residential,856,735.1,17
77.03848175,28.7092539,residential,974,550.6,17
77.0360527,28.70956855,residential,223,848.5,17
77.0364161,28.70947035,residential,171,37.1,17
77.03068065,28.70975365,residential,860,598.0,17
77.02873070000001,28.7130185,residential,804,557.1,17
77.02885885,28.72783865,residential,456,2031.2,17
77.02598065000001,28.72720745,residential,535,355.3,17
77.0311242,28.7292736,residential,82,845.0,17
77.0303845,28.73447755,residential,474,742.9,17
77.02845199999999,28.73768115,residential,702,472.9,17
77.04389055,28.72821905,residential,376,2364.7,17
77.04252485,28.721506849999997,residential,500,867.9,17
77.0504186,28.720694,residential,786,850.9,17
77.04909445,28.72676815,residential,933,946.7,17
77.05350345,28.73454735,residential,313,1479.0,17
77.05566685,28.74018685,residential,837,933.8,17
77.0543396,28.74193385,residential,389,460.9,17
77.05564964999999,28.74563155,residential,240,848.4,17
77.05816585,28.745913,residential,59,345.0,17
77.06118355000001,28.75261845,unclassified,364,980.6,17
77.06349265,28.7536699,residential,174,984.5,18
77.0649491,28.7563641,residential,736,469.0,18
77.07765814999999,28.751151049999997,residential,562,1718.4,18
77.07745729999999,28.74638865,residential,241,679.7,18
77.0761098,28.7587243,tertiary,622,1632.9,18
77.07708615,28.759646,tertiary,976,212.2,18
77.07601125,28.772002200000003,residential,320,1849.1,18
77.08672295,28.77425305,tertiary,53,2599.2,18
77.1001488,28.77304225,residential,377,1809.0,18
77.10001869999999,28.772855049999997,residential,907,24.3,18
77.09907615,28.77109395,residential,71,267.0,18
77.08943905000001,28.7807443,residential,396,1766.3,18
77.08587059999999,28.79201415,tertiary,530,3281.5,18
77.09669364999999,28.8154355,residential,743,4031.5,19
77.0751482,28.81243155,residential,45,3039.3,19
77.07297695,28.81383815,residential,90,311.8,19
77.0729012,28.8169808,residential,35,426.7,19
77.08265245,28.82224565,residential,123,2013.0,19
77.07868005,28.8389531,residential,308,2760.2,19
77.07876315,28.8404988,residential,355,173.6,19
77.0796473,28.8414433,residential,631,192.2,19
77.0842987,28.843108,residential,83,648.0,19
77.08250515,28.84599055,residential,537,500.6,19
77.07907635000001,28.85244415,residential,831,1155.3,19
77.07507515,28.8548125,residential,793,712.4,19
77.0720861,28.8522524,residential,984,598.3,19
77.08695895,28.8542565,residential,635,2177.3,19
77.0902806,28.8543052,residential,847,692.6,19
77.0942261,28.85252575,tertiary,392,709.5,20
77.0937438,28.8505167,residential,481,249.9,20
77.10012275,28.85417375,residential,58,1148.3,20
77.10336975,28.85373365,residential,501,493.0,20
77.1023521,28.856842649999997,residential,148,463.2,20
77.09513949999999,28.86151075,residential,905,1433.2,20
77.1012475,28.84241035,tertiary,662,2458.4,20
77.1074412,28.8333458,residential,502,1360.0,20
77.1103608,28.8303002,residential,645,747.1,20
77.11780205,28.818932500000003,residential,754,1737.8,20
77.1208799,28.8363984,residential,274,3781.5,20
77.13469979999999,28.8251083,tertiary,293,2752.6,20
77.1351985,28.82337055,residential,747,311.3,20
77.1398155,28.81355885,residential,720,2003.3,20
77.13157715,28.79945555,residential,100,3233.4,21
77.1308941,28.79857195,residential,604,131.6,21
77.1314274,28.79838,residential,195,84.0,21
77.11375845,28.78552755,tertiary,712,3652.5,21
77.12024375,28.7726038,residential,440,2073.4,21
77.1322054,28.7565096,residential,697,2324.6,21
77.13579405,28.76075285,residential,679,1090.4,21
77.14338125,28.74714795,residential,179,2729.6,21
77.13689625,28.74398275,residential,424,1408.5,21
77.1400251,28.74282375,secondary,998,648.5,21
77.14503875,28.73103855,residential,632,2300.8,21
77.1374912,28.7302527,tertiary,391,1291.6,22
77.13008395,28.7273233,residential,651,1282.2,22
77.12689985,28.7321639,residential,561,806.1,22
77.1255678,28.7344895,residential,611,392.1,22
77.13024659999999,28.7397272,residential,439,1013.4,22
77.13037485000001,28.74027785,residential,567,296.3,22
77.11331435,28.7459981,residential,27,2112.0,22
77.11372539999999,28.74235895,residential,846,611.0,22
77.11022315,28.7440341,residential,533,408.9,22
77.09070675,28.74471335,residential,657,2342.1,22
77.0907459,28.74277345,residential,724,301.1,22
77.09503185,28.73703265,residential,390,1101.5,22
77.09494175,28.7269259,residential,980,2116.6,22
77.0917832,28.72258585,residential,19,712.9,22
77.08855575000001,28.7205613,residential,749,539.7,22
77.09580005000001,28.71973465,residential,371,768.4,22
77.081512,28.7211608,residential,79,1526.3,22
77.08508334999999,28.72156865,residential,760,492.4,22
77.07723325,28.7176453,residential,325,1396.6,22
77.07816185,28.71713155,residential,156,143.6,22
77.07585639999999,28.71132815,residential,414,914.7,23
77.0788556,28.71024405,residential,354,469.9,23
77.08499950000001,28.71009055,residential,526,775.9,23
77.0871815,28.7095919,residential,228,271.2,23
77.08644855,28.70426015,residential,993,900.6,23
77.08553595000001,28.70259885,residential,400,248.6,23
77.08407065,28.7034631,residential,838,208.8,23
77.08458835,28.69841825,residential,854,839.2,23
77.08008455000001,28.6957834,residential,954,780.4,23
77.0790133,28.6876525,residential,606,1354.7,23
77.0724348,28.690590299999997,residential,925,1446.3,23
77.06975695,28.691381,tertiary,66,303.8,23
77.0658712,28.69256675,tertiary,43,401.9,23
77.06123819999999,28.69256705,residential,700,686.9,23
77.05536025,28.69401655,residential,696,754.2,23
77.05531289999999,28.69650625,residential,556,386.0,23
77.04727994999999,28.6966927,residential,559,1103.3,23
77.0510267,28.70715535,residential,444,1352.3,23
77.05811875,28.704141900000003,residential,159,954.1,23
77.06244910000001,28.70344275,residential,393,579.5,23
77.06662825000001,28.70234625,residential,96,525.4,23
77.0734955,28.7046127,tertiary,52,981.3,23
77.07281,28.7087611,residential,596,687.8,23
77.07076675,28.7090531,residential,237,291.1,23
77.07215105,28.71317325,residential,877,612.0,23
77.0640899,28.71048,residential,417,1157.6,23
77.06494375,28.7090134,residential,89,241.6,23
77.0618632,28.71185865,residential,266,577.4,23
77.07560205,28.73036775,residential,738,2557.7,24
77.075051,28.7303209,residential,411,168.4,24
77.07119660000001,28.73156265,residential,658,512.3,24
77.0754889,28.7353855,residential,996,862.3,24
77.08080534999999,28.73416835,residential,940,1336.2,24
77.06684725,28.72792315,residential,250,2570.8,24
77.066025,28.739675,residential,361,1497.0,24
77.06464495,28.74276535,residential,588,656.5,24
77.0628074,28.7435692,residential,602,203.4,24
77.05084174999999,28.7682665,residential,634,3984.9,24
77.0493404,28.77104885,primary,405,593.3,24
77.05213789999999,28.7775866,residential,210,1029.8,24
77.053045,28.78602845,residential,339,1564.6,24
77.0475579,28.7924521,residential,365,1283.6,24
77.04480559999999,28.7909505,residential,468,389.9,24
77.04931915,28.79610735,residential,88,953.0,25
77.04426595,28.80076985,residential,9,1170.5,25
77.03645965000001,28.801906,residential,673,1329.1,25
77.0359007,28.80461785,residential,576,373.0,25
77.02931275,28.80587425,residential,751,971.7,25
77.03287334999999,28.79450205,residential,789,2041.2,25
77.02615935,28.78639695,residential,957,1342.3,25
77.0416954,28.7675823,tertiary,16,3770.8,25
77.0428574,28.76701955,tertiary,583,175.2,25
77.04121104999999,28.7651691,residential,353,366.2,25
76.99553025,28.7678823,residential,560,4964.1,25
76.99399815000001,28.7691718,residential,920,280.1,25
76.99780390000001,28.7610717,residential,704,1507.4,25
76.99814595000001,28.7393117,secondary,888,2861.9,26
76.9936437,28.73688905,residential,217,829.8,26
77.00806170000001,28.74116275,residential,22,2229.1,26
77.01697905,28.73277055,residential,927,2078.3,26
76.9662893,28.7505035,residential,509,5623.6,26
76.97817094999999,28.763629700000003,tertiary,155,2470.9,26
76.97456975,28.7892433,residential,225,4542.8,27
76.9768188,28.80387355,residential,269,1962.4,27
76.9617243,28.80135585,tertiary,985,2133.8,27
76.96091675,28.800552,residential,849,200.1,27
76.98555025,28.77922015,unclassified,257,4523.4,27
77.00062715,28.8064963,residential,310,4813.8,27
77.00446595,28.80762295,residential,876,771.7,27
77.0081844,28.809135150000003,residential,518,544.8,27
77.0099477,28.8134012,residential,7,651.3,28
77.01373015,28.81664515,residential,149,587.6,28
77.0098921,28.81811105,residential,812,894.8,28
76.9946546,28.81884135,residential,448,1871.3,28
77.0075277,28.83461855,residential,352,3111.6,28
77.0163783,28.83717935,residential,48,1153.8,28
77.05233285,28.830851600000003,residential,167,4510.7,28
77.07096,28.82752965,residential,948,3506.0,28
77.06663284999999,28.8287477,residential,843,546.1,28
77.0646485,28.80989995,residential,765,3337.3,29
77.05291059999999,28.80172525,residential,50,1957.7,29
77.05149835,28.8044323,residential,574,434.0,29
77.0542696,28.8078377,residential,498,651.7,29
77.10116575,28.75940375,residential,326,10227.9,29
77.095819,28.7523865,residential,429,2198.0,29
77.0845137,28.715651899999997,residential,51,5564.1,30
77.10096075,28.71503765,residential,166,2310.3,30
77.11074395,28.712136299999997,residential,84,1586.4,30
77.11920950000001,28.7087003,residential,503,1095.9,30
77.1217126,28.71311905,residential,476,1361.7,30
77.12438455,28.72015315,tertiary,553,1050.3,30
77.13415165,28.7261733,residential,966,1595.9,30
77.1420639,28.7189786,residential,675,1804.1,30
77.14415315,28.7016477,residential,418,2922.0,30
77.15456520000001,28.6928874,secondary,759,1924.0,31
77.1393329,28.6881253,residential,930,3207.3,31
77.12998825,28.6878183,residential,248,1200.2,31
77.13216445,28.70801095,residential,913,3134.5,31
77.10306605,28.698293,residential,438,4061.0,31
77.09837594999999,28.7010443,residential,845,884.8,31
77.09180505,28.7012682,secondary,430,897.4,31
77.09448395,28.6939483,residential,423,1151.0,31
77.09049195,28.69512135,residential,14,538.9,31
77.10180355,28.6884238,tertiary,380,2022.2,31
77.0972242,28.6794296,residential,446,1728.1,32
77.1058135,28.67290565,residential,543,1581.4,32
77.1203728,28.665520800000003,residential,201,2569.1,32
77.11707245,28.65828915,residential,844,1555.3,32
77.11635509999999,28.6591904,residential,654,244.4,32
77.1162473,28.64967925,residential,520,1410.0,32
77.12965704999999,28.65222515,tertiary,840,1606.0,32
77.1288895,28.653366,residential,524,199.5,32
77.13377349999999,28.641866,residential,260,1548.4,32
77.13949945,28.6480065,residential,350,1203.4,32
77.13267925,28.6306666,primary,441,2427.6,32
77.14175535,28.59653015,tertiary,321,5821.8,33
77.1389862,28.588415249999997,residential,717,2211.5,33
77.1213209,28.59368665,residential,382,2871.0,33
77.1179288,28.5827708,residential,680,1427.7,33
77.1264193,28.6100332,unclassified,432,3447.5,33
77.1164864,28.6073831,residential,669,2347.0,33
77.08679599999999,28.6203868,residential,126,4670.4,34
77.0784651,28.59174495,residential,470,4900.2,34
77.0714338,28.59418575,residential,875,1614.8,34
77.0694354,28.59448705,residential,545,287.4,34
77.0600575,28.59431755,secondary,992,2127.3,34
77.0537266,28.59367855,residential,190,1215.8,34
77.05230714999999,28.6004535,residential,298,1740.9,34
77.06053365,28.60063955,residential,621,1154.3,34
77.05169415,28.5852231,residential,979,2501.0,35
77.06709910000001,28.581721,residential,818,2241.2,35
77.0704365,28.57809425,tertiary,783,926.4,35
77.06243955,28.5633785,secondary,886,2030.3,35
77.0630465,28.5594922,tertiary,735,471.4,35
77.05233480000001,28.54452185,residential,94,2735.0,35
77.052548,28.54049705,residential,563,472.4,35
77.04698295,28.5361473,residential,133,1007.9,35
77.04742095,28.53479915,residential,464,227.6,35
77.05272120000001,28.533854249999997,residential,26,1406.9,35
77.05254705,28.5343274,residential,173,107.6,35
77.05544965,28.5352272,residential,222,407.7,35
77.05759025,28.536422100000003,residential,805,305.4,35
77.05936905,28.53879315,residential,757,576.7,35
77.05613919999999,28.539551,residential,570,1320.8,35
77.0551799,28.5397308,residential,722,202.9,35
77.04937795000001,28.53141905,residential,615,1609.3,35
77.0461696,28.52623525,tertiary,977,957.5,35
77.06471765,28.51606505,residential,397,3744.9,36
77.08163305,28.52391385,residential,206,3847.4,36
77.0891302,28.52230155,residential,202,1101.0,36
77.09641690000001,28.52237435,residential,614,1207.6,36
77.099026,28.5213989,residential,20,416.5,36
77.08527335,28.5266168,secondary,231,1918.8,36
77.07436265,28.5399299,residential,970,3479.4,36
77.07762945,28.53467115,residential,98,1300.5,36
77.06447695,28.5445996,tertiary,800,3844.3,37
77.1230588,28.540375750000003,residential,898,7011.8,37
77.11126630000001,28.534954,secondary,963,1553.8,37
77.1228064,28.51235,residential,981,3961.8,37
77.12978435,28.51286675,residential,433,809.6,37
77.11302255000001,28.5062649,residential,267,2393.8,37
77.11786434999999,28.5027546,residential,941,1278.2,38
77.1059597,28.508452499999997,residential,296,2643.3,38
77.13352660000001,28.487766,residential,571,5924.5,38
77.131015,28.48765235,residential,311,1886.6,38
77.14239805,28.4992337,tertiary,47,2543.7,38
77.1591478,28.4958002,residential,379,2426.5,38
77.15650205,28.49230725,residential,733,1247.1,38
77.16487245,28.49421895,residential,813,1583.9,38
77.16580675,28.4950336,tertiary,139,152.6,38
77.1704364,28.50145725,residential,692,899.5,39
77.18118204999999,28.5025007,secondary,243,1472.4,39
77.18979515000001,28.49806695,residential,254,1169.7,39
77.1912798,28.500196350000003,residential,93,563.9,39
77.1910976,28.50223195,residential,642,880.1,39
77.19249765,28.5020997,residential,499,148.3,39
77.19046945,28.50364695,residential,63,469.8,39
77.19653579999999,28.49899695,tertiary,112,1124.6,39
77.197214,28.49932315,residential,136,135.4,39
77.1939456,28.4963932,residential,454,654.7,39
77.1927201,28.48880835,residential,822,1161.0,39
77.17653405,28.49148985,residential,895,2208.0,39
77.17899080000001,28.51072245,residential,521,3049.0,39
77.17856485,28.51277445,tertiary,482,402.5,39
77.1748511,28.5173309,residential,153,948.5,39
77.16816235,28.51779505,residential,808,1020.0,39
77.16727495,28.5174194,residential,419,111.0,39
77.1641791,28.51475155,residential,273,1045.8,39
77.15869964999999,28.5189613,residential,703,1888.9,39
77.1322659,28.531698650000003,residential,404,4262.5,40
77.13086465,28.5440091,residential,189,1795.0,40
77.13142625,28.5505847,residential,922,837.0,40
77.13613910000001,28.54532035,tertiary,729,3137.2,40
77.14553545000001,28.5599279,residential,806,2237.9,40
77.1344632,28.567617,secondary,550,6121.4,40
77.1384291,28.58089425,residential,297,7475.1,41
77.1542664,28.5867825,secondary,782,3873.9,41
77.16629585000001,28.58671385,tertiary,346,3960.2,41
77.18355855,28.5983867,secondary,661,4737.3,42
77.205437,28.6081978,secondary,492,3744.3,42
77.21867764999999,28.62040355,secondary,324,2290.4,42
77.22574335,28.62206155,residential,124,844.3,42
77.22844475,28.62680205,residential,386,809.5,42
77.231758,28.6228318,residential,318,1014.6,42
77.2300183,28.63691005,residential,739,2062.9,42
77.23807065,28.6420132,residential,586,1428.9,42
77.2431178,28.6422624,residential,168,1097.8,42
77.23016,28.64870635,residential,220,2221.5,43
77.22998945,28.6490413,residential,187,41.5,43
77.22804595,28.648237100000003,unclassified,212,369.8,43
77.23043215,28.65274005,residential,13,769.8,43
77.22914735,28.6535872,residential,413,368.3,43
77.22772815,28.654640550000003,unclassified,552,230.8,43
77.2275798,28.65402365,residential,485,83.9,43
77.22099745,28.65685225,residential,78,1014.7,43
77.2135581,28.6529402,residential,341,1332.6,43
77.21121120000001,28.6503082,residential,897,451.9,43
77.2082109,28.63779475,residential,753,1598.5,43
77.1961958,28.6463047,tertiary,276,1950.9,43
77.19556180000001,28.64690045,tertiary,457,146.5,43
77.19023505,28.6499966,tertiary,674,695.5,43
77.1828083,28.6533059,residential,246,1059.1,43
77.1797398,28.65229615,residential,872,446.9,43
77.1813486,28.65596825,residential,135,798.9,43
77.18105545,28.66036845,tertiary,864,844.1,43
77.18198225,28.6673072,residential,369,1229.5,43
77.19666415,28.665384,residential,955,1712.0,43
77.19514914999999,28.6674161,residential,613,383.7,43
77.17114995,28.6696963,residential,434,2677.6,44
77.16533895,28.6689038,secondary,592,722.7,44
77.1585005,28.66372065,tertiary,2,1091.0,44
77.1780106,28.67262255,residential,982,2703.3,44
77.16954705,28.6589223,residential,314,3225.0,44
77.1641251,28.65374295,residential,263,976.6,44
77.15828395,28.65993455,residential,303,1487.1,44
77.15151044999999,28.65201235,residential,794,1743.0,44
77.1572735,28.64889675,residential,859,768.7,44
77.15820975,28.6480881,residential,169,228.9,44
77.1696261,28.64517325,residential,170,1504.7,44
77.17407130000001,28.644428249999997,residential,55,623.9,44
77.17505575000001,28.6451331,residential,507,158.8,44
77.17541475,28.6456394,residential,46,94.5,44
77.1760921,28.6438865,residential,229,287.0,44
77.1780441,28.643673,tertiary,744,193.4,44
77.17951819999999,28.6393953,residential,373,1205.6,44
77.1784303,28.6351823,residential,764,789.9,45
77.17628355,28.6277762,tertiary,776,1025.3,45
77.16824765,28.6212364,residential,143,4710.2,45
77.1496429,28.627642,residential,309,3004.9,45
77.1477292,28.623040000000003,unclassified,340,663.2,45
77.14090949999999,28.66254405,residential,306,6062.0,45
77.13915610000001,28.66455035,residential,478,306.4,45
77.1422158,28.66866095,residential,605,1185.7,45
77.14323745,28.6672551,residential,826,268.1,45
77.14632485,28.6644003,residential,351,590.9,45
77.14654189999999,28.6652678,residential,817,153.0,45
77.1557305,28.68842475,residential,987,5455.8,46
77.1650027,28.7158828,tertiary,302,4692.2,46
77.16527099999999,28.74445695,residential,458,4975.3,46
77.1684727,28.7503184,residential,103,927.2,46
77.1670096,28.76133075,residential,338,1962.3,46
77.1733858,28.7652759,residential,885,1044.7,46
77.1713525,28.7676268,residential,415,526.4,46
77.1797072,28.7622692,residential,182,1327.1,47
77.1847008,28.7678697,residential,75,1353.5,47
77.1927239,28.77015725,residential,221,1050.4,47
77.19672435000001,28.771762350000003,residential,647,757.7,47
77.193585,28.762368350000003,residential,746,1736.8,47
77.19256245,28.7559786,residential,172,993.4,47
77.1893623,28.7512093,residential,841,706.4,47
77.18664245,28.74692175,residential,627,772.2,47
77.1828756,28.7467638,residential,684,480.7,47
77.1821645,28.7482586,residential,762,281.0,47
77.1828305,28.7528536,residential,536,572.7,47
77.17540125,28.7431782,residential,80,1527.4,47
77.18529555,28.7375893,residential,259,2108.2,47
77.18632170000001,28.73812585,residential,819,291.7,47
77.18698855,28.738369050000003,residential,780,155.5,47
77.1852506,28.73415395,residential,140,645.0,47
77.18805215,28.73106115,trunk,942,1172.0,47
77.200665,28.73521405,residential,578,2022.7,47
77.19971185,28.7391588,residential,102,1351.9,47
77.20585679999999,28.73797195,tertiary,119,733.2,48
77.20549725000001,28.73633395,residential,191,453.6,48
77.20615555,28.73165855,residential,865,864.9,48
77.21058124999999,28.73028,residential,928,590.0,48
77.21987895000001,28.72776955,tertiary,487,1511.3,48
77.21898225000001,28.7334782,tertiary,335,657.5,48
77.22196295,28.73930135,residential,323,1185.3,48
77.20337945,28.7464845,residential,336,2792.7,48
77.1963575,28.74934605,residential,599,1031.1,48
77.2061444,28.72241815,residential,918,4149.8,48
77.2061329,28.72487245,residential,978,378.8,48
77.22191125,28.7173691,residential,795,2233.4,48
77.2213977,28.70987505,residential,721,1274.6,48
77.24644285,28.72926715,residential,216,4807.3,49
77.24984675,28.73603965,residential,488,1229.7,49
77.25187700000001,28.7500721,tertiary,160,1926.5,49
77.24537815,28.75552215,residential,777,1165.4,49
77.21682129999999,28.6741145,tertiary,493,11408.7,50
77.2332469,28.6579946,residential,695,3320.6,50
77.2161469,28.62786645,secondary,332,5118.4,50
77.21656684999999,28.6307634,residential,29,669.1,51
77.2325905,28.60818435,residential,671,4574.1,51
77.2371334,28.60956625,secondary,823,2315.2,51
77.24411755,28.59044355,residential,87,3329.5,51
77.24720070000001,28.58435225,residential,718,1112.3,51
77.24645285,28.5838965,residential,484,131.0,51
77.2473768,28.5810302,residential,416,464.4,51
77.23960725,28.58054845,residential,401,1014.1,51
77.24277805,28.5856313,residential,810,844.8,51
77.2619,28.57006185,residential,828,3245.8,51
77.2640538,28.5686086,residential,839,312.6,51
77.26758380000001,28.56629325,tertiary,601,993.0,51
77.2790936,28.5652954,residential,81,1751.0,52
77.28443630000001,28.56505,residential,774,910.3,52
77.28804295,28.57190705,residential,299,899.6,52
77.29272130000001,28.560749,residential,625,1814.2,52
77.2885153,28.5635672,residential,164,932.5,52
77.28418959999999,28.55857425,tertiary,146,963.6,52
77.28648985000001,28.5537519,residential,983,823.1,52
77.2804222,28.5556366,residential,491,731.4,52
77.2942343,28.55336385,residential,755,2620.8,52
77.29644245,28.5556853,residential,285,490.4,52
77.31737955,28.53210475,tertiary,236,4351.8,52
77.3151871,28.532547549999997,tertiary,546,222.0,52
77.315563,28.5309431,residential,398,263.9,52
77.3149051,28.5299835,residential,745,174.7,52
77.3179053,28.5267963,residential,258,618.4,52
77.31933000000001,28.52652475,residential,465,188.1,52
77.32539944999999,28.52625125,residential,581,736.6,52
77.33134735,28.5264872,residential,466,733.4,52
77.3108708,28.53256575,residential,689,2361.1,53
77.31056095,28.5325672,residential,497,30.4,53
77.30957305000001,28.5307495,residential,707,440.7,53
77.30251185,28.5321722,residential,653,962.9,53
77.3045205,28.521746800000003,residential,911,1752.9,53
77.3097645,28.51473735,residential,337,1475.4,53
77.3173297,28.5113877,residential,283,1202.8,53
77.3197007,28.50696855,residential,443,714.8,53
77.3272316,28.49942385,residential,741,1258.8,53
77.32651010000001,28.49797245,residential,327,243.0,53
77.33182535,28.500126,residential,244,792.3,53
77.33263885,28.5012809,residential,282,202.1,53
77.3355986,28.5040497,residential,802,597.3,53
77.3132667,28.50637795,residential,342,3293.8,53
77.30588385,28.4963081,residential,284,2391.0,53
77.31255525,28.48729165,residential,1,2221.8,53
77.31602625,28.49588545,tertiary,199,2739.3,54
77.2978158,28.49715485,residential,961,3232.1,54
77.2904543,28.5066121,residential,515,1646.4,54
77.28991669999999,28.50648415,residential,725,54.4,54
77.28491395,28.49944925,residential,271,2030.8,54
77.28616235,28.497698999999997,residential,523,373.2,54
77.28123685,28.49600805,residential,855,658.5,54
77.2790102,28.4969867,residential,125,343.7,54
77.28652715,28.50552095,residential,607,1635.2,54
77.26844320000001,28.51283195,residential,937,2834.8,54
77.26639315,28.5119582,residential,770,232.5,54
77.2709393,28.519309999999997,residential,437,1274.1,54
77.26307315,28.52207885,tertiary,406,874.6,54
77.26384025,28.5224017,residential,797,104.3,54
77.25753445000001,28.522615,residential,252,1466.3,54
77.25490665,28.53223175,residential,959,1517.1,55
77.2539935,28.5330773,residential,73,338.3,55
77.24393979999999,28.53690975,residential,525,1489.3,55
77.2411232,28.534979550000003,residential,366,434.8,55
77.2301698,28.5447664,tertiary,767,2122.3,55
77.2296312,28.543162350000003,residential,798,294.0,55
77.2171003,28.53835625,tertiary,803,1971.1,55
77.21681484999999,28.5348187,residential,6,523.6,55
77.20942529999999,28.535073949999997,residential,572,1047.3,55
77.20817124999999,28.53295075,residential,714,320.9,55
77.2181899,28.52387055,residential,801,2152.1,55
77.22520635000001,28.51890025,residential,205,1495.7,55
77.22728609999999,28.5180431,secondary,676,1488.1,55
77.23198915,28.517952800000003,residential,357,859.5,55
77.2380632,28.5178764,residential,603,798.4,55
77.24243615,28.5180104,residential,110,689.6,55
77.24178425,28.5181992,residential,761,104.9,55
77.24344425000001,28.51928875,residential,5,240.9,55
77.238348,28.52478985,residential,522,808.0,55
77.23901475,28.5247732,residential,301,97.8,55
77.2342958,28.52628645,tertiary,519,602.4,55
77.22913155,28.53146205,residential,15,1264.3,56
77.2285612,28.53544365,residential,698,1121.2,56
77.2425353,28.54658805,residential,693,2831.3,56
77.23892939999999,28.5530529,tertiary,771,1201.2,56
77.24238765000001,28.551749,residential,870,413.4,56
77.2331483,28.5547255,tertiary,203,1202.9,56
77.2488556,28.5567142,residential,194,2435.1,56
77.25361835000001,28.56210845,residential,132,1128.3,56
77.25715790000001,28.5613629,residential,409,427.2,56
77.26689935,28.55693995,residential,86,1668.1,56
77.2761467,28.5471129,residential,256,1648.7,56
77.27751745,28.544621399999997,residential,451,722.6,56
77.28715805,28.52142665,residential,62,3893.3,56
77.25552955,28.50653935,residential,969,5244.6,57
77.249005,28.50898725,residential,752,798.5,57
77.2487259,28.5057984,residential,833,469.8,57
77.24763345,28.505104,residential,848,358.1,57
77.24050489999999,28.50773775,residential,867,991.7,57
77.24603619999999,28.51232685,residential,633,1198.2,57
77.2346421,28.513562049999997,residential,150,1193.6,57
77.22943475,28.51157085,residential,904,724.4,57
77.22721444999999,28.5077636,residential,505,605.3,57
77.2303871,28.50498485,residential,118,611.5,57
77.232096,28.507118050000003,tertiary,799,388.2,57
77.23247165000001,28.50683735,residential,554,128.3,57
77.23272815,28.4991803,residential,516,1309.4,57
77.23098519999999,28.4977012,residential,842,312.0,57
77.2268541,28.49445295,residential,514,1146.3,57
77.21275805,28.4998509,residential,162,2386.2,57
77.21006084999999,28.511088200000003,residential,375,1688.1,57
77.2027844,28.51031775,residential,356,1146.6,58
77.2057444,28.5188164,residential,796,2369.8,58
77.18784265,28.5262163,tertiary,204,2531.4,58
77.18913845,28.54115735,residential,723,3300.3,58
77.18637580000001,28.54262105,residential,931,356.5,58
77.18173784999999,28.55105615,secondary,165,1999.0,58
77.17347505,28.55306545,residential,176,1144.3,58
77.16412605,28.5558682,tertiary,117,1652.2,58
77.16038660000001,28.5558516,residential,775,762.4,58
77.15496005,28.55365065,residential,701,710.6,58
77.1549658,28.56406675,residential,589,1534.4,58
77.17577255,28.5637804,residential,249,2613.0,59
77.18104919999999,28.561887,residential,109,874.0,59
77.18331265,28.558182,residential,706,570.0,59
77.1838427,28.5550116,residential,873,464.3,59
77.19721240000001,28.56128185,residential,610,2194.4,59
77.2055,28.55924465,residential,740,1493.7,59
77.20919525,28.57289175,trunk,719,1709.6,59
77.20787715,28.5759546,residential,901,473.8,59
77.20575360000001,28.5775922,residential,41,378.8,59
77.20451825,28.570206149999997,residential,639,1173.5,59
77.22682675,28.57080395,residential,477,2842.9,59
77.2212251,28.5762922,residential,181,1531.8,59
77.23089865,28.57982155,tertiary,213,1498.9,59
77.2327217,28.584820899999997,tertiary,426,1038.7,59
77.21103485,28.59413455,residential,183,3486.8,60
77.193014,28.5733817,residential,825,4948.5,60
77.16698930000001,28.5873838,residential,638,4251.4,60
77.1975534,28.54968215,residential,659,7016.6,60
77.20055005,28.54778925,residential,936,743.5,61
77.25250145,28.5464506,residential,111,5797.8,61
77.2559665,28.57198295,residential,427,5421.6,61
77.26159595,28.5980802,residential,527,5184.9,61
77.2894972,28.6147797,secondary,214,6350.1,62
77.29657355,28.60522345,tertiary,953,1641.1,62
77.30382829999999,28.60452325,residential,879,949.6,62
77.30448344999999,28.6047687,residential,288,90.3,62
77.30754185,28.60649535,residential,972,463.5,62
77.30678835,28.60052665,residential,235,1214.8,62
77.30395365,28.599281,residential,956,350.8,62
77.31036025,28.5981304,residential,154,2121.8,62
77.3238158,28.60315345,residential,547,2103.0,62
77.33169434999999,28.60426495,residential,359,1111.5,62
77.33024750000001,28.606992400000003,residential,541,821.0,62
77.33137855,28.6222238,residential,868,2287.5,62
77.32545615000001,28.62787805,residential,370,1671.9,63
77.31488354999999,28.63453055,secondary,532,1825.9,63
77.30006595,28.6257013,residential,857,6607.4,63
77.29494675000001,28.62369125,residential,628,710.0,63
77.291165,28.6276907,residential,307,839.5,63
77.2821887,28.618624949999997,residential,584,2271.0,63
77.29174525,28.63988405,residential,193,4122.7,63
77.28896975,28.6410284,residential,734,390.8,63
77.2593476,28.61717615,residential,316,6176.0,64
77.28756365,28.5867567,residential,115,10103.4,64
77.31300615,28.51355215,tertiary,134,15680.8,65
77.30362149999999,28.51401,residential,76,2874.7,65
77.30380224999999,28.51530605,residential,333,2865.1,66
77.252402,28.5000289,residential,436,9089.2,66
77.22391535,28.51222845,tertiary,791,4543.6,66
77.16135335,28.486294299999997,tertiary,471,9085.4,67
77.15639809999999,28.48212405,residential,902,873.1,67
77.1525058,28.47421625,residential,965,1792.6,67
77.1562381,28.47006545,residential,367,1053.2,67
77.16286585,28.4603951,residential,727,2252.9,67
77.1604576,28.454253,residential,962,922.0,67
77.17808585,28.4543714,residential,912,3273.8,67
77.1873001,28.45570125,residential,431,1505.3,68
77.1932057,28.453925,residential,450,680.5,68
77.1898998,28.458750199999997,residential,305,1516.8,68
77.19774075000001,28.46038155,residential,295,1016.8,68
77.1909124,28.46455595,residential,449,2258.0,68
77.20508855,28.4702441,residential,650,1965.6,68
77.21067690000001,28.4669058,residential,988,993.5,68
77.21911309999999,28.44898005,unclassified,871,4419.8,68
77.1900915,28.444085,residential,99,5509.3,68
77.1676779,28.4426721,residential,21,4083.9,69
77.1746399,28.44357445,residential,272,908.5,69
77.1678095,28.4502087,residential,347,1417.3,69
77.16957099999999,28.45306955,residential,709,372.6,69
77.14032885,28.47465005,residential,116,9444.7,69
77.13814965,28.47322595,residential,921,339.3,69
77.13269754999999,28.4787166,residential,862,1343.8,69
77.12272325,28.4722493,residential,973,1644.5,69
77.12635465,28.46898725,residential,32,904.0,70
77.1289018,28.46715605,residential,687,805.0,70
77.02612585,28.55185015,residential,882,17624.2,70
77.0318236,28.55338565,residential,636,1047.0,71
77.040949,28.57395855,residential,600,3003.8,71
77.03196600000001,28.57125825,residential,748,1732.3,71
77.02560270000001,28.574381,residential,850,1143.5,71
77.0239597,28.5778618,residential,49,548.2,71
77.0221351,28.5816315,residential,598,635.5,71
77.0192003,28.57548765,residential,120,1116.5,71
77.01949239999999,28.5701593,residential,196,1016.0,71
77.0113911,28.5696563,residential,349,926.9,71
77.00360435,28.56145125,residential,56,1403.8,71
77.00145355000001,28.5620627,residential,685,286.6,71
77.00776379999999,28.5877757,tertiary,893,3270.8,71
77.0103275,28.59729895,residential,944,2295.4,71
77.01516430000001,28.60373715,residential,315,4244.1,72
77.01782595,28.60731645,residential,344,1133.0,72
77.0193011,28.6104587,residential,513,570.0,72
77.02614185,28.6069988,residential,619,1247.5,72
77.03733629999999,28.60496135,secondary,294,1824.9,72
77.03591835,28.59709135,residential,300,2051.0,72
77.02895480000001,28.58930205,residential,12,1979.9,72
77.0412561,28.6173165,residential,330,6264.7,72
77.04186555000001,28.61633645,residential,528,172.6,72
77.0157913,28.623917650000003,residential,329,3585.4,73
77.01403404999999,28.61301575,residential,665,1881.0,73
77.00070085,28.61594305,residential,383,1776.3,73
76.94325685,28.6059324,residential,593,7302.9,73
76.9430101,28.603817300000003,residential,255,348.4,73
76.93570625,28.59879425,residential,469,1268.1,73
76.93208345,28.60412235,unclassified,211,744.7,73
76.9176119,28.5979059,residential,896,1782.1,73
76.9166589,28.5977966,residential,138,107.0,73
76.91443015,28.5982758,residential,766,271.2,73
76.9152321,28.593459000000003,residential,683,694.4,73
76.9161825,28.5921398,residential,463,219.9,73
76.92862775,28.593073250000003,residential,827,1488.4,74
76.94948135,28.57898275,residential,151,3724.6,74
76.94896635,28.57233005,residential,233,1713.0,74
76.96332805,28.55828125,residential,666,2934.1,74
76.9779445,28.55351305,tertiary,630,2071.3,74
76.98024889999999,28.56384975,residential,866,2172.6,74
76.9815655,28.53453925,residential,539,5192.3,74
76.97764190000001,28.53449415,residential,3,722.8,75
76.97343964999999,28.52979555,residential,410,1158.3,75
76.95316105,28.5274628,residential,582,2869.4,75
76.93097065,28.5309133,residential,836,2316.5,75
76.92371675,28.5359517,tertiary,964,1259.4,75
76.91098725,28.553847599999997,tertiary,200,2623.4,75
76.90672045,28.56919415,residential,104,2459.5,75
76.90117945,28.59318685,unclassified,648,3270.2,75
76.89383154999999,28.610457250000003,residential,479,2595.3,75
76.89472135,28.6117729,residential,778,176.8,75
76.86244565,28.5764625,tertiary,319,6309.0,76
76.86721885,28.57276,residential,253,1104.0,76
76.8521097,28.56419115,tertiary,39,3545.9,76
76.88789885,28.53951505,unclassified,538,4876.0,76
76.90179655,28.522341500000003,residential,677,3786.2,76
76.93882475000001,28.5485266,tertiary,68,6276.7,77
77.00619975000001,28.5196717,residential,511,11777.0,77
77.01668040000001,28.6664666,residential,226,19444.5,78
77.0124069,28.66516625,residential,728,534.4,78
77.0121161,28.6656356,residential,851,81.3,79
76.9991821,28.67474945,residential,686,3119.8,79
76.97867935,28.70348695,residential,906,6015.7,79
76.97910494999999,28.70309075,residential,670,133.1,79
76.9599603,28.716477500000003,residential,496,4440.2,79
77.0219789,28.69207015,residential,558,9762.8,80
77.05116625,28.68753065,residential,919,4994.4,80
77.0565563,28.688979699999997,residential,660,715.2,80
77.05936679999999,28.6832159,residential,180,1433.7,80
77.0534648,28.6860981,residential,609,792.7,80
77.05090365,28.6798587,residential,597,991.4,80
77.05148439999999,28.67711145,residential,989,426.1,80
77.0528848,28.67569455,residential,381,272.7,80
77.05621045000001,28.67643245,residential,130,489.3,80
77.0589971,28.677726649999997,residential,331,499.8,81
77.06428615,28.67932615,residential,69,776.2,81
77.0651678,28.684803,residential,821,1104.0,81
77.0772868,28.66516555,residential,575,3826.3,81
77.08293470000001,28.66104635,residential,899,936.6,81
77.08329065000001,28.6590538,residential,402,398.8,81
77.0842805,28.658581,residential,587,141.3,81
77.15916475,28.74508575,residential,215,14784.0,82
77.15431079999999,28.760644300000003,residential,10,2661.3,82
77.1520758,28.7603796,residential,663,461.1,82
77.15990515,28.76696225,residential,472,1403.0,82
77.1689931,28.78032435,residential,4,2349.6,83
77.17430615,28.77870375,residential,763,2518.0,83
77.1759728,28.803338,residential,510,3521.0,83
77.18545725,28.79911645,residential,473,2278.0,83
77.18581950000001,28.79909795,residential,388,35.8,83
77.169693,28.83281205,tertiary,95,5095.2,83
77.1685425,28.83734475,residential,459,1055.1,83
77.17052720000001,28.840473600000003,residential,715,750.1,83
77.18756099999999,28.84147235,residential,694,2276.4,83
77.18434239999999,28.83912885,residential,815,850.1,84
77.19911385,28.8310179,residential,403,2330.5,84
77.14510870000001,28.7696732,residential,508,11744.2,84
77.1770789,28.7278267,residential,668,7871.6,85
